Region,crop type,Year,Area cultivated(Ha),Production(kg),Yeild (kg/ha),Year_Since_Start,Decade,Is_Recent,Region_Code,Region_Avg_Yield,Region_Growth_Rate,Crop_Code,Crop_Avg_Yield,Crop_Trend,Yield_to_Production_Ratio,Area_Missing_Flag,Region_Crop,Region_Year,Crop_Year,Area_Filled,Yield_Growth_Rate,Production_Growth_Rate,Area_Efficiency,Regional_Avg_Yield,Yield_Anomaly,Rolling_Yield_Trend,Yield_Stability,Production_Area_Ratio,Early_Warning_Score,Risk_Level
Tigray,Barely,1996,87350.0,81711000,935,0,1990,0,9,1323.2252747252746,0.3433343745376231,0,726.1538461538462,0.050681203459444796,87391.44385026737,0,Tigray_Barely,Tigray_1996,Barely_1996,87350.0,0.0,0.0,935.4436176302232,1323.2252747252746,-388.22527472527463,935.0,0.0,935.4436176302232,-388.22527472527463,1
Afar,Barely,1996,58318.95,0,0,0,1990,0,0,454.0164835164835,-1.0,0,726.1538461538462,0.050681203459444796,64289.84447004608,1,Afar_Barely,Afar_1996,Barely_1996,194.11333333333332,-1.0,-1.0,0.0,425.4088397790055,-425.4088397790055,467.5,661.1448404094219,0.0,-427.4088397790055,2
Amhara,Barely,1996,295850.0,250946000,848,0,1990,0,1,1654.5824175824175,-0.637926880119351,0,726.1538461538462,inf,295926.88679245283,0,Amhara_Barely,Amhara_1996,Barely_1996,295850.0,inf,inf,848.2203819503127,1625.4222222222222,-777.4222222222222,594.3333333333334,516.5426732936335,848.2203819503127,inf,1
Oromia,Barely,1996,384670.0,477066000,1240,0,1990,0,6,1857.7087912087911,-0.430539623348703,0,726.1538461538462,-0.262051081674088,384730.6451612903,0,Oromiya_Barely,Oromiya_1996,Barely_1996,384670.0,0.46226415094339623,0.9010703497963706,1240.1954922401019,1817.2122905027934,-577.2122905027934,696.0,633.8201637688722,1240.1954922401019,-575.8489560020537,1
Somali,Barely,1996,4230.0,1728000,409,0,1990,0,8,549.7857142857143,inf,0,726.1538461538462,-0.99860638332681,4224.938875305624,0,Somalia_Barely,Somalia_1996,Barely_1996,4230.0,-0.6701612903225806,-0.9963778596672158,408.51063829787233,549.7857142857143,-140.78571428571433,832.3333333333334,415.72146123736906,408.51063829787233,-142.45225343570414,1
Benishangul Gumuz,Barely,1996,58318.95,0,0,0,1990,0,2,1183.4835164835165,-1.0,0,726.1538461538462,0.050681203459444796,64289.84447004608,1,Benushangul Gumuz_Barely,Benushangul Gumuz_1996,Barely_1996,928.440625,-1.0,-1.0,0.0,1148.8333333333333,-1148.8333333333333,549.6666666666666,631.8546773850245,0.0,-1150.8333333333333,2
SNNPR,Barely,1996,52320.0,60167000,1150,0,1990,0,7,1521.2747252747254,-0.574391477501821,0,726.1538461538462,inf,52319.13043478261,0,S.N.N.P.R_Barely,S.N.N.P.R_1996,Barely_1996,52320.0,inf,inf,1149.980886850153,1491.7666666666667,-341.76666666666665,519.6666666666666,582.9325289716927,1149.980886850153,inf,1
Gambela,Barely,1996,58318.95,0,0,0,1990,0,4,485.2197802197802,-0.1133742964865565,0,726.1538461538462,-1.0,64289.84447004608,1,Gambela_Barely,Gambela_1996,Barely_1996,18.165,-1.0,-1.0,0.0,462.8839779005525,-462.8839779005525,383.3333333333333,663.9528095680696,0.0,-464.8839779005525,2
Harari,Barely,1996,58318.95,0,0,0,1990,0,5,12684.181318681318,-0.1133742964865565,0,726.1538461538462,0.050681203459444796,64289.84447004608,1,Harari_Barely,Harari_1996,Barely_1996,29.570909090909087,0.0,0.0,0.0,536.2277777777778,-536.2277777777778,383.3333333333333,663.9528095680697,0.0,-536.2277777777778,1
Dire Dawa,Barely,1996,58318.95,0,0,0,1990,0,3,361.5824175824176,-0.1133742964865565,0,726.1538461538462,-1.0,64289.84447004608,1,DIRE DAWA_Barely,DIRE DAWA_1996,Barely_1996,21.65,0.0,0.0,0.0,361.5824175824176,-361.5824175824176,0.0,0.0,0.0,-361.5824175824176,1
Tigray,Barely,1997,55540.0,57987000,1044,1,1990,0,9,1323.2252747252746,-0.254042580562166,0,726.1538461538462,-0.290340345853067,55543.10344827586,0,Tigray_Barely,Tigray_1997,Barely_1997,55540.0,inf,inf,1044.0583363341736,1323.2252747252746,-279.22527472527463,348.0,602.7536810339693,1044.0583363341736,inf,1
Afar,Barely,1997,58318.95,0,0,1,1990,0,0,454.0164835164835,-0.1133742964865565,0,726.1538461538462,0.050681203459444796,64289.84447004608,1,Afar_Barely,Afar_1997,Barely_1997,194.11333333333332,-1.0,-1.0,0.0,425.4088397790055,-425.4088397790055,348.0,602.7536810339693,0.0,-427.4088397790055,2
Amhara,Barely,1997,244010.0,233731000,958,1,1990,0,1,1654.5824175824175,2.1132585646544837,0,726.1538461538462,-0.0686004160257585,243978.07933194155,0,Amhara_Barely,Amhara_1997,Barely_1997,244010.0,inf,inf,957.8746772673251,1625.4222222222222,-667.4222222222222,667.3333333333334,579.5250929281088,957.8746772673251,inf,1
Oromia,Barely,1997,343640.0,389282000,1133,1,1990,0,6,1857.7087912087911,-0.59146582710219,0,726.1538461538462,-0.184008082739075,343585.1721094439,0,Oromiya_Barely,Oromiya_1997,Barely_1997,343640.0,0.18267223382045938,0.6655129186971347,1132.8192294261437,1817.2122905027934,-684.2122905027934,697.0,609.9286843558023,1132.8192294261437,-683.3641053502758,1
Somali,Barely,1997,4220.0,2573000,610,1,1990,0,8,549.7857142857143,inf,0,726.1538461538462,0.4890046296296295,4218.0327868852455,0,Somalia_Barely,Somalia_1997,Barely_1997,4220.0,-0.46160635481023826,-0.9933903956514815,609.7156398104265,549.7857142857143,60.214285714285666,900.3333333333334,266.2260943884599,609.7156398104265,58.75928896382395,0
Benishangul Gumuz,Barely,1997,58318.95,0,0,1,1990,0,2,1183.4835164835165,-1.0,0,726.1538461538462,0.050681203459444796,64289.84447004608,1,Benushangul Gumuz_Barely,Benushangul Gumuz_1997,Barely_1997,928.440625,-1.0,-1.0,0.0,1148.8333333333333,-1148.8333333333333,581.0,567.0564345812505,0.0,-1150.8333333333333,2
SNNPR,Barely,1997,48550.0,57469000,1184,1,1990,0,7,1521.2747252747254,-0.701379073827735,0,726.1538461538462,-0.044841856831818,48538.00675675676,0,S.N.N.P.R_Barely,S.N.N.P.R_1997,Barely_1997,48550.0,inf,inf,1183.707518022657,1491.7666666666667,-307.76666666666665,598.0,592.0912091899355,1183.707518022657,inf,1
Gambela,Barely,1997,58318.95,0,0,1,1990,0,4,485.2197802197802,-0.1133742964865565,0,726.1538461538462,0.050681203459444796,64289.84447004608,1,Gambela_Barely,Gambela_1997,Barely_1997,18.165,-1.0,-1.0,0.0,462.8839779005525,-462.8839779005525,394.6666666666667,683.582718720517,0.0,-464.8839779005525,2
Harari,Barely,1997,58318.95,0,0,1,1990,0,5,12684.181318681318,-0.1133742964865565,0,726.1538461538462,0.050681203459444796,64289.84447004608,1,Harari_Barely,Harari_1997,Barely_1997,29.570909090909087,0.0,0.0,0.0,536.2277777777778,-536.2277777777778,394.6666666666667,683.582718720517,0.0,-536.2277777777778,1
Dire Dawa,Barely,1997,58318.95,0,0,1,1990,0,3,361.5824175824176,-0.1133742964865565,0,726.1538461538462,0.050681203459444796,64289.84447004608,1,DIRE DAWA_Barely,DIRE DAWA_1997,Barely_1997,21.65,0.0,0.0,0.0,361.5824175824176,-361.5824175824176,0.0,0.0,0.0,-361.5824175824176,1
Tigray,Barely,1998,52930.0,41914000,792,2,1990,0,9,1323.2252747252746,-0.401031767580776,0,726.1538461538462,-0.277182816838256,52921.71717171717,0,Tigray_Barely,Tigray_1998,Barely_1998,52930.0,inf,inf,791.8760627243529,1323.2252747252746,-531.2252747252746,264.0,457.26141319818385,791.8760627243529,inf,1
Afar,Barely,1998,58318.95,0,0,2,1990,0,0,454.0164835164835,-1.0,0,726.1538461538462,0.050681203459444796,64289.84447004608,1,Afar_Barely,Afar_1998,Barely_1998,194.11333333333332,-1.0,-1.0,0.0,425.4088397790055,-425.4088397790055,264.0,457.26141319818385,0.0,-427.4088397790055,2
Amhara,Barely,1998,220710.0,211264000,957,2,1990,0,1,1654.5824175824175,-0.592938701112528,0,726.1538461538462,-0.09612332125392,220756.53082549636,0,Amhara_Barely,Amhara_1998,Barely_1998,220710.0,inf,inf,957.2017579629378,1625.4222222222222,-668.4222222222222,583.0,511.58870198627335,957.2017579629378,inf,1
Oromia,Barely,1998,352590.0,479665000,1360,2,1990,0,6,1857.7087912087911,-0.210069101353042,0,726.1538461538462,0.2321787290447541,352694.85294117645,0,Oromiya_Barely,Oromiya_1998,Barely_1998,352590.0,0.42110762800417967,1.270453082399273,1360.4044357469015,1817.2122905027934,-457.2122905027934,772.3333333333334,698.5530282901458,1360.4044357469015,-455.52072979238994,1
Somali,Barely,1998,4190.0,1595000,381,2,1990,0,8,549.7857142857143,inf,0,726.1538461538462,-0.380101049358725,4186.351706036746,0,Somalia_Barely,Somalia_1998,Barely_1998,4190.0,-0.7198529411764706,-0.9966747625947275,380.66825775656326,549.7857142857143,-168.78571428571433,899.3333333333334,492.0409874526036,380.66825775656326,-170.50224198948553,2
Benishangul Gumuz,Barely,1998,58318.95,0,0,2,1990,0,2,1183.4835164835165,-1.0,0,726.1538461538462,0.050681203459444796,64289.84447004608,1,Benushangul Gumuz_Barely,Benushangul Gumuz_1998,Barely_1998,928.440625,-1.0,-1.0,0.0,1148.8333333333333,-1148.8333333333333,580.3333333333334,701.5699062341067,0.0,-1150.8333333333333,2
SNNPR,Barely,1998,49970.0,50575000,1012,2,1990,0,7,1521.2747252747254,-0.423745228735828,0,726.1538461538462,-0.119960326436861,49975.296442687744,0,S.N.N.P.R_Barely,S.N.N.P.R_1998,Barely_1998,49970.0,inf,inf,1012.1072643586152,1491.7666666666667,-479.76666666666665,464.3333333333333,511.12066416193096,1012.1072643586152,inf,1
Gambela,Barely,1998,58318.95,0,0,2,1990,0,4,485.2197802197802,-0.1133742964865565,0,726.1538461538462,0.050681203459444796,64289.84447004608,1,Gambela_Barely,Gambela_1998,Barely_1998,18.165,-1.0,-1.0,0.0,462.8839779005525,-462.8839779005525,337.3333333333333,584.2784724199014,0.0,-464.8839779005525,2
Harari,Barely,1998,58318.95,0,0,2,1990,0,5,12684.181318681318,-0.1133742964865565,0,726.1538461538462,0.050681203459444796,64289.84447004608,1,Harari_Barely,Harari_1998,Barely_1998,29.570909090909087,0.0,0.0,0.0,536.2277777777778,-536.2277777777778,337.3333333333333,584.2784724199014,0.0,-536.2277777777778,1
Dire Dawa,Barely,1998,58318.95,0,0,2,1990,0,3,361.5824175824176,-0.1133742964865565,0,726.1538461538462,0.050681203459444796,64289.84447004608,1,DIRE DAWA_Barely,DIRE DAWA_1998,Barely_1998,21.65,0.0,0.0,0.0,361.5824175824176,-361.5824175824176,0.0,0.0,0.0,-361.5824175824176,1
Tigray,Barely,1999,78400.0,84442000,1077,3,1990,0,9,1323.2252747252746,-0.252778564349426,0,726.1538461538462,1.014649043279095,78404.82822655524,0,Tigray_Barely,Tigray_1999,Barely_1999,78400.0,inf,inf,1077.0663265306123,1323.2252747252746,-246.22527472527463,359.0,621.806239917227,1077.0663265306123,inf,1
Afar,Barely,1999,58318.95,0,0,3,1990,0,0,454.0164835164835,-1.0,0,726.1538461538462,0.050681203459444796,64289.84447004608,1,Afar_Barely,Afar_1999,Barely_1999,194.11333333333332,-1.0,-1.0,0.0,425.4088397790055,-425.4088397790055,359.0,621.806239917227,0.0,-427.4088397790055,2
Amhara,Barely,1999,262620.0,202476000,771,3,1990,0,1,1654.5824175824175,-0.725671642195483,0,726.1538461538462,-0.0415972432596183,262614.7859922179,0,Amhara_Barely,Amhara_1999,Barely_1999,262620.0,inf,inf,770.9846927119031,1625.4222222222222,-854.4222222222222,616.0,554.9783779571958,770.9846927119031,inf,1
Oromia,Barely,1999,383450.0,385697000,1006,3,1990,0,6,1857.7087912087911,-0.428335341660108,0,726.1538461538462,-0.195903390908238,383396.62027833,0,Oromiya_Barely,Oromiya_1999,Barely_1999,383450.0,0.30479896238651105,0.9049023094095103,1005.8599556656669,1817.2122905027934,-811.2122905027934,592.3333333333334,526.260708521293,1005.8599556656669,-810.0025892309974,1
Somali,Barely,1999,58318.95,3014000,0,3,1990,0,8,549.7857142857143,inf,0,726.1538461538462,0.8896551724137931,inf,1,Somalia_Barely,Somalia_1999,Barely_1999,3861.001666666667,-1.0,-0.9921855757239492,51.681314564133956,549.7857142857143,-549.7857142857143,592.3333333333334,526.260708521293,51.681314564133956,-551.7778998614383,2
Benishangul Gumuz,Barely,1999,58318.95,0,0,3,1990,0,2,1183.4835164835165,-1.0,0,726.1538461538462,0.050681203459444796,64289.84447004608,1,Benushangul Gumuz_Barely,Benushangul Gumuz_1999,Barely_1999,928.440625,0.0,-1.0,0.0,1148.8333333333333,-1148.8333333333333,335.3333333333333,580.8143708047636,0.0,-1149.8333333333333,1
SNNPR,Barely,1999,58318.95,91094000,923,3,1990,0,7,1521.2747252747254,-0.067910898282019,0,726.1538461538462,0.8011665842807711,98693.39111592632,1,S.N.N.P.R_Barely,S.N.N.P.R_1999,Barely_1999,76032.3024,inf,inf,1561.9965722976838,1491.7666666666667,-568.7666666666667,307.6666666666667,532.8942984620247,1561.9965722976838,inf,1
Gambela,Barely,1999,58318.95,0,0,3,1990,0,4,485.2197802197802,-0.1133742964865565,0,726.1538461538462,0.050681203459444796,64289.84447004608,1,Gambela_Barely,Gambela_1999,Barely_1999,18.165,-1.0,-1.0,0.0,462.8839779005525,-462.8839779005525,307.6666666666667,532.8942984620247,0.0,-464.8839779005525,2
Harari,Barely,1999,20.0,0,0,3,1990,0,5,12684.181318681318,-0.1133742964865565,0,726.1538461538462,0.050681203459444796,64289.84447004608,0,Harari_Barely,Harari_1999,Barely_1999,20.0,0.0,0.0,0.0,536.2277777777778,-536.2277777777778,307.6666666666667,532.8942984620247,0.0,-536.2277777777778,1
Dire Dawa,Barely,1999,58318.95,0,0,3,1990,0,3,361.5824175824176,-0.1133742964865565,0,726.1538461538462,0.050681203459444796,64289.84447004608,1,DIRE DAWA_Barely,DIRE DAWA_1999,Barely_1999,21.65,0.0,0.0,0.0,361.5824175824176,-361.5824175824176,0.0,0.0,0.0,-361.5824175824176,1
Tigray,Barely,2000,77900.0,81273000,1043,4,2000,0,9,1323.2252747252746,-0.295971933471933,0,726.1538461538462,-0.0375287179365718,77922.33940556088,0,Tigray_Barely,Tigray_2000,Barely_2000,77900.0,inf,inf,1043.2991014120666,1323.2252747252746,-280.22527472527463,347.6666666666667,602.1763307647798,1043.2991014120666,inf,1
Afar,Barely,2000,58318.95,0,0,4,2000,0,0,454.0164835164835,-1.0,0,726.1538461538462,0.050681203459444796,64289.84447004608,1,Afar_Barely,Afar_2000,Barely_2000,194.11333333333332,-1.0,-1.0,0.0,425.4088397790055,-425.4088397790055,347.6666666666667,602.1763307647798,0.0,-427.4088397790055,2
Amhara,Barely,2000,268160.0,199747000,745,4,2000,0,1,1654.5824175824175,-0.726911171995909,0,726.1538461538462,-0.0134781406191351,268116.77852348995,0,Amhara_Barely,Amhara_2000,Barely_2000,268160.0,inf,inf,744.8799224343676,1625.4222222222222,-880.4222222222222,596.0,537.2271400441344,744.8799224343676,inf,1
Oromia,Barely,2000,385760.0,398704000,1034,4,2000,0,6,1857.7087912087911,-0.462900496815423,0,726.1538461538462,0.0337233631581266,385593.8104448743,0,Oromiya_Barely,Oromiya_2000,Barely_2000,385760.0,0.38791946308724823,0.9960449969211052,1033.5545416839486,1817.2122905027934,-783.2122905027934,593.0,533.4950796399157,1033.5545416839486,-781.8283260427851,1
Somali,Barely,2000,3630.0,2419000,666,4,2000,0,8,549.7857142857143,inf,0,726.1538461538462,-0.19741207697412,3632.132132132132,0,Somalia_Barely,Somalia_2000,Barely_2000,3630.0,-0.3558994197292069,-0.9939328424094065,666.3911845730028,549.7857142857143,116.21428571428567,815.0,193.72919243108385,666.3911845730028,114.86445345214705,0
Benishangul Gumuz,Barely,2000,58318.95,0,0,4,2000,0,2,1183.4835164835165,-1.0,0,726.1538461538462,0.050681203459444796,64289.84447004608,1,Benushangul Gumuz_Barely,Benushangul Gumuz_2000,Barely_2000,928.440625,-1.0,-1.0,0.0,1148.8333333333333,-1148.8333333333333,566.6666666666666,524.1081313367818,0.0,-1150.8333333333333,2
SNNPR,Barely,2000,5730.0,57877000,1020,4,2000,0,7,1521.2747252747254,-0.447912393998073,0,726.1538461538462,-0.364645311436538,56742.1568627451,0,S.N.N.P.R_Barely,S.N.N.P.R_2000,Barely_2000,5730.0,inf,inf,10100.698080279231,1491.7666666666667,-471.76666666666665,562.0,517.8918806082984,10100.698080279231,inf,1
Gambela,Barely,2000,58318.95,0,0,4,2000,0,4,485.2197802197802,-0.1133742964865565,0,726.1538461538462,0.050681203459444796,64289.84447004608,1,Gambela_Barely,Gambela_2000,Barely_2000,18.165,-1.0,-1.0,0.0,462.8839779005525,-462.8839779005525,340.0,588.8972745734184,0.0,-464.8839779005525,2
Harari,Barely,2000,30.0,0,0,4,2000,0,5,12684.181318681318,-0.1133742964865565,0,726.1538461538462,0.050681203459444796,64289.84447004608,0,Harari_Barely,Harari_2000,Barely_2000,30.0,0.0,0.0,0.0,536.2277777777778,-536.2277777777778,340.0,588.8972745734184,0.0,-536.2277777777778,1
Dire Dawa,Barely,2000,58318.95,0,0,4,2000,0,3,361.5824175824176,-0.1133742964865565,0,726.1538461538462,0.050681203459444796,64289.84447004608,1,DIRE DAWA_Barely,DIRE DAWA_2000,Barely_2000,21.65,0.0,0.0,0.0,361.5824175824176,-361.5824175824176,0.0,0.0,0.0,-361.5824175824176,1
Tigray,Barely,2001,65360.0,57253000,876,5,2000,0,9,1323.2252747252746,-0.453697960897319,0,726.1538461538462,-0.29554710666519,65357.30593607306,0,Tigray_Barely,Tigray_2001,Barely_2001,65360.0,inf,inf,875.9638922888616,1323.2252747252746,-447.22527472527463,292.0,505.75883581011226,875.9638922888616,inf,1
Afar,Barely,2001,58318.95,0,0,5,2000,0,0,454.0164835164835,-0.1133742964865565,0,726.1538461538462,0.050681203459444796,64289.84447004608,1,Afar_Barely,Afar_2001,Barely_2001,194.11333333333332,-1.0,-1.0,0.0,425.4088397790055,-425.4088397790055,292.0,505.75883581011226,0.0,-427.4088397790055,2
Amhara,Barely,2001,287870.0,248852000,864,5,2000,0,1,1654.5824175824175,-0.67619994378923,0,726.1538461538462,0.245835982517885,288023.14814814815,0,Amhara_Barely,Amhara_2001,Barely_2001,287870.0,inf,inf,864.4596519262167,1625.4222222222222,-761.4222222222222,580.0,502.3305684506966,864.4596519262167,inf,1
Oromia,Barely,2001,397640.0,513246000,1291,5,2000,0,6,1857.7087912087911,-0.295048890268508,0,726.1538461538462,0.2872858060114771,397556.93261037953,0,Oromiya_Barely,Oromiya_2001,Barely_2001,397640.0,0.494212962962963,1.0624547924067316,1290.7303088220501,1817.2122905027934,-526.2122905027934,718.3333333333334,657.7114362190559,1290.7303088220501,-524.6556227474236,1
Somali,Barely,2001,3220.0,1946000,604,5,2000,0,8,549.7857142857143,inf,0,726.1538461538462,-0.19553534518396,3221.8543046357618,0,Somalia_Barely,Somalia_2001,Barely_2001,3220.0,-0.5321456235476375,-0.9962084458524763,604.3478260869565,549.7857142857143,54.214285714285666,919.6666666666666,346.86644884354723,604.3478260869565,52.68593164488555,0
Benishangul Gumuz,Barely,2001,58318.95,0,0,5,2000,0,2,1183.4835164835165,-1.0,0,726.1538461538462,0.050681203459444796,64289.84447004608,1,Benushangul Gumuz_Barely,Benushangul Gumuz_2001,Barely_2001,928.440625,-1.0,-1.0,0.0,1148.8333333333333,-1148.8333333333333,631.6666666666666,645.9445280620722,0.0,-1150.8333333333333,2
SNNPR,Barely,2001,118410.0,123128000,1040,5,2000,0,7,1521.2747252747254,0.0205979625838217,0,726.1538461538462,1.1274081241253002,118392.30769230767,0,S.N.N.P.R_Barely,S.N.N.P.R_2001,Barely_2001,118410.0,inf,inf,1039.8446077189426,1491.7666666666667,-451.76666666666665,548.0,522.2566418917044,1039.8446077189426,inf,1
Gambela,Barely,2001,58318.95,0,0,5,2000,0,4,485.2197802197802,-0.1133742964865565,0,726.1538461538462,0.050681203459444796,64289.84447004608,1,Gambela_Barely,Gambela_2001,Barely_2001,18.165,-1.0,-1.0,0.0,462.8839779005525,-462.8839779005525,346.6666666666667,600.4442799572108,0.0,-464.8839779005525,2
Harari,Barely,2001,60.0,57000,950,5,2000,0,5,12684.181318681318,inf,0,726.1538461538462,inf,60.0,0,Harari_Barely,Harari_2001,Barely_2001,60.0,inf,inf,950.0,536.2277777777778,413.77222222222224,663.3333333333334,576.2233363317848,950.0,inf,0
Dire Dawa,Barely,2001,58318.95,0,0,5,2000,0,3,361.5824175824176,-0.1133742964865565,0,726.1538461538462,0.050681203459444796,64289.84447004608,1,DIRE DAWA_Barely,DIRE DAWA_2001,Barely_2001,21.65,-1.0,-1.0,0.0,361.5824175824176,-361.5824175824176,316.6666666666667,548.4827557301445,0.0,-363.5824175824176,2
Tigray,Barely,2002,53237.55,58908878,1107,6,2000,0,9,1323.2252747252746,-0.427235216789182,0,726.1538461538462,0.0289221176182907,53214.885275519424,0,Tigray_Barely,Tigray_2002,Barely_2002,53237.55,inf,inf,1106.5287189211374,1323.2252747252746,-216.22527472527463,685.6666666666666,598.9710621835859,1106.5287189211374,inf,1
Afar,Barely,2002,21.41,15983,747,6,2000,0,0,454.0164835164835,-0.95344508687357,0,726.1538461538462,inf,21.39625167336011,0,Afar_Barely,Afar_2002,Barely_2002,21.41,-0.3252032520325203,-0.9997286826613808,746.5203176085942,425.4088397790055,321.5911602209945,618.0,564.6618457094474,746.5203176085942,320.2662282863006,0
Amhara,Barely,2002,274628.32,312728240,1139,6,2000,0,1,1654.5824175824175,-0.551515657014545,0,726.1538461538462,0.2566836513268931,274563.8630377524,0,Amhara_Barely,Amhara_2002,Barely_2002,274628.32,0.5247657295850068,19565.304198210597,1138.7326696678624,1625.4222222222222,-486.4222222222222,997.6666666666666,217.6725369295196,1138.7326696678624,19079.406741717958,1
Oromia,Barely,2002,367426.19,477339538,1299,6,2000,0,6,1857.7087912087911,5.6924467111977775,0,726.1538461538462,-0.0699595554568374,367466.9268668206,0,Oromiya_Barely,Oromiya_2002,Barely_2002,367426.19,0.14047410008779626,0.5263717085479713,1299.1440212794848,1817.2122905027934,-518.2122905027934,1061.6666666666667,284.00938951614444,1299.1440212794848,-517.5454446941576,1
Somali,Barely,2002,6511.81,5772128,886,6,2000,0,8,549.7857142857143,inf,0,726.1538461538462,1.9661500513874608,6514.817155756207,0,Somalia_Barely,Somalia_2002,Barely_2002,6511.81,-0.31793687451886066,-0.9879077102555037,886.409155058271,549.7857142857143,336.21428571428567,1108.0,208.2378447833143,886.409155058271,334.9084411295113,0
Benishangul Gumuz,Barely,2002,1047.11,1044418,997,6,2000,0,2,1183.4835164835165,-0.862448656197632,0,726.1538461538462,inf,1047.5606820461385,0,Benushangul Gumuz_Barely,Benushangul Gumuz_2002,Barely_2002,1047.11,0.12528216704288941,-0.8190584131190438,997.4291144196885,1148.8333333333333,-151.83333333333326,1060.6666666666667,213.73425867963476,997.4291144196885,-152.5271095794094,1
SNNPR,Barely,2002,68463.31,75973303,1110,6,2000,0,7,1521.2747252747254,-0.232256697218126,0,726.1538461538462,-0.382972979338574,68444.41711711712,0,S.N.N.P.R_Barely,S.N.N.P.R_2002,Barely_2002,68463.31,0.11334002006018062,71.74223826092619,1109.6936884880383,1491.7666666666667,-381.76666666666665,997.6666666666666,112.0014880853511,1109.6936884880383,-309.9110883856803,1
Gambela,Barely,2002,9.41,2121,225,6,2000,0,4,485.2197802197802,inf,0,726.1538461538462,inf,9.426666666666666,0,Gambela_Barely,Gambela_2002,Barely_2002,9.41,-0.7972972972972973,-0.9999720822984358,225.39851222104144,462.8839779005525,-237.8839779005525,777.3333333333334,481.65997688549237,225.39851222104144,-239.68124728014826,2
Harari,Barely,2002,18.04,0,0,6,2000,0,5,12684.181318681318,-0.1133742964865565,0,726.1538461538462,-1.0,64289.84447004608,0,Harari_Barely,Harari_2002,Barely_2002,18.04,-1.0,-1.0,0.0,536.2277777777778,-536.2277777777778,445.0,586.7921267365468,0.0,-538.2277777777778,2
Dire Dawa,Barely,2002,58318.95,0,0,6,2000,0,3,361.5824175824176,-0.1133742964865565,0,726.1538461538462,0.050681203459444796,64289.84447004608,1,DIRE DAWA_Barely,DIRE DAWA_2002,Barely_2002,21.65,0.0,0.0,0.0,361.5824175824176,-361.5824175824176,75.0,129.90381056766373,0.0,-361.5824175824176,1
Tigray,Barely,2004,76521.0,82077000,1073,8,2000,0,9,1323.2252747252746,-0.21649730565645,0,726.1538461538462,0.3932874430234439,76493.01025163094,0,Tigray_Barely,Tigray_2004,Barely_2004,76521.0,inf,inf,1072.6075195044498,1323.2252747252746,-250.22527472527463,357.6666666666667,619.4968388404681,1072.6075195044498,inf,1
Afar,Barely,2004,58318.95,0,0,8,2000,0,0,454.0164835164835,-1.0,0,726.1538461538462,-1.0,64289.84447004608,1,Afar_Barely,Afar_2004,Barely_2004,194.11333333333332,-1.0,-1.0,0.0,425.4088397790055,-425.4088397790055,357.6666666666667,619.4968388404682,0.0,-427.4088397790055,2
Amhara,Barely,2004,357174.0,367108600,1028,8,2000,0,1,1654.5824175824175,-0.49739220985759,0,726.1538461538462,0.1738901482002393,357109.53307392995,0,Amhara_Barely,Amhara_2004,Barely_2004,357174.0,inf,inf,1027.8144545795606,1625.4222222222222,-597.4222222222222,700.3333333333334,606.9236635140642,1027.8144545795606,inf,1
Oromia,Barely,2004,412329.0,549074700,1332,8,2000,0,6,1857.7087912087911,-0.220568651958853,0,726.1538461538462,0.1502812071687218,412218.24324324325,0,Oromiya_Barely,Oromiya_2004,Barely_2004,412329.0,0.2957198443579767,0.4956737597539256,1331.6422080426069,1817.2122905027934,-485.2122905027934,786.6666666666666,698.02387733754,1331.6422080426069,-484.4208968986815,1
Somali,Barely,2004,4012.0,4192500,1045,8,2000,0,8,549.7857142857143,inf,0,726.1538461538462,-0.273664755875129,4011.9617224880394,0,Somalia_Barely,Somalia_2004,Barely_2004,4012.0,-0.2154654654654654,-0.9923644269167747,1044.9900299102692,549.7857142857143,495.21428571428567,1135.0,170.81861725233463,1044.9900299102692,494.00645582190344,0
Benishangul Gumuz,Barely,2004,58318.95,0,0,8,2000,0,2,1183.4835164835165,-1.0,0,726.1538461538462,-1.0,64289.84447004608,1,Benushangul Gumuz_Barely,Benushangul Gumuz_2004,Barely_2004,928.440625,-1.0,-1.0,0.0,1148.8333333333333,-1148.8333333333333,792.3333333333334,701.025201639237,0.0,-1150.8333333333333,2
SNNPR,Barely,2004,68863.0,76177800,1106,8,2000,0,7,1521.2747252747254,-0.362672335683431,0,726.1538461538462,0.0026916955288887,68876.85352622061,0,S.N.N.P.R_Barely,S.N.N.P.R_2004,Barely_2004,68863.0,inf,inf,1106.2224997458723,1491.7666666666667,-385.76666666666665,717.0,621.6888289168461,1106.2224997458723,inf,1
Gambela,Barely,2004,58318.95,0,0,8,2000,0,4,485.2197802197802,-0.1133742964865565,0,726.1538461538462,-1.0,64289.84447004608,1,Gambela_Barely,Gambela_2004,Barely_2004,18.165,-1.0,-1.0,0.0,462.8839779005525,-462.8839779005525,368.6666666666667,638.5493977237256,0.0,-464.8839779005525,2
Harari,Barely,2004,58318.95,0,0,8,2000,0,5,12684.181318681318,-0.1133742964865565,0,726.1538461538462,0.050681203459444796,64289.84447004608,1,Harari_Barely,Harari_2004,Barely_2004,29.570909090909087,0.0,0.0,0.0,536.2277777777778,-536.2277777777778,368.6666666666667,638.5493977237256,0.0,-536.2277777777778,1
Dire Dawa,Barely,2004,58318.95,0,0,8,2000,0,3,361.5824175824176,-0.1133742964865565,0,726.1538461538462,0.050681203459444796,64289.84447004608,1,DIRE DAWA_Barely,DIRE DAWA_2004,Barely_2004,21.65,0.0,0.0,0.0,361.5824175824176,-361.5824175824176,0.0,0.0,0.0,-361.5824175824176,1
Tigray,Barely,2005,95453.0,77779500,815,9,2000,0,9,1323.2252747252746,-0.117911234852823,0,726.1538461538462,-0.0523593698600095,95434.96932515338,0,Tigray_Barely,Tigray_2005,Barely_2005,95453.0,inf,inf,814.8460498884268,1323.2252747252746,-508.22527472527463,271.6666666666667,470.5404693895444,814.8460498884268,inf,1
Afar,Barely,2005,59.0,20300,343,9,2000,0,0,454.0164835164835,-0.975225774957285,0,726.1538461538462,inf,59.18367346938776,0,Afar_Barely,Afar_2005,Barely_2005,59.0,-0.5791411042944785,-0.9997390057791578,344.06779661016947,425.4088397790055,-82.40883977900552,386.0,409.1979960850242,344.06779661016947,-83.98771988907916,1
Amhara,Barely,2005,375912.0,398965200,1061,9,2000,0,1,1654.5824175824175,-0.509660771185301,0,726.1538461538462,0.0867770463563097,376027.521206409,0,Amhara_Barely,Amhara_2005,Barely_2005,375912.0,2.0932944606413995,19652.45812807882,1061.326055034157,1625.4222222222222,-564.4222222222222,739.6666666666666,364.8798889132326,1061.326055034157,19090.12920031724,1
Oromia,Barely,2005,532141.0,747348200,1404,9,2000,0,6,1857.7087912087911,-0.209228396149223,0,726.1538461538462,0.3611047822819009,532299.2877492878,0,Oromiya_Barely,Oromiya_2005,Barely_2005,532141.0,0.32327992459943444,0.8732165111142525,1404.4176261554737,1817.2122905027934,-413.2122905027934,936.0,541.4323595796614,1404.4176261554737,-412.0157940670797,1
Somali,Barely,2005,5706.0,3899200,683,9,2000,0,8,549.7857142857143,inf,0,726.1538461538462,-0.0699582587954681,5708.931185944363,0,Somalia_Barely,Somalia_2005,Barely_2005,5706.0,-0.5135327635327636,-0.9947826194001671,683.3508587451805,549.7857142857143,133.21428571428567,1049.3333333333333,360.64155796764896,683.3508587451805,131.70597033135275,0
Benishangul Gumuz,Barely,2005,975.0,806000,827,9,2000,0,2,1183.4835164835165,-0.931067512785864,0,726.1538461538462,inf,974.6070133010884,0,Benushangul Gumuz_Barely,Benushangul Gumuz_2005,Barely_2005,975.0,0.2108345534407028,-0.7932909314731227,826.6666666666666,1148.8333333333333,-321.83333333333326,971.3333333333334,381.555151103131,826.6666666666666,-322.4157897113657,1
SNNPR,Barely,2005,84936.0,9834700,1165,9,2000,0,7,1521.2747252747254,-0.939629528230425,0,726.1538461538462,-0.870898083168587,8441.802575107296,0,S.N.N.P.R_Barely,S.N.N.P.R_2005,Barely_2005,84936.0,0.4087061668681984,11.201861042183623,115.78953565037204,1491.7666666666667,-326.76666666666665,891.6666666666666,247.4213679804821,115.78953565037204,-315.15609945761486,1
Gambela,Barely,2005,58318.95,0,0,9,2000,0,4,485.2197802197802,-0.1133742964865565,0,726.1538461538462,0.050681203459444796,64289.84447004608,1,Gambela_Barely,Gambela_2005,Barely_2005,18.165,-1.0,-1.0,0.0,462.8839779005525,-462.8839779005525,664.0,599.3604925251578,0.0,-464.8839779005525,2
Harari,Barely,2005,36.0,18400,510,9,2000,0,5,12684.181318681318,inf,0,726.1538461538462,inf,36.07843137254902,0,Harari_Barely,Harari_2005,Barely_2005,36.0,inf,inf,511.1111111111111,536.2277777777778,-26.22777777777776,558.3333333333334,584.001997713478,511.1111111111111,inf,1
Dire Dawa,Barely,2005,58318.95,0,0,9,2000,0,3,361.5824175824176,-0.1133742964865565,0,726.1538461538462,0.050681203459444796,64289.84447004608,1,DIRE DAWA_Barely,DIRE DAWA_2005,Barely_2005,21.65,-1.0,-1.0,0.0,361.5824175824176,-361.5824175824176,170.0,294.44863728670884,0.0,-363.5824175824176,2
Tigray,Barely,2006,79107.68,87747333,1109,10,2000,0,9,1323.2252747252746,-0.294756090550958,0,726.1538461538462,0.1281550151389505,79122.93327321911,0,Tigray_Barely,Tigray_2006,Barely_2006,79107.68,inf,inf,1109.2138335999741,1323.2252747252746,-214.22527472527463,539.6666666666666,555.0948867836319,1109.2138335999741,inf,1
Afar,Barely,2006,501.93,22697,45,10,2000,0,0,454.0164835164835,-0.972242299277348,0,726.1538461538462,0.1180788177339902,504.3777777777778,0,Afar_Barely,Afar_2006,Barely_2006,501.93,-0.9594229035166817,-0.9997413368677541,45.219452911760605,425.4088397790055,-380.4088397790055,384.6666666666667,627.6944585810306,45.219452911760605,-382.36800401938996,2
Amhara,Barely,2006,318420.29,396468184,1245,10,2000,0,1,1654.5824175824175,-0.542091503950387,0,726.1538461538462,-0.00625873133797127,318448.340562249,0,Amhara_Barely,Amhara_2006,Barely_2006,318420.29,26.666666666666668,17466.867295237254,1245.109675642843,1625.4222222222222,-380.4222222222222,799.6666666666666,657.08852777486,1245.109675642843,17113.1117396817,1
Oromia,Barely,2006,514377.35,692957511,1347,10,2000,0,6,1857.7087912087911,-0.322259111170224,0,726.1538461538462,-0.0727782431268316,514445.0712694877,0,Oromiya_Barely,Oromiya_2006,Barely_2006,514377.35,0.08192771084337358,0.747826279548323,1347.1773416928254,1817.2122905027934,-470.2122905027934,879.0,724.063533123993,1347.1773416928254,-469.3825365124017,1
Somali,Barely,2006,2531.83,1124023,444,10,2000,0,8,549.7857142857143,inf,0,726.1538461538462,-0.711729842018875,2531.583333333333,0,Somalia_Barely,Somalia_2006,Barely_2006,2531.83,-0.6703786191536749,-0.9983779337374121,443.95674275129056,549.7857142857143,-105.78571428571433,1012.0,494.539179438798,443.95674275129056,-107.45447083860542,1
Benishangul Gumuz,Barely,2006,1107.79,1152814,1041,10,2000,0,2,1183.4835164835165,-0.913652809563988,0,726.1538461538462,0.4302903225806451,1107.410182516811,0,Benushangul Gumuz_Barely,Benushangul Gumuz_2006,Barely_2006,1107.79,1.3445945945945947,0.025614244548376686,1040.643082172614,1148.8333333333333,-107.83333333333326,944.0,459.2482988536808,1040.643082172614,-106.46312449419028,1
SNNPR,Barely,2006,81505.59,90939320,1116,10,2000,0,7,1521.2747252747254,-0.374876975673163,0,726.1538461538462,8.246781294803094,81486.8458781362,0,S.N.N.P.R_Barely,S.N.N.P.R_2006,Barely_2006,81505.59,0.07204610951008639,77.8846422753367,1115.7433496279214,1491.7666666666667,-375.76666666666665,867.0,368.24312620875867,1115.7433496279214,-297.8099782818199,1
Gambela,Barely,2006,58318.95,0,0,10,2000,0,4,485.2197802197802,-0.1133742964865565,0,726.1538461538462,0.050681203459444796,64289.84447004608,1,Gambela_Barely,Gambela_2006,Barely_2006,18.165,-1.0,-1.0,0.0,462.8839779005525,-462.8839779005525,719.0,623.8004488616531,0.0,-464.8839779005525,2
Harari,Barely,2006,54.68,59453,1087,10,2000,0,5,12684.181318681318,inf,0,726.1538461538462,2.231141304347826,54.69457221711132,0,Harari_Barely,Harari_2006,Barely_2006,54.68,inf,inf,1087.289685442575,536.2277777777778,550.7722222222222,734.3333333333334,636.1166035667778,1087.289685442575,inf,0
Dire Dawa,Barely,2006,21.65,17158,793,10,2000,0,3,361.5824175824176,inf,0,726.1538461538462,inf,21.636822194199244,0,DIRE DAWA_Barely,DIRE DAWA_2006,Barely_2006,21.65,-0.27046918123275066,-0.7114022841572334,792.5173210161663,361.5824175824176,431.4175824175824,626.6666666666666,562.2653584681642,792.5173210161663,430.43571095219244,0
Tigray,Barely,2007,101575.87,121058747,1192,11,2000,0,9,1323.2252747252746,-0.230688733770452,0,726.1538461538462,0.3796287916807681,101559.35151006712,0,Tigray_Barely,Tigray_2007,Barely_2007,101575.87,0.5031525851197982,7054.527858724793,1191.8061543553601,1323.2252747252746,-131.22527472527463,1024.0,206.8260138377172,1191.8061543553601,6923.805736584638,1
Afar,Barely,2007,58318.95,0,0,11,2000,0,0,454.0164835164835,-1.0,0,726.1538461538462,-1.0,64289.84447004608,1,Afar_Barely,Afar_2007,Barely_2007,194.11333333333332,-1.0,-1.0,0.0,425.4088397790055,-425.4088397790055,661.6666666666666,606.7555795650611,0.0,-427.4088397790055,2
Amhara,Barely,2007,351264.12,470231149,1339,11,2000,0,1,1654.5824175824175,-0.516226303981635,0,726.1538461538462,0.1860501497391276,351180.8431665422,0,Amhara_Barely,Amhara_2007,Barely_2007,351264.12,inf,inf,1338.6825531739478,1625.4222222222222,-286.4222222222222,843.6666666666666,734.3244060586118,1338.6825531739478,inf,1
Oromia,Barely,2007,477231.31,659745867,1382,11,2000,0,6,1857.7087912087911,-0.41800371714952,0,726.1538461538462,-0.0479273887255693,477384.8531114327,0,Oromiya_Barely,Oromiya_2007,Barely_2007,477231.31,0.03211351755041081,0.40302459418740044,1382.444640943613,1817.2122905027934,-435.2122905027934,907.0,785.7792310821148,1382.444640943613,-434.7771523910556,1
Somali,Barely,2007,3316.32,950019,286,11,2000,0,8,549.7857142857143,inf,0,726.1538461538462,-0.15480466147045,3321.744755244755,0,Somalia_Barely,Somalia_2007,Barely_2007,3316.32,-0.7930535455861071,-0.9985600228095101,286.4678318135765,549.7857142857143,-263.78571428571433,1002.3333333333334,620.7353166473879,286.4678318135765,-265.57732785410997,2
Benishangul Gumuz,Barely,2007,822.62,970893,1180,11,2000,0,2,1183.4835164835165,-0.932325332018817,0,726.1538461538462,-0.157806029420183,822.7906779661017,0,Benushangul Gumuz_Barely,Benushangul Gumuz_2007,Barely_2007,822.62,3.125874125874126,0.021972192135104596,1180.2448275023705,1148.8333333333333,31.166666666666742,949.3333333333334,583.2746637162744,1180.2448275023705,34.31451298467597,0
SNNPR,Barely,2007,84744.74,98836504,1166,11,2000,0,7,1521.2747252747254,-0.364847872535907,0,726.1538461538462,0.0868401479140157,84765.44082332762,0,S.N.N.P.R_Barely,S.N.N.P.R_2007,Barely_2007,84744.74,-0.011864406779661052,100.79958450622262,1166.284821925231,1491.7666666666667,-325.76666666666665,877.3333333333334,512.1575278499116,1166.284821925231,-224.97894656722372,1
Gambela,Barely,2007,58318.95,0,0,11,2000,0,4,485.2197802197802,-0.1133742964865565,0,726.1538461538462,0.050681203459444796,64289.84447004608,1,Gambela_Barely,Gambela_2007,Barely_2007,18.165,-1.0,-1.0,0.0,462.8839779005525,-462.8839779005525,782.0,677.2680414725027,0.0,-464.8839779005525,2
Harari,Barely,2007,58318.95,0,0,11,2000,0,5,12684.181318681318,-0.1133742964865565,0,726.1538461538462,-1.0,64289.84447004608,1,Harari_Barely,Harari_2007,Barely_2007,29.570909090909087,0.0,0.0,0.0,536.2277777777778,-536.2277777777778,388.6666666666667,673.1904138751036,0.0,-536.2277777777778,1
Dire Dawa,Barely,2007,58318.95,0,0,11,2000,0,3,361.5824175824176,-0.1133742964865565,0,726.1538461538462,-1.0,64289.84447004608,1,DIRE DAWA_Barely,DIRE DAWA_2007,Barely_2007,21.65,0.0,0.0,0.0,361.5824175824176,-361.5824175824176,0.0,0.0,0.0,-361.5824175824176,1
Tigray,Barely,2008,114923.43,156680340,1363,12,2000,0,9,1323.2252747252746,-0.313717902244644,0,726.1538461538462,0.2942504683284059,114952.56052824653,0,Tigray_Barely,Tigray_2008,Barely_2008,114923.43,inf,inf,1363.3454901232935,1323.2252747252746,39.77472527472537,454.3333333333333,786.9284169054598,1363.3454901232935,inf,0
Afar,Barely,2008,58318.95,0,0,12,2000,0,0,454.0164835164835,-0.1133742964865565,0,726.1538461538462,0.050681203459444796,64289.84447004608,1,Afar_Barely,Afar_2008,Barely_2008,194.11333333333332,-1.0,-1.0,0.0,425.4088397790055,-425.4088397790055,454.3333333333333,786.9284169054598,0.0,-427.4088397790055,2
Amhara,Barely,2008,330278.78,429937725,1302,12,2000,0,1,1654.5824175824175,-0.661084321039294,0,726.1538461538462,-0.0856885471872472,330213.3064516129,0,Amhara_Barely,Amhara_2008,Barely_2008,330278.78,inf,inf,1301.7418951347706,1625.4222222222222,-323.4222222222222,888.3333333333334,769.9235892822956,1301.7418951347706,inf,1
Oromia,Barely,2008,688.22,765155,1112,12,2000,0,6,1857.7087912087911,-0.943621833809908,0,726.1538461538462,-0.998840227672089,688.0890287769785,0,Oromiya_Barely,Oromiya_2008,Barely_2008,688.22,-0.14592933947772657,-0.9982203120230959,1111.7883816221556,1817.2122905027934,-705.2122905027934,804.6666666666666,703.3074244833001,1111.7883816221556,-706.3564401542942,2
Somali,Barely,2008,1748.27,1470734,841,12,2000,0,8,549.7857142857143,inf,0,726.1538461538462,0.5481100904297704,1748.7919143876338,0,Somalia_Barely,Somalia_2008,Barely_2008,1748.27,-0.24370503597122306,0.922138651645745,841.2510653388779,549.7857142857143,291.21428571428567,1085.0,231.68297304722103,841.2510653388779,291.8927193299602,0
Benishangul Gumuz,Barely,2008,1275.85,1647409,1291,12,2000,0,2,1183.4835164835165,-0.919678648088941,0,726.1538461538462,0.6967976903737074,1276.0720371804805,0,Benushangul Gumuz_Barely,Benushangul Gumuz_2008,Barely_2008,1275.85,0.5350772889417361,0.12012709300254154,1291.2246737469138,1148.8333333333333,142.16666666666674,1081.3333333333333,226.5619856315986,1291.2246737469138,142.82187104861103,0
SNNPR,Barely,2008,70409.55,90881819,1291,12,2000,0,7,1521.2747252747254,-0.608684293754476,0,726.1538461538462,-0.0804832696227296,70396.45158791634,0,S.N.N.P.R_Barely,S.N.N.P.R_2008,Barely_2008,70409.55,0.0,54.16651845413009,1290.7598330056078,1491.7666666666667,-200.76666666666665,1141.0,259.80762113533024,1290.7598330056078,-146.60014821253657,1
Gambela,Barely,2008,58318.95,0,0,12,2000,0,4,485.2197802197802,-0.1133742964865565,0,726.1538461538462,0.050681203459444796,64289.84447004608,1,Gambela_Barely,Gambela_2008,Barely_2008,18.165,-1.0,-1.0,0.0,462.8839779005525,-462.8839779005525,860.6666666666666,745.3591975238065,0.0,-464.8839779005525,2
Harari,Barely,2008,15.34,12078,787,12,2000,0,5,12684.181318681318,inf,0,726.1538461538462,inf,15.346886912325283,0,Harari_Barely,Harari_2008,Barely_2008,15.34,inf,inf,787.3533246414603,536.2277777777778,250.77222222222224,692.6666666666666,650.6491630159322,787.3533246414603,inf,0
Dire Dawa,Barely,2008,58318.95,0,0,12,2000,0,3,361.5824175824176,-0.1133742964865565,0,726.1538461538462,0.050681203459444796,64289.84447004608,1,DIRE DAWA_Barely,DIRE DAWA_2008,Barely_2008,21.65,-1.0,-1.0,0.0,361.5824175824176,-361.5824175824176,262.3333333333333,454.3746618522356,0.0,-363.5824175824176,2
Tigray,Barely,2009,97460.26,147775370,1516,13,2000,0,9,1323.2252747252746,-0.365119114998669,0,726.1538461538462,-0.0568352736533505,97477.15699208443,0,Tigray_Barely,Tigray_2009,Barely_2009,97460.26,inf,inf,1516.26283369242,1323.2252747252746,192.77472527472537,767.6666666666666,758.1848938968205,1516.26283369242,inf,0
Afar,Barely,2009,58318.95,0,0,13,2000,0,0,454.0164835164835,-0.1133742964865565,0,726.1538461538462,0.050681203459444796,64289.84447004608,1,Afar_Barely,Afar_2009,Barely_2009,194.11333333333332,-1.0,-1.0,0.0,425.4088397790055,-425.4088397790055,505.3333333333333,875.2630080914727,0.0,-427.4088397790055,2
Amhara,Barely,2009,347719.9,486149800,1398,13,2000,0,1,1654.5824175824175,-0.607420502518114,0,726.1538461538462,0.1307446909898404,347746.6380543634,0,Amhara_Barely,Amhara_2009,Barely_2009,347719.9,inf,inf,1398.1074997433277,1625.4222222222222,-227.42222222222222,971.3333333333334,843.2658734547088,1398.1074997433277,inf,1
Oromia,Barely,2009,451955.5,724293850,1603,13,2000,0,6,1857.7087912087911,-0.455117120345887,0,726.1538461538462,945.5975521299606,451836.46288209606,0,Oromiya_Barely,Oromiya_2009,Barely_2009,451955.5,0.1466380543633763,0.4898573443823282,1602.577798035426,1817.2122905027934,-214.2122905027934,1000.3333333333334,872.3567695234174,1602.577798035426,-213.5757951040477,1
Somali,Barely,2009,58318.95,0,0,13,2000,0,8,549.7857142857143,-0.1133742964865565,0,726.1538461538462,-1.0,64289.84447004608,1,Somalia_Barely,Somalia_2009,Barely_2009,3861.001666666667,-1.0,-1.0,0.0,549.7857142857143,-549.7857142857143,1000.3333333333334,872.3567695234174,0.0,-551.7857142857143,2
Benishangul Gumuz,Barely,2009,733.69,987155,1345,13,2000,0,2,1183.4835164835165,-0.939362554191198,0,726.1538461538462,-0.400783290609678,733.9442379182157,0,Benushangul Gumuz_Barely,Benushangul Gumuz_2009,Barely_2009,733.69,inf,inf,1345.466068775641,1148.8333333333333,196.16666666666674,982.6666666666666,860.7359254343534,1345.466068775641,inf,0
SNNPR,Barely,2009,76437.71,105487390,1380,13,2000,0,7,1521.2747252747254,-0.497822646221653,0,726.1538461538462,0.160709492401335,76440.13768115942,0,S.N.N.P.R_Barely,S.N.N.P.R_2009,Barely_2009,76437.71,0.026022304832713727,105.86000678718135,1380.0438291518674,1491.7666666666667,-111.76666666666665,908.3333333333334,786.8343747786652,1380.0438291518674,-5.880637574652596,1
Gambela,Barely,2009,58318.95,0,0,13,2000,0,4,485.2197802197802,-0.1133742964865565,0,726.1538461538462,0.050681203459444796,64289.84447004608,1,Gambela_Barely,Gambela_2009,Barely_2009,18.165,-1.0,-1.0,0.0,462.8839779005525,-462.8839779005525,908.3333333333334,786.8343747786652,0.0,-464.8839779005525,2
Harari,Barely,2009,58318.95,0,0,13,2000,0,5,12684.181318681318,-0.1133742964865565,0,726.1538461538462,-1.0,64289.84447004608,1,Harari_Barely,Harari_2009,Barely_2009,29.570909090909087,0.0,0.0,0.0,536.2277777777778,-536.2277777777778,460.0,796.7433714816837,0.0,-536.2277777777778,1
Dire Dawa,Barely,2009,58318.95,0,0,13,2000,0,3,361.5824175824176,-0.1133742964865565,0,726.1538461538462,0.050681203459444796,64289.84447004608,1,DIRE DAWA_Barely,DIRE DAWA_2009,Barely_2009,21.65,0.0,0.0,0.0,361.5824175824176,-361.5824175824176,0.0,0.0,0.0,-361.5824175824176,1
Tigray,Barely,2010,106787.74,144049611,1349,14,2010,1,9,1323.2252747252746,-0.293872372113568,0,726.1538461538462,-0.025212313797624,106782.51371386212,0,Tigray_Barely,Tigray_2010,Barely_2010,106787.74,inf,inf,1348.9339787507442,1323.2252747252746,25.77472527472537,449.6666666666667,778.8455131368053,1348.9339787507442,inf,0
Afar,Barely,2010,58318.95,0,0,14,2010,1,0,454.0164835164835,-0.1133742964865565,0,726.1538461538462,0.050681203459444796,64289.84447004608,1,Afar_Barely,Afar_2010,Barely_2010,194.11333333333332,-1.0,-1.0,0.0,425.4088397790055,-425.4088397790055,449.6666666666667,778.8455131368053,0.0,-427.4088397790055,2
Amhara,Barely,2010,387862.4,506768372,1307,14,2010,1,1,1654.5824175824175,-0.605951655887872,0,726.1538461538462,0.0424119726059746,387734.026013772,0,Amhara_Barely,Amhara_2010,Barely_2010,387862.4,inf,inf,1306.5674115356373,1625.4222222222222,-318.4222222222222,885.3333333333334,767.0086918238495,1306.5674115356373,inf,1
Oromia,Barely,2010,542476.08,968563214,1785,14,2010,1,6,1857.7087912087911,-0.325907636507141,0,726.1538461538462,0.3372517438882023,542612.4448179272,0,Oromiya_Barely,Oromiya_2010,Barely_2010,542476.08,0.3657230298393268,0.9112542682517686,1785.4487040239637,1817.2122905027934,-32.212290502793394,1030.6666666666667,924.0272362508222,1785.4487040239637,-30.935313204702297,1
Somali,Barely,2010,3015.79,1846049,612,14,2010,1,8,549.7857142857143,inf,0,726.1538461538462,inf,3016.419934640523,0,Somalia_Barely,Somalia_2010,Barely_2010,3015.79,-0.6571428571428571,-0.9980940335402827,612.127833834584,549.7857142857143,62.214285714285666,1234.6666666666667,589.8358528720786,612.127833834584,60.559048823602524,0
Benishangul Gumuz,Barely,2010,874.3,939263,1074,14,2010,1,2,1183.4835164835165,-0.948551742701035,0,726.1538461538462,-0.0485151774544018,874.5465549348231,0,Benushangul Gumuz_Barely,Benushangul Gumuz_2010,Barely_2010,874.3,0.7549019607843137,-0.4912036462737446,1074.3028708681231,1148.8333333333333,-74.83333333333326,1157.0,590.8883143200576,1074.3028708681231,-74.5696350188227,1
SNNPR,Barely,2010,88038.46,1128218912,1456,14,2010,1,7,1521.2747252747254,3.827717111918899,0,726.1538461538462,9.695296489940644,774875.6263736264,0,S.N.N.P.R_Barely,S.N.N.P.R_2010,Barely_2010,88038.46,0.35567970204841703,1200.174657151405,12815.068687026102,1491.7666666666667,-35.76666666666665,1047.3333333333333,422.6314391208168,12815.068687026102,1164.7636701867868,1
Gambela,Barely,2010,58318.95,0,0,14,2010,1,4,485.2197802197802,-0.1133742964865565,0,726.1538461538462,0.050681203459444796,64289.84447004608,1,Gambela_Barely,Gambela_2010,Barely_2010,18.165,-1.0,-1.0,0.0,462.8839779005525,-462.8839779005525,843.3333333333334,754.9101491789158,0.0,-464.8839779005525,2
Harari,Barely,2010,58318.95,0,0,14,2010,1,5,12684.181318681318,-0.1133742964865565,0,726.1538461538462,0.050681203459444796,64289.84447004608,1,Harari_Barely,Harari_2010,Barely_2010,29.570909090909087,0.0,0.0,0.0,536.2277777777778,-536.2277777777778,485.3333333333333,840.6219919400953,0.0,-536.2277777777778,1
Dire Dawa,Barely,2010,58318.95,0,0,14,2010,1,3,361.5824175824176,-0.1133742964865565,0,726.1538461538462,0.050681203459444796,64289.84447004608,1,DIRE DAWA_Barely,DIRE DAWA_2010,Barely_2010,21.65,0.0,0.0,0.0,361.5824175824176,-361.5824175824176,0.0,0.0,0.0,-361.5824175824176,1
Tigray,Barely,2011,90648.61,163385776,1802,15,2010,1,9,1323.2252747252746,-0.220140478960202,0,726.1538461538462,0.134232677657144,90669.1320754717,0,Tigray_Barely,Tigray_2011,Barely_2011,90648.61,inf,inf,1802.4079574965353,1323.2252747252746,478.77472527472537,600.6666666666666,1040.3851850797057,1802.4079574965353,inf,0
Afar,Barely,2011,58318.95,0,0,15,2010,1,0,454.0164835164835,-0.1133742964865565,0,726.1538461538462,0.050681203459444796,64289.84447004608,1,Afar_Barely,Afar_2011,Barely_2011,194.11333333333332,-1.0,-1.0,0.0,425.4088397790055,-425.4088397790055,600.6666666666666,1040.3851850797057,0.0,-427.4088397790055,2
Amhara,Barely,2011,328268.73,430741554,1312,15,2010,1,1,1654.5824175824175,-0.663248409035654,0,726.1538461538462,-0.150022815551717,328309.1112804878,0,Amhara_Barely,Amhara_2011,Barely_2011,328268.73,inf,inf,1312.161392892951,1625.4222222222222,-313.4222222222222,1038.0,931.723134842105,1312.161392892951,inf,1
Oromia,Barely,2011,513707.03,908545120,1769,15,2010,1,6,1857.7087912087911,-0.456547586719738,0,726.1538461538462,-0.0619661093178787,513592.4929338609,0,Oromiya_Barely,Oromiya_2011,Barely_2011,513707.03,0.3483231707317074,1.1092581190808444,1768.6055804998423,1817.2122905027934,-48.212290502793394,1027.0,918.2913481025504,1768.6055804998423,-46.75470921298084,1
Somali,Barely,2011,58318.95,0,0,15,2010,1,8,549.7857142857143,-0.1133742964865565,0,726.1538461538462,-1.0,64289.84447004608,1,Somalia_Barely,Somalia_2011,Barely_2011,3861.001666666667,-1.0,-1.0,0.0,549.7857142857143,-549.7857142857143,1027.0,918.2913481025504,0.0,-551.7857142857143,2
Benishangul Gumuz,Barely,2011,1264.49,1444057,1142,15,2010,1,2,1183.4835164835165,-0.937506431952859,0,726.1538461538462,0.5374362665196011,1264.498248686515,0,Benushangul Gumuz_Barely,Benushangul Gumuz_2011,Barely_2011,1264.49,inf,inf,1142.0074496437298,1148.8333333333333,-6.8333333333332575,970.3333333333334,896.9070929217435,1142.0074496437298,inf,1
SNNPR,Barely,2011,111756.36,198212782,1774,15,2010,1,7,1521.2747252747254,-0.332075719532485,0,726.1538461538462,-0.824313544214015,111732.1206313416,0,S.N.N.P.R_Barely,S.N.N.P.R_2011,Barely_2011,111756.36,0.5534150612959721,136.26105132969127,1773.6152286992883,1491.7666666666667,282.23333333333335,972.0,899.1351400095535,1773.6152286992883,419.0477997243206,0
Gambela,Barely,2011,58318.95,0,0,15,2010,1,4,485.2197802197802,-0.1133742964865565,0,726.1538461538462,0.050681203459444796,64289.84447004608,1,Gambela_Barely,Gambela_2011,Barely_2011,18.165,-1.0,-1.0,0.0,462.8839779005525,-462.8839779005525,972.0,899.1351400095535,0.0,-464.8839779005525,2
Harari,Barely,2011,17.48,16636,952,15,2010,1,5,12684.181318681318,inf,0,726.1538461538462,inf,17.474789915966387,0,Harari_Barely,Harari_2011,Barely_2011,17.48,inf,inf,951.7162471395881,536.2277777777778,415.77222222222224,908.6666666666666,887.7935195378107,951.7162471395881,inf,0
Dire Dawa,Barely,2011,58318.95,2811,0,15,2010,1,3,361.5824175824176,inf,0,726.1538461538462,inf,inf,1,DIRE DAWA_Barely,DIRE DAWA_2011,Barely_2011,21.65,-1.0,-0.8310290935320991,0.048200456283935156,361.5824175824176,-361.5824175824176,317.3333333333333,549.6374562685239,0.048200456283935156,-363.4134466759497,2
Tigray,Barely,2012,99453.31,164003891,1649,16,2010,1,9,1323.2252747252746,-0.153946156863224,0,726.1538461538462,0.0037831628623534,99456.57428744694,0,Tigray_Barely,Tigray_2012,Barely_2012,99453.31,inf,58342.61117040199,1649.0541239904435,1323.2252747252746,325.77472527472537,867.0,827.7795600279096,1649.0541239904435,inf,0
Afar,Barely,2012,58318.95,0,0,16,2010,1,0,454.0164835164835,-0.1133742964865565,0,726.1538461538462,0.050681203459444796,64289.84447004608,1,Afar_Barely,Afar_2012,Barely_2012,194.11333333333332,-1.0,-1.0,0.0,425.4088397790055,-425.4088397790055,549.6666666666666,952.050593893693,0.0,-427.4088397790055,2
Amhara,Barely,2012,303760.05,431557873,1421,16,2010,1,1,1654.5824175824175,-0.670637107216396,0,726.1538461538462,0.001895148012583,303700.12174524984,0,Amhara_Barely,Amhara_2012,Barely_2012,303760.05,inf,inf,1420.7196535554956,1625.4222222222222,-204.42222222222222,1023.3333333333334,893.5347409772788,1420.7196535554956,inf,1
Oromia,Barely,2012,460544.73,872051015,1894,16,2010,1,6,1857.7087912087911,-0.479851771198688,0,726.1538461538462,-0.0401676308602042,460428.20221752906,0,Oromiya_Barely,Oromiya_2012,Barely_2012,460544.73,0.33286418015482044,1.0207046831005213,1893.5207770155139,1817.2122905027934,76.7877094972066,1105.0,985.7489538416966,1893.5207770155139,78.14127836046195,0
Somali,Barely,2012,58318.95,0,0,16,2010,1,8,549.7857142857143,-0.1133742964865565,0,726.1538461538462,0.050681203459444796,64289.84447004608,1,Somalia_Barely,Somalia_2012,Barely_2012,3861.001666666667,-1.0,-1.0,0.0,549.7857142857143,-549.7857142857143,1105.0,985.7489538416966,0.0,-551.7857142857143,2
Benishangul Gumuz,Barely,2012,818.37,853908,1043,16,2010,1,2,1183.4835164835165,-0.963234289587341,0,726.1538461538462,-0.408674311332585,818.7037392138063,0,Benushangul Gumuz_Barely,Benushangul Gumuz_2012,Barely_2012,818.37,inf,inf,1043.4253455038674,1148.8333333333333,-105.83333333333326,979.0,948.6205774702547,1043.4253455038674,inf,1
SNNPR,Barely,2012,82305.24,113651742,1381,16,2010,1,7,1521.2747252747254,-0.613122781672713,0,726.1538461538462,-0.426617492306828,82296.69949312093,0,S.N.N.P.R_Barely,S.N.N.P.R_2012,Barely_2012,82305.24,0.32406519654841803,132.09600331651654,1380.8566987958482,1491.7666666666667,-110.76666666666665,808.0,719.8673488914467,1380.8566987958482,21.65340184639831,1
Gambela,Barely,2012,58318.95,0,0,16,2010,1,4,485.2197802197802,-0.1133742964865565,0,726.1538461538462,0.050681203459444796,64289.84447004608,1,Gambela_Barely,Gambela_2012,Barely_2012,18.165,-1.0,-1.0,0.0,462.8839779005525,-462.8839779005525,808.0,719.8673488914467,0.0,-464.8839779005525,2
Harari,Barely,2012,25.26,20439,809,16,2010,1,5,12684.181318681318,inf,0,726.1538461538462,0.2286006251502765,25.26452410383189,0,Harari_Barely,Harari_2012,Barely_2012,25.26,inf,inf,809.1448931116389,536.2277777777778,272.77222222222224,730.0,693.8811137363517,809.1448931116389,inf,0
Dire Dawa,Barely,2012,58318.95,0,0,16,2010,1,3,361.5824175824176,-0.1133742964865565,0,726.1538461538462,-1.0,64289.84447004608,1,DIRE DAWA_Barely,DIRE DAWA_2012,Barely_2012,21.65,-1.0,-1.0,0.0,361.5824175824176,-361.5824175824176,269.6666666666667,467.0763677744078,0.0,-363.5824175824176,2
Tigray,Barely,2013,98162.52,158810944,1618,17,2010,1,9,1323.2252747252746,-0.251680523491998,0,726.1538461538462,-0.0316635597383478,98152.62299134734,0,Tigray_Barely,Tigray_2013,Barely_2013,98162.52,inf,inf,1617.8368688986386,1323.2252747252746,294.77472527472537,809.0,808.9999999999999,1617.8368688986386,inf,0
Afar,Barely,2013,58318.95,0,0,17,2010,1,0,454.0164835164835,-0.1133742964865565,0,726.1538461538462,0.050681203459444796,64289.84447004608,1,Afar_Barely,Afar_2013,Barely_2013,194.11333333333332,-1.0,-1.0,0.0,425.4088397790055,-425.4088397790055,539.3333333333334,934.1527355488146,0.0,-427.4088397790055,2
Amhara,Barely,2013,388113.19,590502822,1521,17,2010,1,1,1654.5824175824175,-0.61359527680964,0,726.1538461538462,0.3683050616017842,388233.28205128206,0,Amhara_Barely,Amhara_2013,Barely_2013,388113.19,inf,inf,1521.4706359245354,1625.4222222222222,-104.42222222222222,1046.3333333333333,907.4482538047737,1521.4706359245354,inf,1
Oromia,Barely,2013,448545.32,897741759,2001,17,2010,1,6,1857.7087912087911,-0.488046067615637,0,726.1538461538462,0.0294601388658437,448646.556221889,0,Oromiya_Barely,Oromiya_2013,Barely_2013,448545.32,0.31558185404339256,0.5203005397322216,2001.4516236620193,1817.2122905027934,183.7877094972066,1174.0,1044.6564028425803,2001.4516236620193,184.62359189098223,0
Somali,Barely,2013,58318.95,0,0,17,2010,1,8,549.7857142857143,-0.1133742964865565,0,726.1538461538462,0.050681203459444796,64289.84447004608,1,Somalia_Barely,Somalia_2013,Barely_2013,3861.001666666667,-1.0,-1.0,0.0,549.7857142857143,-549.7857142857143,1174.0,1044.6564028425803,0.0,-551.7857142857143,2
Benishangul Gumuz,Barely,2013,723.21,787764,1089,17,2010,1,2,1183.4835164835165,-0.96005133014916,0,726.1538461538462,-0.0774603353054427,723.3829201101928,0,Benushangul Gumuz_Barely,Benushangul Gumuz_2013,Barely_2013,723.21,inf,inf,1089.2603808022566,1148.8333333333333,-59.83333333333326,1030.0,1001.8038730210618,1089.2603808022566,inf,1
SNNPR,Barely,2013,82040.19,131467986,1602,17,2010,1,7,1521.2747252747254,-0.477349512627812,0,726.1538461538462,0.1567617326974186,82064.91011235955,0,S.N.N.P.R_Barely,S.N.N.P.R_2013,Barely_2013,82040.19,0.47107438016528924,165.88752722896706,1602.4827099985994,1491.7666666666667,110.23333333333335,897.0,818.0764022999319,1602.4827099985994,276.5919349424657,0
Gambela,Barely,2013,26.92,0,0,17,2010,1,4,485.2197802197802,-0.1133742964865565,0,726.1538461538462,0.050681203459444796,64289.84447004608,0,Gambela_Barely,Gambela_2013,Barely_2013,26.92,-1.0,-1.0,0.0,462.8839779005525,-462.8839779005525,897.0,818.0764022999319,0.0,-464.8839779005525,2
Harari,Barely,2013,58318.95,0,0,17,2010,1,5,12684.181318681318,-0.1133742964865565,0,726.1538461538462,-1.0,64289.84447004608,1,Harari_Barely,Harari_2013,Barely_2013,29.570909090909087,0.0,0.0,0.0,536.2277777777778,-536.2277777777778,534.0,924.9151312417807,0.0,-536.2277777777778,1
Dire Dawa,Barely,2013,58318.95,0,0,17,2010,1,3,361.5824175824176,-0.1133742964865565,0,726.1538461538462,0.050681203459444796,64289.84447004608,1,DIRE DAWA_Barely,DIRE DAWA_2013,Barely_2013,21.65,0.0,0.0,0.0,361.5824175824176,-361.5824175824176,0.0,0.0,0.0,-361.5824175824176,1
Tigray,Barely,2014,96577.17,160265852,1659,18,2010,1,9,1323.2252747252746,-0.349970857036348,0,726.1538461538462,0.0091612578034925,96603.88908981314,0,Tigray_Barely,Tigray_2014,Barely_2014,96577.17,inf,inf,1659.4589797982278,1323.2252747252746,335.77472527472537,553.0,957.8240965855894,1659.4589797982278,inf,0
Afar,Barely,2014,58318.95,0,0,18,2010,1,0,454.0164835164835,-0.1133742964865565,0,726.1538461538462,0.050681203459444796,64289.84447004608,1,Afar_Barely,Afar_2014,Barely_2014,194.11333333333332,-1.0,-1.0,0.0,425.4088397790055,-425.4088397790055,553.0,957.8240965855894,0.0,-427.4088397790055,2
Amhara,Barely,2014,373016.41,588766645,1578,18,2010,1,1,1654.5824175824175,-0.656454915968179,0,726.1538461538462,-0.00294016715130951,373109.40747782,0,Amhara_Barely,Amhara_2014,Barely_2014,373016.41,inf,inf,1578.393414380885,1625.4222222222222,-47.42222222222222,1079.0,935.3186622750558,1578.393414380885,inf,1
Oromia,Barely,2014,471134.15,1023909187,2173,18,2010,1,6,1857.7087912087911,-0.513370625221509,0,726.1538461538462,0.140538664638413,471196.12839392544,0,Oromiya_Barely,Oromiya_2014,Barely_2014,471134.15,0.3770595690747782,0.7390747177941781,2173.2858613624167,1817.2122905027934,355.7877094972066,1250.3333333333333,1122.9453830589148,2173.2858613624167,356.90384378407555,0
Somali,Barely,2014,58318.95,0,0,18,2010,1,8,549.7857142857143,-0.1133742964865565,0,726.1538461538462,0.050681203459444796,64289.84447004608,1,Somalia_Barely,Somalia_2014,Barely_2014,3861.001666666667,-1.0,-1.0,0.0,549.7857142857143,-549.7857142857143,1250.3333333333333,1122.9453830589148,0.0,-551.7857142857143,2
Benishangul Gumuz,Barely,2014,656.38,828346,1262,18,2010,1,2,1183.4835164835165,-0.96897911297623,0,726.1538461538462,0.0515154284785799,656.3755942947702,0,Benushangul Gumuz_Barely,Benushangul Gumuz_2014,Barely_2014,656.38,inf,inf,1261.9915292970536,1148.8333333333333,113.16666666666674,1145.0,1091.2144610478729,1261.9915292970536,inf,0
SNNPR,Barely,2014,76763.65,132356026,1724,18,2010,1,7,1521.2747252747254,-0.595866885070797,0,726.1538461538462,0.0067548003663797,76772.63689095128,0,S.N.N.P.R_Barely,S.N.N.P.R_2014,Barely_2014,76763.65,0.3660855784469097,158.7835035118175,1724.2018325079646,1491.7666666666667,232.23333333333335,995.3333333333334,892.399760944238,1724.2018325079646,391.38292242359773,0
Gambela,Barely,2014,58318.95,0,0,18,2010,1,4,485.2197802197802,-0.1133742964865565,0,726.1538461538462,0.050681203459444796,64289.84447004608,1,Gambela_Barely,Gambela_2014,Barely_2014,18.165,-1.0,-1.0,0.0,462.8839779005525,-462.8839779005525,995.3333333333334,892.399760944238,0.0,-464.8839779005525,2
Harari,Barely,2014,58318.95,0,0,18,2010,1,5,12684.181318681318,-0.1133742964865565,0,726.1538461538462,0.050681203459444796,64289.84447004608,1,Harari_Barely,Harari_2014,Barely_2014,29.570909090909087,0.0,0.0,0.0,536.2277777777778,-536.2277777777778,574.6666666666666,995.3518640829147,0.0,-536.2277777777778,1
Dire Dawa,Barely,2014,58318.95,0,0,18,2010,1,3,361.5824175824176,-0.1133742964865565,0,726.1538461538462,0.050681203459444796,64289.84447004608,1,DIRE DAWA_Barely,DIRE DAWA_2014,Barely_2014,21.65,0.0,0.0,0.0,361.5824175824176,-361.5824175824176,0.0,0.0,0.0,-361.5824175824176,1
Tigray,Barely,2015,99052.22,169542113,1712,19,2010,1,9,1323.2252747252746,-0.356824879679307,0,726.1538461538462,0.0578804585271228,99031.60806074766,0,Tigray_Barely,Tigray_2015,Barely_2015,99052.22,inf,inf,1711.6437471063243,1323.2252747252746,388.77472527472537,570.6666666666666,988.4236608526393,1711.6437471063243,inf,0
Afar,Barely,2015,58318.95,0,0,19,2010,1,0,454.0164835164835,-0.1133742964865565,0,726.1538461538462,0.050681203459444796,64289.84447004608,1,Afar_Barely,Afar_2015,Barely_2015,194.11333333333332,-1.0,-1.0,0.0,425.4088397790055,-425.4088397790055,570.6666666666666,988.4236608526393,0.0,-427.4088397790055,2
Amhara,Barely,2015,362738.63,625622575,1725,19,2010,1,1,1654.5824175824175,-0.654231261394792,0,726.1538461538462,0.0625985359615608,362679.7536231884,0,Amhara_Barely,Amhara_2015,Barely_2015,362738.63,inf,inf,1724.7200139670815,1625.4222222222222,99.57777777777778,1145.6666666666667,992.1977289498969,1724.7200139670815,inf,0
Oromia,Barely,2015,456192.42,127532649,2252,19,2010,1,6,1857.7087912087911,-0.9451587635996,0,726.1538461538462,-0.875445351385444,56630.83880994671,0,Oromiya_Barely,Oromiya_2015,Barely_2015,456192.42,0.3055072463768116,-0.7961508198453356,279.5588953450827,1817.2122905027934,434.7877094972066,1325.6666666666667,1177.911852955616,279.5588953450827,434.2970659237381,0
Somali,Barely,2015,58318.95,0,0,19,2010,1,8,549.7857142857143,-0.1133742964865565,0,726.1538461538462,0.050681203459444796,64289.84447004608,1,Somalia_Barely,Somalia_2015,Barely_2015,3861.001666666667,-1.0,-1.0,0.0,549.7857142857143,-549.7857142857143,1325.6666666666667,1177.911852955616,0.0,-551.7857142857143,2
Benishangul Gumuz,Barely,2015,774.28,1028417,1328,19,2010,1,2,1183.4835164835165,-0.958294699929567,0,726.1538461538462,0.2415307130112296,774.410391566265,0,Benushangul Gumuz_Barely,Benushangul Gumuz_2015,Barely_2015,774.28,inf,inf,1328.2236400268637,1148.8333333333333,179.16666666666674,1193.3333333333333,1132.0235568809214,1328.2236400268637,inf,0
SNNPR,Barely,2015,73614.79,126845014,1723,19,2010,1,7,1521.2747252747254,-0.61192892745183,0,726.1538461538462,-0.0416377868583028,73618.69645966338,0,S.N.N.P.R_Barely,S.N.N.P.R_2015,Barely_2015,73614.79,0.2974397590361446,122.34005952838197,1723.0914331209804,1491.7666666666667,231.23333333333335,1017.0,902.6200751146627,1723.0914331209804,353.87083262075146,0
Gambela,Barely,2015,58318.95,0,0,19,2010,1,4,485.2197802197802,-0.1133742964865565,0,726.1538461538462,0.050681203459444796,64289.84447004608,1,Gambela_Barely,Gambela_2015,Barely_2015,18.165,-1.0,-1.0,0.0,462.8839779005525,-462.8839779005525,1017.0,902.6200751146627,0.0,-464.8839779005525,2
Harari,Barely,2015,27.48,0,0,19,2010,1,5,12684.181318681318,-0.1133742964865565,0,726.1538461538462,0.050681203459444796,64289.84447004608,0,Harari_Barely,Harari_2015,Barely_2015,27.48,0.0,0.0,0.0,536.2277777777778,-536.2277777777778,574.3333333333334,994.7745138137246,0.0,-536.2277777777778,1
Dire Dawa,Barely,2015,58318.95,0,0,19,2010,1,3,361.5824175824176,-0.1133742964865565,0,726.1538461538462,0.050681203459444796,64289.84447004608,1,DIRE DAWA_Barely,DIRE DAWA_2015,Barely_2015,21.65,0.0,0.0,0.0,361.5824175824176,-361.5824175824176,0.0,0.0,0.0,-361.5824175824176,1
Tigray,Barely,2016,99423.28,157174532,1581,20,2010,1,9,1323.2252747252746,-0.17200706185914,0,726.1538461538462,-0.0729469556628682,99414.6312460468,0,Tigray_Barely,Tigray_2016,Barely_2016,99423.28,inf,inf,1580.8624700371986,1323.2252747252746,257.77472527472537,527.0,912.7907755887978,1580.8624700371986,inf,0
Afar,Barely,2016,58318.95,0,0,20,2010,1,0,454.0164835164835,-0.1133742964865565,0,726.1538461538462,0.050681203459444796,64289.84447004608,1,Afar_Barely,Afar_2016,Barely_2016,194.11333333333332,-1.0,-1.0,0.0,425.4088397790055,-425.4088397790055,527.0,912.7907755887978,0.0,-427.4088397790055,2
Amhara,Barely,2016,323130.12,575904799,182,20,2010,1,1,1654.5824175824175,-0.672226833837336,0,726.1538461538462,-0.0794692806601488,3164312.0824175826,0,Amhara_Barely,Amhara_2016,Barely_2016,323130.12,inf,inf,1782.2690097722862,1625.4222222222222,-1443.4222222222222,587.6666666666666,865.0516362237184,1782.2690097722862,inf,1
Oromia,Barely,2016,439971.07,980086302,2228,20,2010,1,6,1857.7087912087911,-0.557648084528708,0,726.1538461538462,6.684983489992433,439895.10861759423,0,Oromiya_Barely,Oromiya_2016,Barely_2016,439971.07,11.241758241758241,0.7018199947314556,2227.6153338900212,1817.2122905027934,410.7877094972066,803.3333333333334,1237.1488727446397,2227.6153338900212,422.7312877336963,0
Somali,Barely,2016,58318.95,0,0,20,2010,1,8,549.7857142857143,-0.1133742964865565,0,726.1538461538462,0.050681203459444796,64289.84447004608,1,Somalia_Barely,Somalia_2016,Barely_2016,3861.001666666667,-1.0,-1.0,0.0,549.7857142857143,-549.7857142857143,803.3333333333334,1237.1488727446397,0.0,-551.7857142857143,2
Benishangul Gumuz,Barely,2016,592.53,795097,1342,20,2010,1,2,1183.4835164835165,-0.974780977305997,0,726.1538461538462,-0.226872951341722,592.4716840536513,0,Benushangul Gumuz_Barely,Benushangul Gumuz_2016,Barely_2016,592.53,inf,inf,1341.867922299293,1148.8333333333333,193.16666666666674,1190.0,1121.7504178737797,1341.867922299293,inf,0
SNNPR,Barely,2016,80861.37,142437232,1761,20,2010,1,7,1521.2747252747254,-0.486453763195125,0,726.1538461538462,0.1229233811271446,80884.28847245884,0,S.N.N.P.R_Barely,S.N.N.P.R_2016,Barely_2016,80861.37,0.31222056631892703,178.14447168081378,1761.4991188004853,1491.7666666666667,269.23333333333335,1034.3333333333333,919.931700363311,1761.4991188004853,447.69002558046606,0
Gambela,Barely,2016,58318.95,0,0,20,2010,1,4,485.2197802197802,-0.1133742964865565,0,726.1538461538462,0.050681203459444796,64289.84447004608,1,Gambela_Barely,Gambela_2016,Barely_2016,18.165,-1.0,-1.0,0.0,462.8839779005525,-462.8839779005525,1034.3333333333333,919.931700363311,0.0,-464.8839779005525,2
Harari,Barely,2016,58318.95,0,0,20,2010,1,5,12684.181318681318,-0.1133742964865565,0,726.1538461538462,0.050681203459444796,64289.84447004608,1,Harari_Barely,Harari_2016,Barely_2016,29.570909090909087,0.0,0.0,0.0,536.2277777777778,-536.2277777777778,587.0,1016.7138240429305,0.0,-536.2277777777778,1
Dire Dawa,Barely,2016,58318.95,0,0,20,2010,1,3,361.5824175824176,-0.1133742964865565,0,726.1538461538462,0.050681203459444796,64289.84447004608,1,DIRE DAWA_Barely,DIRE DAWA_2016,Barely_2016,21.65,0.0,0.0,0.0,361.5824175824176,-361.5824175824176,0.0,0.0,0.0,-361.5824175824176,1
Tigray,Barely,2017,95462.96,169572540,1776,21,2010,1,9,1323.2252747252746,-0.29641359244183,0,726.1538461538462,0.0788805148152118,95480.0337837838,0,Tigray_Barely,Tigray_2017,Barely_2017,95462.96,inf,inf,1776.3176419419635,1323.2252747252746,452.77472527472537,592.0,1025.374078080775,1776.3176419419635,inf,0
Afar,Barely,2017,58318.95,0,0,21,2010,1,0,454.0164835164835,-0.1133742964865565,0,726.1538461538462,0.050681203459444796,64289.84447004608,1,Afar_Barely,Afar_2017,Barely_2017,194.11333333333332,-1.0,-1.0,0.0,425.4088397790055,-425.4088397790055,592.0,1025.374078080775,0.0,-427.4088397790055,2
Amhara,Barely,2017,323655.73,608069113,1879,21,2010,1,1,1654.5824175824175,-0.68540404273442,0,726.1538461538462,0.055850053786407,323613.1522086216,0,Amhara_Barely,Amhara_2017,Barely_2017,323655.73,inf,inf,1878.7528124405524,1625.4222222222222,253.57777777777778,1218.3333333333333,1056.3637315495705,1878.7528124405524,inf,0
Oromia,Barely,2017,454662.78,1093944813,2406,21,2010,1,6,1857.7087912087911,-0.557787042504196,0,726.1538461538462,0.1161719236027032,454673.6546134664,0,Oromiya_Barely,Oromiya_2017,Barely_2017,454662.78,0.28046833422033,0.7990468346646642,2406.0575466502887,1817.2122905027934,588.7877094972066,1428.3333333333333,1264.7269797601905,2406.0575466502887,589.8672246660916,0
Somali,Barely,2017,58318.95,0,0,21,2010,1,8,549.7857142857143,-0.1133742964865565,0,726.1538461538462,0.050681203459444796,64289.84447004608,1,Somalia_Barely,Somalia_2017,Barely_2017,3861.001666666667,-1.0,-1.0,0.0,549.7857142857143,-549.7857142857143,1428.3333333333333,1264.7269797601905,0.0,-551.7857142857143,2
Benishangul Gumuz,Barely,2017,773.15,1119386,1448,21,2010,1,2,1183.4835164835165,-0.963079027305897,0,726.1538461538462,0.4078609276603986,773.0566298342542,0,Benushangul Gumuz_Barely,Benushangul Gumuz_2017,Barely_2017,773.15,inf,inf,1447.8251309577702,1148.8333333333333,299.16666666666674,1284.6666666666667,1211.2874693206948,1447.8251309577702,inf,0
SNNPR,Barely,2017,84037.3,151506493,1803,21,2010,1,7,1521.2747252747254,-0.556031129540327,0,726.1538461538462,0.063671982898404,84030.22351636161,0,S.N.N.P.R_Barely,S.N.N.P.R_2017,Barely_2017,84037.3,0.24516574585635365,134.34785409143942,1802.8481757505297,1491.7666666666667,311.23333333333335,1083.6666666666667,955.1211092491532,1802.8481757505297,445.8263531706291,0
Gambela,Barely,2017,58318.95,0,0,21,2010,1,4,485.2197802197802,-0.1133742964865565,0,726.1538461538462,0.050681203459444796,64289.84447004608,1,Gambela_Barely,Gambela_2017,Barely_2017,18.165,-1.0,-1.0,0.0,462.8839779005525,-462.8839779005525,1083.6666666666667,955.1211092491533,0.0,-464.8839779005525,2
Harari,Barely,2017,58318.95,0,0,21,2010,1,5,12684.181318681318,-0.1133742964865565,0,726.1538461538462,0.050681203459444796,64289.84447004608,1,Harari_Barely,Harari_2017,Barely_2017,29.570909090909087,0.0,0.0,0.0,536.2277777777778,-536.2277777777778,601.0,1040.962535348895,0.0,-536.2277777777778,1
Dire Dawa,Barely,2017,58318.95,0,0,21,2010,1,3,361.5824175824176,-0.1133742964865565,0,726.1538461538462,0.050681203459444796,64289.84447004608,1,DIRE DAWA_Barely,DIRE DAWA_2017,Barely_2017,21.65,0.0,0.0,0.0,361.5824175824176,-361.5824175824176,0.0,0.0,0.0,-361.5824175824176,1
Tigray,Barely,2018,94725.02,169417980,1789,22,2010,1,9,1323.2252747252746,-0.343101975526298,0,726.1538461538462,-0.00091146833089839,94699.8211291224,0,Tigray_Barely,Tigray_2018,Barely_2018,94725.02,inf,inf,1788.524087933684,1323.2252747252746,465.77472527472537,596.3333333333334,1032.8796315802401,1788.524087933684,inf,0
Afar,Barely,2018,58318.95,0,0,22,2010,1,0,454.0164835164835,-0.1133742964865565,0,726.1538461538462,0.050681203459444796,64289.84447004608,1,Afar_Barely,Afar_2018,Barely_2018,194.11333333333332,-1.0,-1.0,0.0,425.4088397790055,-425.4088397790055,596.3333333333334,1032.8796315802401,0.0,-427.4088397790055,2
Amhara,Barely,2018,323936.38,639452375,1974,22,2010,1,1,1654.5824175824175,-0.686458154348549,0,726.1538461538462,0.0516113404365599,323937.3733535968,0,Amhara_Barely,Amhara_2018,Barely_2018,323936.38,inf,inf,1974.006053287377,1625.4222222222222,348.5777777777778,1254.3333333333333,1090.2157278875281,1974.006053287377,inf,0
Oromia,Barely,2018,451279.26,1088487660,2412,22,2010,1,6,1857.7087912087911,-0.57834380173632,0,726.1538461538462,-0.00498850850166243,451280.1243781095,0,Oromiya_Barely,Oromiya_2018,Barely_2018,451279.26,0.22188449848024305,0.7022184959435016,2412.004619933121,1817.2122905027934,594.7877094972066,1462.0,1284.9295700543278,2412.004619933121,595.7118124916303,0
Somali,Barely,2018,58318.95,0,0,22,2010,1,8,549.7857142857143,-0.1133742964865565,0,726.1538461538462,0.050681203459444796,64289.84447004608,1,Somalia_Barely,Somalia_2018,Barely_2018,3861.001666666667,-1.0,-1.0,0.0,549.7857142857143,-549.7857142857143,1462.0,1284.9295700543278,0.0,-551.7857142857143,2
Benishangul Gumuz,Barely,2018,729.21,1064121,1459,22,2010,1,2,1183.4835164835165,-0.967626058509793,0,726.1538461538462,-0.0493708157865114,729.3495544893763,0,Benushangul Gumuz_Barely,Benushangul Gumuz_2018,Barely_2018,729.21,inf,inf,1459.2792199777841,1148.8333333333333,310.16666666666674,1290.3333333333333,1214.813703138606,1459.2792199777841,inf,0
SNNPR,Barely,2018,81161.32,154504718,1904,22,2010,1,7,1521.2747252747254,-0.582887432241896,0,726.1538461538462,0.0197894158899183,81147.43592436975,0,S.N.N.P.R_Barely,S.N.N.P.R_2018,Barely_2018,81161.32,0.3050034270047979,144.19468932574398,1903.67428720972,1491.7666666666667,412.23333333333335,1121.0,995.9854416606697,1903.67428720972,556.7330260860822,0
Gambela,Barely,2018,58318.95,0,0,22,2010,1,4,485.2197802197802,-0.1133742964865565,0,726.1538461538462,0.050681203459444796,64289.84447004608,1,Gambela_Barely,Gambela_2018,Barely_2018,18.165,-1.0,-1.0,0.0,462.8839779005525,-462.8839779005525,1121.0,995.9854416606697,0.0,-464.8839779005525,2
Harari,Barely,2018,58318.95,0,0,22,2010,1,5,12684.181318681318,-0.1133742964865565,0,726.1538461538462,0.050681203459444796,64289.84447004608,1,Harari_Barely,Harari_2018,Barely_2018,29.570909090909087,0.0,0.0,0.0,536.2277777777778,-536.2277777777778,634.6666666666666,1099.2749125370472,0.0,-536.2277777777778,1
Dire Dawa,Barely,2018,58318.95,0,0,22,2010,1,3,361.5824175824176,-0.1133742964865565,0,726.1538461538462,0.050681203459444796,64289.84447004608,1,DIRE DAWA_Barely,DIRE DAWA_2018,Barely_2018,21.65,0.0,0.0,0.0,361.5824175824176,-361.5824175824176,0.0,0.0,0.0,-361.5824175824176,1
Tigray,Barely,2019,91579.93,168685384,1842,23,2010,1,9,1323.2252747252746,-0.405689459591063,0,726.1538461538462,-0.00432419274506756,91577.29858849075,0,Tigray_Barely,Tigray_2019,Barely_2019,91579.93,inf,inf,1841.947072901235,1323.2252747252746,518.7747252747254,614.0,1063.4791958472904,1841.947072901235,inf,0
Afar,Barely,2019,58318.95,0,0,23,2010,1,0,454.0164835164835,-0.1133742964865565,0,726.1538461538462,0.050681203459444796,64289.84447004608,1,Afar_Barely,Afar_2019,Barely_2019,194.11333333333332,-1.0,-1.0,0.0,425.4088397790055,-425.4088397790055,614.0,1063.4791958472904,0.0,-427.4088397790055,2
Amhara,Barely,2019,238164.36,481769434,2023,23,2010,1,1,1654.5824175824175,-0.777111953181417,0,726.1538461538462,-0.246590594021955,238146.0375679684,0,Amhara_Barely,Amhara_2019,Barely_2019,238164.36,inf,inf,2022.8443668061839,1625.4222222222222,397.5777777777778,1288.3333333333333,1119.3937347213143,2022.8443668061839,inf,0
Oromia,Barely,2019,386569.22,932507644,2412,23,2010,1,6,1857.7087912087911,-0.636146956886387,0,726.1538461538462,-0.143299755920062,386611.7927031509,0,Oromiya_Barely,Oromiya_2019,Barely_2019,386569.22,0.19228868017795353,0.9355890560711662,2412.2656325301846,1817.2122905027934,594.7877094972066,1478.3333333333333,1294.9642208699559,2412.2656325301846,595.9155872334558,0
Somali,Barely,2019,58318.95,0,0,23,2010,1,8,549.7857142857143,-0.1133742964865565,0,726.1538461538462,0.050681203459444796,64289.84447004608,1,Somalia_Barely,Somalia_2019,Barely_2019,3861.001666666667,-1.0,-1.0,0.0,549.7857142857143,-549.7857142857143,1478.3333333333333,1294.9642208699559,0.0,-551.7857142857143,2
Benishangul Gumuz,Barely,2019,1687.07,2637226,1563,23,2010,1,2,1183.4835164835165,-0.938972191406887,0,726.1538461538462,1.4783140263184356,1687.2847088931542,0,Benushangul Gumuz_Barely,Benushangul Gumuz_2019,Barely_2019,1687.07,inf,inf,1563.1989188356144,1148.8333333333333,414.16666666666674,1325.0,1223.486411857524,1563.1989188356144,inf,0
SNNPR,Barely,2019,93643.58,181893969,1942,23,2010,1,7,1521.2747252747254,-0.481530456429544,0,726.1538461538462,0.1772712921297328,93663.21781668384,0,S.N.N.P.R_Barely,S.N.N.P.R_2019,Barely_2019,93643.58,0.2424824056301984,67.97170322149107,1942.4072531186869,1491.7666666666667,450.23333333333335,1168.3333333333333,1029.3990156073262,1942.4072531186869,518.4475189604547,0
Gambela,Barely,2019,58318.95,0,0,23,2010,1,4,485.2197802197802,-0.1133742964865565,0,726.1538461538462,0.050681203459444796,64289.84447004608,1,Gambela_Barely,Gambela_2019,Barely_2019,18.165,-1.0,-1.0,0.0,462.8839779005525,-462.8839779005525,1168.3333333333333,1029.3990156073262,0.0,-464.8839779005525,2
Harari,Barely,2019,58318.95,0,0,23,2010,1,5,12684.181318681318,-0.1133742964865565,0,726.1538461538462,0.050681203459444796,64289.84447004608,1,Harari_Barely,Harari_2019,Barely_2019,29.570909090909087,0.0,0.0,0.0,536.2277777777778,-536.2277777777778,647.3333333333334,1121.214222766253,0.0,-536.2277777777778,1
Dire Dawa,Barely,2019,58318.95,0,0,23,2010,1,3,361.5824175824176,-0.1133742964865565,0,726.1538461538462,0.050681203459444796,64289.84447004608,1,DIRE DAWA_Barely,DIRE DAWA_2019,Barely_2019,21.65,0.0,0.0,0.0,361.5824175824176,-361.5824175824176,0.0,0.0,0.0,-361.5824175824176,1
Tigray,Barely,2020,94845.64,176359549,1859,24,2020,1,9,1323.2252747252746,-0.368070742346568,0,726.1538461538462,0.0454939534061824,94867.96611081228,0,Tigray_Barely,Tigray_2020,Barely_2020,94845.64,inf,inf,1859.4375977641143,1323.2252747252746,535.7747252747254,619.6666666666666,1073.2941504235139,1859.4375977641143,inf,0
Afar,Barely,2020,58318.95,0,0,24,2020,1,0,454.0164835164835,-0.1133742964865565,0,726.1538461538462,0.050681203459444796,64289.84447004608,1,Afar_Barely,Afar_2020,Barely_2020,194.11333333333332,-1.0,-1.0,0.0,425.4088397790055,-425.4088397790055,619.6666666666666,1073.2941504235139,0.0,-427.4088397790055,2
Amhara,Barely,2020,242470.69,492206224,2030,24,2020,1,1,1654.5824175824175,-0.782039954467207,0,726.1538461538462,0.021663454057984,242466.12019704437,0,Amhara_Barely,Amhara_2020,Barely_2020,242470.69,inf,inf,2029.961740942792,1625.4222222222222,404.5777777777778,1296.3333333333333,1125.9086700675737,2029.961740942792,inf,0
Oromia,Barely,2020,372910.96,904786657,2426,24,2020,1,6,1857.7087912087911,-0.682040859735945,0,726.1538461538462,-0.0297273563153762,372954.104286892,0,Oromiya_Barely,Oromiya_2020,Barely_2020,372910.96,0.19507389162561584,0.8382267693551149,2426.280678368906,1817.2122905027934,608.7877094972066,1485.3333333333333,1301.4858175690322,2426.280678368906,609.8210101581874,0
Somali,Barely,2020,58318.95,0,0,24,2020,1,8,549.7857142857143,-0.1133742964865565,0,726.1538461538462,0.050681203459444796,64289.84447004608,1,Somalia_Barely,Somalia_2020,Barely_2020,3861.001666666667,-1.0,-1.0,0.0,549.7857142857143,-549.7857142857143,1485.3333333333333,1301.4858175690322,0.0,-551.7857142857143,2
Benishangul Gumuz,Barely,2020,58318.95,0,0,24,2020,1,2,1183.4835164835165,-1.0,0,726.1538461538462,-1.0,64289.84447004608,1,Benushangul Gumuz_Barely,Benushangul Gumuz_2020,Barely_2020,928.440625,0.0,0.0,0.0,1148.8333333333333,-1148.8333333333333,808.6666666666666,1400.6517530540318,0.0,-1148.8333333333333,1
SNNPR,Barely,2020,89967.31,175567149,1951,24,2020,1,7,1521.2747252747254,-0.542505215517418,0,726.1538461538462,-0.0347830114147434,89988.28754484879,0,S.N.N.P.R_Barely,S.N.N.P.R_2020,Barely_2020,89967.31,inf,inf,1951.4549117896267,1491.7666666666667,459.23333333333335,650.3333333333334,1126.4103751889595,1951.4549117896267,inf,0
Gambela,Barely,2020,58318.95,0,0,24,2020,1,4,485.2197802197802,-0.1133742964865565,0,726.1538461538462,0.050681203459444796,64289.84447004608,1,Gambela_Barely,Gambela_2020,Barely_2020,18.165,-1.0,-1.0,0.0,462.8839779005525,-462.8839779005525,650.3333333333334,1126.4103751889595,0.0,-464.8839779005525,2
Harari,Barely,2020,58318.95,0,0,24,2020,1,5,12684.181318681318,-0.1133742964865565,0,726.1538461538462,0.050681203459444796,64289.84447004608,1,Harari_Barely,Harari_2020,Barely_2020,29.570909090909087,0.0,0.0,0.0,536.2277777777778,-536.2277777777778,650.3333333333334,1126.4103751889595,0.0,-536.2277777777778,1
Dire Dawa,Barely,2020,58318.95,0,0,24,2020,1,3,361.5824175824176,-0.1133742964865565,0,726.1538461538462,0.050681203459444796,64289.84447004608,1,DIRE DAWA_Barely,DIRE DAWA_2020,Barely_2020,21.65,0.0,0.0,0.0,361.5824175824176,-361.5824175824176,0.0,0.0,0.0,-361.5824175824176,1
Tigray,Barely,2021,85431.88,160688813,1881,25,2020,1,9,1323.2252747252746,-0.484565149449608,0,726.1538461538462,-0.0888567479836319,85427.33280170122,0,Tigray_Barely,Tigray_2021,Barely_2021,85431.88,inf,inf,1880.8998818707958,1323.2252747252746,557.7747252747254,627.0,1085.9958563456855,1880.8998818707958,inf,0
Afar,Barely,2021,58318.95,0,0,25,2020,1,0,454.0164835164835,-0.1133742964865565,0,726.1538461538462,0.050681203459444796,64289.84447004608,1,Afar_Barely,Afar_2021,Barely_2021,194.11333333333332,-1.0,-1.0,0.0,425.4088397790055,-425.4088397790055,627.0,1085.9958563456855,0.0,-427.4088397790055,2
Amhara,Barely,2021,311401.39,728902314,2341,25,2020,1,1,1654.5824175824175,-0.652318048693392,0,726.1538461538462,0.4808880474457389,311363.65399401967,0,Amhara_Barely,Amhara_2021,Barely_2021,311401.39,inf,inf,2340.7163147216525,1625.4222222222222,715.5777777777778,1407.3333333333333,1240.2984855805203,2340.7163147216525,inf,0
Oromia,Barely,2021,440702.06,1231994795,2796,25,2020,1,6,1857.7087912087911,-0.542088868027347,0,726.1538461538462,0.361641206209786,440627.6090844063,0,Oromiya_Barely,Oromiya_2021,Barely_2021,440702.06,0.19436138402392134,0.6902056302156285,2795.5276519469867,1817.2122905027934,978.7877094972066,1712.3333333333333,1500.2734195250316,2795.5276519469867,979.6722765114462,0
Somali,Barely,2021,58318.95,0,0,25,2020,1,8,549.7857142857143,-0.1133742964865565,0,726.1538461538462,0.050681203459444796,64289.84447004608,1,Somalia_Barely,Somalia_2021,Barely_2021,3861.001666666667,-1.0,-1.0,0.0,549.7857142857143,-549.7857142857143,1712.3333333333333,1500.2734195250316,0.0,-551.7857142857143,2
Benishangul Gumuz,Barely,2021,58318.95,0,0,25,2020,1,2,1183.4835164835165,-1.0,0,726.1538461538462,0.050681203459444796,64289.84447004608,1,Benushangul Gumuz_Barely,Benushangul Gumuz_2021,Barely_2021,928.440625,0.0,0.0,0.0,1148.8333333333333,-1148.8333333333333,932.0,1614.2713526541932,0.0,-1148.8333333333333,1
SNNPR,Barely,2021,75440.14,183737285,2436,25,2020,1,7,1521.2747252747254,-0.509285352222934,0,726.1538461538462,0.0465356762158277,75425.81486042692,0,S.N.N.P.R_Barely,S.N.N.P.R_2021,Barely_2021,75440.14,inf,inf,2435.537434050361,1491.7666666666667,944.2333333333333,812.0,1406.4252557459279,2435.537434050361,inf,0
Gambela,Barely,2021,58318.95,0,0,25,2020,1,4,485.2197802197802,-0.1133742964865565,0,726.1538461538462,0.050681203459444796,64289.84447004608,1,Gambela_Barely,Gambela_2021,Barely_2021,18.165,-1.0,-1.0,0.0,462.8839779005525,-462.8839779005525,812.0,1406.425255745928,0.0,-464.8839779005525,2
Harari,Barely,2021,58318.95,0,0,25,2020,1,5,12684.181318681318,-0.1133742964865565,0,726.1538461538462,0.050681203459444796,64289.84447004608,1,Harari_Barely,Harari_2021,Barely_2021,29.570909090909087,0.0,0.0,0.0,536.2277777777778,-536.2277777777778,812.0,1406.425255745928,0.0,-536.2277777777778,1
Dire Dawa,Barely,2021,58318.95,0,0,25,2020,1,3,361.5824175824176,-0.1133742964865565,0,726.1538461538462,0.050681203459444796,64289.84447004608,1,DIRE DAWA_Barely,DIRE DAWA_2021,Barely_2021,21.65,0.0,0.0,0.0,361.5824175824176,-361.5824175824176,0.0,0.0,0.0,-361.5824175824176,1
Tigray,Barely,2022,58318.95,0,0,26,2020,1,9,1323.2252747252746,-0.1133742964865565,0,726.1538461538462,-1.0,64289.84447004608,1,Tigray_Barely,Tigray_2022,Barely_2022,87516.36279999999,0.0,0.0,0.0,1323.2252747252746,-1323.2252747252746,0.0,0.0,0.0,-1323.2252747252746,1
Afar,Barely,2022,58318.95,0,0,26,2020,1,0,454.0164835164835,-0.1133742964865565,0,726.1538461538462,0.050681203459444796,64289.84447004608,1,Afar_Barely,Afar_2022,Barely_2022,194.11333333333332,0.0,0.0,0.0,425.4088397790055,-425.4088397790055,0.0,0.0,0.0,-425.4088397790055,1
Amhara,Barely,2022,286865.38,646475641,2254,26,2020,1,1,1654.5824175824175,-0.713191216750799,0,726.1538461538462,-0.113083291707042,286812.61801242235,0,Amhara_Barely,Amhara_2022,Barely_2022,286865.38,inf,inf,2253.5854309083934,1625.4222222222222,628.5777777777778,751.3333333333334,1301.3475067534162,2253.5854309083934,inf,0
Oromia,Barely,2022,434183.48,1239939241,2856,26,2020,1,6,1857.7087912087911,-0.586239894075746,0,726.1538461538462,0.0064484412046561,434152.39530812326,0,Oromiya_Barely,Oromiya_2022,Barely_2022,434183.48,0.26708074534161486,0.9179983936935374,2855.7955291159396,1817.2122905027934,1038.7877094972066,1703.3333333333333,1505.5262645777163,2855.7955291159396,1039.9727886362418,0
Somali,Barely,2022,58318.95,0,0,26,2020,1,8,549.7857142857143,-0.1133742964865565,0,726.1538461538462,0.050681203459444796,64289.84447004608,1,Somalia_Barely,Somalia_2022,Barely_2022,3861.001666666667,-1.0,-1.0,0.0,549.7857142857143,-549.7857142857143,1703.3333333333333,1505.5262645777163,0.0,-551.7857142857143,2
Benishangul Gumuz,Barely,2022,58318.95,0,0,26,2020,1,2,1183.4835164835165,-1.0,0,726.1538461538462,0.050681203459444796,64289.84447004608,1,Benushangul Gumuz_Barely,Benushangul Gumuz_2022,Barely_2022,928.440625,0.0,0.0,0.0,1148.8333333333333,-1148.8333333333333,952.0,1648.9123688055708,0.0,-1148.8333333333333,1
SNNPR,Barely,2022,70837.95,166442165,2350,26,2020,1,7,1521.2747252747254,-0.493850962176075,0,726.1538461538462,-0.0941296155540776,70826.45319148936,0,S.N.N.P.R_Barely,S.N.N.P.R_2022,Barely_2022,70837.95,inf,inf,2349.6186013288075,1491.7666666666667,858.2333333333333,783.3333333333334,1356.7731325956204,2349.6186013288075,inf,0
Gambela,Barely,2022,58318.95,0,0,26,2020,1,4,485.2197802197802,-0.1133742964865565,0,726.1538461538462,0.050681203459444796,64289.84447004608,1,Gambela_Barely,Gambela_2022,Barely_2022,18.165,-1.0,-1.0,0.0,462.8839779005525,-462.8839779005525,783.3333333333334,1356.7731325956204,0.0,-464.8839779005525,2
Harari,Barely,2022,21.0,11970,570,26,2020,1,5,12684.181318681318,597.5,0,726.1538461538462,inf,21.0,0,Harari_Barely,Harari_2022,Barely_2022,21.0,inf,inf,570.0,536.2277777777778,33.77222222222224,973.3333333333334,1225.8194538076693,570.0,inf,0
Dire Dawa,Barely,2022,58318.95,0,0,26,2020,1,3,361.5824175824176,-0.1133742964865565,0,726.1538461538462,0.050681203459444796,64289.84447004608,1,DIRE DAWA_Barely,DIRE DAWA_2022,Barely_2022,21.65,-1.0,-1.0,0.0,361.5824175824176,-361.5824175824176,190.0,329.08965343808603,0.0,-363.5824175824176,2
Tigray,Maize,1996,45050.0,67963000,1509,0,1990,0,9,1323.2252747252746,-0.197157808937663,1,2015.483870967742,0.050681203459444796,45038.43605036448,0,Tigray_Maize,Tigray_1996,Maize_1996,45050.0,0.0,0.0,1508.612652608213,1323.2252747252746,185.77472527472537,1509.0,0.0,1508.612652608213,185.77472527472537,0
Afar,Maize,1996,4500.0,3636000,808,0,1990,0,0,454.0164835164835,inf,1,2015.483870967742,inf,4500.0,0,Afar_Maize,Afar_1996,Maize_1996,4500.0,-0.46454605699138507,-0.946500301634713,808.0,425.4088397790055,382.5911602209945,1158.5,495.68185361176984,808.0,381.1801138623684,0
Amhara,Maize,1996,289690.0,566729000,1956,0,1990,0,1,1654.5824175824175,1.4491102064804973,1,2015.483870967742,156.2426265250048,289738.7525562372,0,Amhara_Maize,Amhara_1996,Maize_1996,289690.0,1.4207920792079207,154.86606160616063,1956.3291794677068,1625.4222222222222,330.5777777777778,1424.3333333333333,578.6642665080792,1956.3291794677068,486.86463146314634,0
Oromia,Maize,1996,699620.0,1466028000,2095,0,1990,0,6,1857.7087912087911,1.2958775221283283,1,2015.483870967742,-0.445146394862101,699774.7016706443,0,Oromiya_Maize,Oromiya_1996,Maize_1996,699620.0,0.07106339468302658,1.586823684688802,2095.4632514793743,1817.2122905027934,277.7877094972066,1619.6666666666667,706.351423395843,2095.4632514793743,279.44559657657845,0
Somali,Maize,1996,20550.0,19711000,959,0,1990,0,8,549.7857142857143,3.3821698532681195,1,2015.483870967742,-0.996816070135118,20553.701772679877,0,Somalia_Maize,Somalia_1996,Maize_1996,20550.0,-0.5422434367541766,-0.9865548270565091,959.1727493917275,549.7857142857143,409.21428571428567,1670.0,619.6539356770035,959.1727493917275,407.68548745047497,0
Benishangul Gumuz,Maize,1996,20550.0,40001000,1947,0,1990,0,2,1183.4835164835165,inf,1,2015.483870967742,2.902104879323595,20544.940934771443,0,Benushangul Gumuz_Maize,Benushangul Gumuz_1996,Maize_1996,20550.0,1.0302398331595413,1.0293744609608848,1946.5206812652068,1148.8333333333333,798.1666666666667,1667.0,617.5953367699598,1946.5206812652068,800.2262809607872,0
SNNPR,Maize,1996,194650.0,359653000,1848,0,1990,0,7,1521.2747252747254,2.252776571883366,1,2015.483870967742,0.1642677329494,194617.42424242423,0,S.N.N.P.R_Maize,S.N.N.P.R_1996,Maize_1996,194650.0,-0.05084745762711862,7.991100222494438,1847.6907269458002,1491.7666666666667,356.23333333333335,1584.6666666666667,544.0995619675992,1847.6907269458002,364.17358609820064,0
Gambela,Maize,1996,5160.0,14789000,2866,0,1990,0,4,485.2197802197802,inf,1,2015.483870967742,-0.989355547122013,5160.153524075367,0,Gambela_Maize,Gambela_1996,Maize_1996,5160.0,0.550865800865801,-0.9588798091493745,2866.0852713178297,462.8839779005525,2403.1160220994475,2220.3333333333335,561.3504550041206,2866.0852713178297,2402.7080080911637,0
Dire Dawa,Maize,1996,230.0,0,0,0,1990,0,3,361.5824175824176,-0.1133742964865565,1,2015.483870967742,-1.0,64289.84447004608,0,DIRE DAWA_Maize,DIRE DAWA_1996,Maize_1996,230.0,-1.0,-1.0,0.0,361.5824175824176,-361.5824175824176,1571.3333333333333,1452.8927466724217,0.0,-363.5824175824176,2
Tigray,Maize,1997,41740.0,82755000,1983,1,1990,0,9,1323.2252747252746,0.4794057706746755,1,2015.483870967742,0.2176478377940938,41732.22390317701,0,Tigray_Maize,Tigray_1997,Maize_1997,41740.0,inf,inf,1982.6305701964543,1323.2252747252746,659.7747252747254,1616.3333333333333,1467.760993259234,1982.6305701964543,inf,0
Afar,Maize,1997,1470.0,1360000,925,1,1990,0,0,454.0164835164835,inf,1,2015.483870967742,-0.625962596259626,1470.2702702702702,0,Afar_Maize,Afar_1997,Maize_1997,1470.0,-0.5335350479072113,-0.9835659476768775,925.1700680272108,425.4088397790055,499.5911602209945,969.3333333333334,992.2430817765039,925.1700680272108,498.0740592254104,0
Amhara,Maize,1997,316250.0,530125000,1670,1,1990,0,1,1654.5824175824175,1.5586665250883254,1,2015.483870967742,-0.0645881894168112,317440.119760479,0,Amhara_Maize,Amhara_1997,Maize_1997,316250.0,0.8054054054054054,388.7977941176471,1676.2845849802372,1625.4222222222222,44.57777777777778,1526.0,543.5006899719633,1676.2845849802372,434.18097730083025,0
Oromia,Maize,1997,751840.0,154161000,2051,1,1990,0,6,1857.7087912087911,-0.744906350989772,1,2015.483870967742,-0.894844436804754,75163.82252559726,0,Oromiya_Maize,Oromiya_1997,Maize_1997,751840.0,0.22814371257485022,-0.7091987738740864,205.04495637369652,1817.2122905027934,233.7877094972066,1548.6666666666667,572.7218638513231,205.04495637369652,233.30665443590738,0
Somali,Maize,1997,16360.0,14275000,873,1,1990,0,8,549.7857142857143,inf,1,2015.483870967742,-0.275785094617218,16351.660939289804,0,Somalia_Maize,Somalia_1997,Maize_1997,16360.0,-0.5743539736713799,-0.9074020018033095,872.5550122249389,549.7857142857143,323.21428571428567,1531.3333333333333,601.117570308283,872.5550122249389,321.73252973881097,0
Benishangul Gumuz,Maize,1997,21730.0,44378000,2042,1,1990,0,2,1183.4835164835165,inf,1,2015.483870967742,0.1094222644433888,21732.615083251712,0,Benushangul Gumuz_Maize,Benushangul Gumuz_1997,Maize_1997,21730.0,1.339060710194731,2.1087915936952712,2042.2457432121491,1148.8333333333333,893.1666666666667,1655.3333333333333,677.5354849255746,2042.2457432121491,896.6145189705568,0
SNNPR,Maize,1997,163240.0,311344000,1907,1,1990,0,7,1521.2747252747254,1.4809472962850814,1,2015.483870967742,-0.13432113731847,163263.76507603566,0,S.N.N.P.R_Maize,S.N.N.P.R_1997,Maize_1997,163240.0,-0.06611165523996088,6.0157285141286225,1907.277628032345,1491.7666666666667,415.23333333333335,1607.3333333333333,639.5235205473944,1907.277628032345,421.182950192222,0
Gambela,Maize,1997,2910.0,4734000,1627,1,1990,0,4,485.2197802197802,inf,1,2015.483870967742,-0.679897220907431,2909.6496619545173,0,Gambela_Maize,Gambela_1997,Maize_1997,2910.0,-0.14682747771368643,-0.9847949534919574,1626.8041237113403,462.8839779005525,1164.1160220994475,1858.6666666666667,211.67978961944667,1626.8041237113403,1162.9843996682418,0
Harari,Maize,1997,1170.0,1271000,1086,1,1990,0,5,12684.181318681318,17.15714285714286,1,2015.483870967742,0.6274007682458387,1170.3499079189687,0,Harari_Maize,Harari_1997,Maize_1997,1170.0,-0.33251382913337435,-0.731516687790452,1086.3247863247864,536.2277777777778,549.7722222222222,1540.0,417.35716119410256,1086.3247863247864,548.7081917052984,0
Dire Dawa,Maize,1997,130.0,0,0,1,1990,0,3,361.5824175824176,-0.1133742964865565,1,2015.483870967742,0.050681203459444796,64289.84447004608,0,DIRE DAWA_Maize,DIRE DAWA_1997,Maize_1997,130.0,-1.0,-1.0,0.0,361.5824175824176,-361.5824175824176,904.3333333333334,828.5736740527869,0.0,-363.5824175824176,2
Tigray,Maize,1998,61560.0,95365000,1549,2,1990,0,9,1323.2252747252746,1.6997225682255692,1,2015.483870967742,0.1523774998489517,61565.52614590058,0,Tigray_Maize,Tigray_1998,Maize_1998,61560.0,inf,inf,1549.139051332034,1323.2252747252746,225.77472527472537,878.3333333333334,795.1064918193878,1549.139051332034,inf,0
Afar,Maize,1998,5260.0,5934000,1128,2,1990,0,0,454.0164835164835,inf,1,2015.483870967742,3.363235294117647,5260.63829787234,0,Afar_Maize,Afar_1998,Maize_1998,5260.0,-0.2717882504841833,-0.9377759135951345,1128.1368821292776,425.4088397790055,702.5911602209944,892.3333333333334,800.9396564868879,1128.1368821292776,701.3815960569151,0
Amhara,Maize,1998,236830.0,377289000,1593,2,1990,0,1,1654.5824175824175,0.8094093950075534,1,2015.483870967742,-0.288301815609526,236841.8079096045,0,Amhara_Maize,Amhara_1998,Maize_1998,236830.0,0.4122340425531914,62.580889787664304,1593.0794240594519,1625.4222222222222,-32.42222222222222,1423.3333333333333,256.71060230020373,1593.0794240594519,30.570901607995282,1
Oromia,Maize,1998,577570.0,1031438000,1786,2,1990,0,6,1857.7087912087911,12.557281808622502,1,2015.483870967742,5.69065457541142,577512.8779395297,0,Oromiya_Maize,Oromiya_1998,Maize_1998,577570.0,0.12115505335844312,1.7338141318723843,1785.8233634018388,1817.2122905027934,-31.212290502793394,1502.3333333333333,338.2400528224493,1785.8233634018388,-29.357321317562565,1
Somali,Maize,1998,22150.0,32401000,1463,2,1990,0,8,549.7857142857143,30.15480769230769,1,2015.483870967742,1.2697723292469352,22146.95830485304,0,Somalia_Maize,Somalia_1998,Maize_1998,22150.0,-0.18085106382978722,-0.9685865752473731,1462.7990970654628,549.7857142857143,913.2142857142857,1614.0,162.52076790367386,1462.7990970654628,912.0648480752085,0
Benishangul Gumuz,Maize,1998,22050.0,39596000,1796,2,1990,0,2,1183.4835164835165,inf,1,2015.483870967742,-0.107756095362567,22046.770601336302,0,Benushangul Gumuz_Maize,Benushangul Gumuz_1998,Maize_1998,22050.0,0.2276144907723856,0.22206104749853406,1795.7369614512472,1148.8333333333333,647.1666666666667,1681.6666666666667,189.43688482798987,1795.7369614512472,647.6163422049376,0
SNNPR,Maize,1998,165470.0,324638000,1962,2,1990,0,7,1521.2747252747254,2.379146672773261,1,2015.483870967742,0.042698751220515,165462.79306829764,0,S.N.N.P.R_Maize,S.N.N.P.R_1998,Maize_1998,165470.0,0.09242761692650325,7.1987574502475,1961.9145464434641,1491.7666666666667,470.23333333333335,1740.3333333333333,254.11480345177264,1961.9145464434641,477.52451840050736,0
Gambela,Maize,1998,9000.0,21642000,2405,2,1990,0,4,485.2197802197802,inf,1,2015.483870967742,3.571609632446134,8998.752598752599,0,Gambela_Maize,Gambela_1998,Maize_1998,9000.0,0.22579001019367984,-0.9333349761888626,2404.6666666666665,462.8839779005525,1942.1160220994475,2054.3333333333335,314.8242896177688,2404.6666666666665,1941.4084771334524,0
Harari,Maize,1998,670.0,534000,797,2,1990,0,5,12684.181318681318,18.071428571428573,1,2015.483870967742,-0.579858379228953,670.0125470514429,0,Harari_Maize,Harari_1998,Maize_1998,670.0,-0.6686070686070686,-0.9753257554754644,797.0149253731344,536.2277777777778,260.77222222222224,1721.3333333333333,830.5759046187968,797.0149253731344,259.1282893981397,0
Dire Dawa,Maize,1998,60.0,0,0,2,1990,0,3,361.5824175824176,-0.1133742964865565,1,2015.483870967742,0.050681203459444796,64289.84447004608,0,DIRE DAWA_Maize,DIRE DAWA_1998,Maize_1998,60.0,-1.0,-1.0,0.0,361.5824175824176,-361.5824175824176,1067.3333333333333,1225.0780927489207,0.0,-363.5824175824176,2
Tigray,Maize,1999,69870.0,131798000,1886,3,1990,0,9,1323.2252747252746,1.2821374151544536,1,2015.483870967742,0.3820374351177056,69882.29056203605,0,Tigray_Maize,Tigray_1999,Maize_1999,69870.0,inf,inf,1886.3317589809647,1323.2252747252746,562.7747252747254,894.3333333333334,946.7599132479854,1886.3317589809647,inf,0
Afar,Maize,1999,3390.0,5754000,3136,3,1990,0,0,454.0164835164835,inf,1,2015.483870967742,-0.0303336703741152,1834.821428571429,0,Afar_Maize,Afar_1999,Maize_1999,3390.0,0.6627783669141039,-0.9563422813699752,1697.345132743363,425.4088397790055,2710.5911602209944,1674.0,1578.7121333542727,1697.345132743363,2710.2975963065387,0
Amhara,Maize,1999,305410.0,528471000,1730,3,1990,0,1,1654.5824175824175,1.143133485814395,1,2015.483870967742,0.4007060900264783,305474.56647398847,0,Amhara_Maize,Amhara_1999,Maize_1999,305410.0,-0.44834183673469385,90.84410844629822,1730.3657378605808,1625.4222222222222,104.57777777777778,2250.6666666666665,770.6784889519962,1730.3657378605808,194.9735443873413,0
Oromia,Maize,1999,702820.0,1377752000,1960,3,1990,0,6,1857.7087912087911,0.9370091581631936,1,2015.483870967742,0.3357584265850202,702934.693877551,0,Oromiya_Maize,Oromiya_1999,Maize_1999,702820.0,0.13294797687861282,1.6070531779416468,1960.3198543012436,1817.2122905027934,142.7877094972066,2275.3333333333335,754.1785818579922,1960.3198543012436,144.52771065202685,0
Somali,Maize,1999,58318.95,14237000,0,3,1990,0,8,549.7857142857143,10.913807531380751,1,2015.483870967742,-0.560599981482053,inf,1,Somalia_Maize,Somalia_1999,Maize_1999,26970.177826086958,-1.0,-0.9896665002119395,244.12305091226781,549.7857142857143,-549.7857142857143,1230.0,1071.400952024964,244.12305091226781,-551.7753807859262,2
Benishangul Gumuz,Maize,1999,29010.0,55272000,1905,3,1990,0,2,1183.4835164835165,inf,1,2015.483870967742,0.3958985756136983,29014.17322834645,0,Benushangul Gumuz_Maize,Benushangul Gumuz_1999,Maize_1999,29010.0,inf,2.882278569923439,1905.2740434332989,1148.8333333333333,756.1666666666667,1288.3333333333333,1116.0682476145141,1905.2740434332989,inf,0
SNNPR,Maize,1999,162670.0,288330000,1772,3,1990,0,7,1521.2747252747254,2.0865162284833434,1,2015.483870967742,-0.111841497298529,162714.44695259593,0,S.N.N.P.R_Maize,S.N.N.P.R_1999,Maize_1999,162670.0,-0.06981627296587922,4.216565349544073,1772.4841704063442,1491.7666666666667,280.23333333333335,1225.6666666666667,1063.539530686722,1772.4841704063442,284.38008240991155,0
Gambela,Maize,1999,58318.95,13607000,0,3,1990,0,4,485.2197802197802,inf,1,2015.483870967742,-0.371268829128546,inf,1,Gambela_Maize,Gambela_1999,Maize_1999,5422.006818181818,-1.0,-0.9528075469080567,233.32038728406462,462.8839779005525,-462.8839779005525,1225.6666666666667,1063.539530686722,233.32038728406462,-464.83678544746056,2
Harari,Maize,1999,1140.0,1265000,1110,3,1990,0,5,12684.181318681318,22.425925925925927,1,2015.483870967742,1.3689138576779023,1139.6396396396397,0,Harari_Maize,Harari_1999,Maize_1999,1140.0,inf,-0.9070331447049312,1109.6491228070176,536.2277777777778,573.7722222222222,960.6666666666666,895.3889285295705,1109.6491228070176,inf,0
Dire Dawa,Maize,1999,180.0,131000,728,3,1990,0,3,361.5824175824176,inf,1,2015.483870967742,inf,179.94505494505495,0,DIRE DAWA_Maize,DIRE DAWA_1999,Maize_1999,180.0,-0.3441441441441442,-0.8964426877470356,727.7777777777778,361.5824175824176,366.4175824175824,612.6666666666666,563.9160694051308,727.7777777777778,365.17699558569126,0
Tigray,Maize,2000,75550.0,134492000,1780,4,2000,0,9,1323.2252747252746,0.8660265837888836,1,2015.483870967742,0.0204403708705747,75557.30337078651,0,Tigray_Maize,Tigray_2000,Maize_2000,75550.0,1.4450549450549453,1025.6564885496184,1780.1720714758437,1323.2252747252746,456.77472527472537,1206.0,532.5298113720952,1780.1720714758437,1483.8762687693986,0
Afar,Maize,2000,6390.0,12190000,1908,4,2000,0,0,454.0164835164835,inf,1,2015.483870967742,1.118526242613834,6388.888888888889,0,Afar_Maize,Afar_2000,Maize_2000,6390.0,0.07191011235955047,-0.909362638669958,1907.6682316118936,425.4088397790055,1482.5911602209944,1472.0,647.4936293122887,1907.6682316118936,1481.753707694684,0
Amhara,Maize,2000,309410.0,524905000,1696,4,2000,0,1,1654.5824175824175,0.6046742685946624,1,2015.483870967742,-0.00674776856251335,309495.87264150946,0,Amhara_Maize,Amhara_2000,Maize_2000,309410.0,-0.11111111111111116,42.0602953240361,1696.4707023043857,1625.4222222222222,70.57777777777778,1794.6666666666667,106.75829397912393,1696.4707023043857,112.52696199070277,0
Oromia,Maize,2000,747550.0,1443799000,1931,4,2000,0,6,1857.7087912087911,0.96933600676542,1,2015.483870967742,0.047938235618602,747694.9766960124,0,Oromiya_Maize,Oromiya_2000,Maize_2000,747550.0,0.13856132075471694,1.7505910593345462,1931.3744900006689,1817.2122905027934,113.7877094972066,1845.0,129.54921844611707,1931.3744900006689,115.67686187729586,0
Somali,Maize,2000,24230.0,10443000,431,4,2000,0,8,549.7857142857143,7.637717121588089,1,2015.483870967742,-0.266488726557561,24229.69837587007,0,Somalia_Maize,Somalia_2000,Maize_2000,24230.0,-0.7767995857068877,-0.9927669987304327,430.99463475030956,549.7857142857143,-118.78571428571433,1352.6666666666667,806.7889025843951,430.99463475030956,-120.55528087015165,1
Benishangul Gumuz,Maize,2000,29540.0,49354000,1671,4,2000,0,2,1183.4835164835165,inf,1,2015.483870967742,-0.107070487769575,29535.607420706165,0,Benushangul Gumuz_Maize,Benushangul Gumuz_2000,Maize_2000,29540.0,2.8770301624129933,3.726036579526956,1670.7515233581585,1148.8333333333333,522.1666666666667,1344.3333333333333,801.5817695864425,1670.7515233581585,528.7697334086067,0
SNNPR,Maize,2000,205700.0,333929000,1623,4,2000,0,7,1521.2747252747254,3.450903032322559,1,2015.483870967742,0.1581486491173307,205747.9975354282,0,S.N.N.P.R_Maize,S.N.N.P.R_2000,Maize_2000,205700.0,-0.02872531418312385,5.765996677067715,1623.3787068546426,1491.7666666666667,131.23333333333335,1241.6666666666667,702.4680301147752,1623.3787068546426,136.97060469621795,0
Gambela,Maize,2000,7150.0,14441000,2020,4,2000,0,4,485.2197802197802,inf,1,2015.483870967742,0.0612919820680533,7149.009900990099,0,Gambela_Maize,Gambela_2000,Maize_2000,7150.0,0.24460874922982123,-0.9567542801014587,2019.7202797202797,462.8839779005525,1557.1160220994475,1771.3333333333333,216.6848710301048,2019.7202797202797,1556.403876568576,0
Harari,Maize,2000,1420.0,1627000,1146,4,2000,0,5,12684.181318681318,10.377622377622378,1,2015.483870967742,0.2861660079051382,1419.7207678883071,0,Harari_Maize,Harari_2000,Maize_2000,1420.0,-0.4326732673267327,-0.8873346721141195,1145.774647887324,536.2277777777778,609.7722222222222,1596.3333333333333,437.6097957465452,1145.774647887324,608.4522142827814,0
Dire Dawa,Maize,2000,300.0,270000,900,4,2000,0,3,361.5824175824176,inf,1,2015.483870967742,1.0610687022900764,300.0,0,DIRE DAWA_Maize,DIRE DAWA_2000,Maize_2000,300.0,-0.2146596858638743,-0.8340503995082975,900.0,361.5824175824176,538.4175824175825,1355.3333333333333,588.6130590917371,900.0,537.3688723322103,0
Tigray,Maize,2001,55680.0,86059000,1546,5,2000,0,9,1323.2252747252746,0.2622323261953652,1,2015.483870967742,-0.360118073937483,55665.58861578267,0,Tigray_Maize,Tigray_2001,Maize_2001,55680.0,0.7177777777777778,317.73703703703706,1545.599856321839,1323.2252747252746,222.77472527472537,1197.3333333333333,326.0449866710614,1545.599856321839,541.2295400895403,0
Afar,Maize,2001,6750.0,7295000,1081,5,2000,0,0,454.0164835164835,inf,1,2015.483870967742,-0.401558654634946,6748.381128584644,0,Afar_Maize,Afar_2001,Maize_2001,6750.0,-0.30077619663648125,-0.9152325730022426,1080.7407407407406,425.4088397790055,655.5911602209944,1175.6666666666667,333.242154196213,1080.7407407407406,654.3751514513557,0
Amhara,Maize,2001,377760.0,648883000,1718,5,2000,0,1,1654.5824175824175,1.012021593597579,1,2015.483870967742,0.2361913108086224,377696.74039580906,0,Amhara_Maize,Amhara_2001,Maize_2001,377760.0,0.5892691951896392,87.94900616860863,1717.7123041084287,1625.4222222222222,92.57777777777778,1448.3333333333333,329.53957779503946,1717.7123041084287,181.11605314157606,0
Oromia,Maize,2001,871250.0,1724724000,1980,5,2000,0,6,1857.7087912087911,0.7412642692940239,1,2015.483870967742,0.1945734828740011,871072.7272727273,0,Oromiya_Maize,Oromiya_2001,Maize_2001,871250.0,0.1525029103608848,1.6579891906553264,1979.5971305595408,1817.2122905027934,162.7877094972066,1593.0,462.35159781274643,1979.5971305595408,164.59820159822283,0
Somali,Maize,2001,26570.0,19049000,717,5,2000,0,8,549.7857142857143,8.679369918699187,1,2015.483870967742,0.8240926936704012,26567.64295676429,0,Somalia_Maize,Somalia_2001,Maize_2001,26570.0,-0.6378787878787879,-0.9889553343027638,716.936394429808,549.7857142857143,167.21428571428567,1471.6666666666667,666.5600748119654,716.936394429808,165.58745159210412,0
Benishangul Gumuz,Maize,2001,26670.0,47378000,1776,5,2000,0,2,1183.4835164835165,inf,1,2015.483870967742,-0.0400372816792965,26676.8018018018,0,Benushangul Gumuz_Maize,Benushangul Gumuz_2001,Maize_2001,26670.0,1.4769874476987446,1.4871646805606593,1776.4529433820771,1148.8333333333333,627.1666666666667,1491.0,678.0199112120524,1776.4529433820771,630.1308187949262,0
SNNPR,Maize,2001,344800.0,579274000,1680,5,2000,0,7,1521.2747252747254,2.217509636854442,1,2015.483870967742,0.7347220516936235,344805.9523809524,0,S.N.N.P.R_Maize,S.N.N.P.R_2001,Maize_2001,344800.0,-0.05405405405405406,11.226645278399257,1680.0290023201856,1491.7666666666667,188.23333333333335,1391.0,585.6714095804911,1680.0290023201856,199.40592455767856,0
Gambela,Maize,2001,8790.0,24420000,2778,5,2000,0,4,485.2197802197802,inf,1,2015.483870967742,0.6910186275188699,8790.496760259179,0,Gambela_Maize,Gambela_2001,Maize_2001,8790.0,0.6535714285714285,-0.9578437837707199,2778.156996587031,462.8839779005525,2315.1160220994475,2078.0,608.115120680287,2778.156996587031,2314.811749744248,0
Harari,Maize,2001,1080.0,960000,889,5,2000,0,5,12684.181318681318,3.5283018867924527,1,2015.483870967742,-0.409956976029502,1079.865016872891,0,Harari_Maize,Harari_2001,Maize_2001,1080.0,-0.6799856011519079,-0.9606879606879607,888.8888888888889,536.2277777777778,352.77222222222224,1782.3333333333333,948.6486880470203,888.8888888888889,351.13154866038235,0
Dire Dawa,Maize,2001,370.0,410000,1108,5,2000,0,3,361.5824175824176,inf,1,2015.483870967742,0.5185185185185186,370.03610108303246,0,DIRE DAWA_Maize,DIRE DAWA_2001,Maize_2001,370.0,0.24634420697412818,-0.5729166666666667,1108.1081081081081,361.5824175824176,746.4175824175825,1591.6666666666667,1033.213595213174,1108.1081081081081,746.0910099578899,0
Tigray,Maize,2002,52217.67,89497201,1714,6,2000,0,9,1323.2252747252746,0.2016243596182405,1,2015.483870967742,0.0399516726896664,52215.40315052509,0,Tigray_Maize,Tigray_2002,Maize_2002,52217.67,0.5469314079422383,217.28585609756098,1713.925592620276,1323.2252747252746,390.77472527472537,1237.0,427.36050355642203,1713.925592620276,608.6075127802286,0
Afar,Maize,2002,6100.41,6051564,992,6,2000,0,0,454.0164835164835,310.43862899490506,1,2015.483870967742,-0.170450445510623,6100.366935483871,0,Afar_Maize,Afar_2002,Maize_2002,6100.41,-0.4212368728121354,-0.9323826451287566,991.992997191992,425.4088397790055,566.5911602209944,1271.3333333333333,387.7232690119746,991.992997191992,565.2375407030536,0
Amhara,Maize,2002,296356.11,637489581,2151,6,2000,0,1,1654.5824175824175,0.8019753975712418,1,2015.483870967742,-0.0175585105481265,296368.9358437936,0,Amhara_Maize,Amhara_2002,Maize_2002,296356.11,1.1683467741935485,104.34294622018373,2151.093092023647,1625.4222222222222,525.5777777777778,1619.0,585.3110284284752,2151.093092023647,631.0890707721551,0
Oromia,Maize,2002,729461.83,1660387424,2276,6,2000,0,6,1857.7087912087911,0.9317573418527254,1,2015.483870967742,-0.0373025342025739,729519.9578207381,0,Oromiya_Maize,Oromiya_2002,Maize_2002,729461.83,0.0581125058112506,1.6045718604458257,2276.1813651030925,1817.2122905027934,458.7877094972066,1806.3333333333333,707.9974105414037,2276.1813651030925,460.45039386346366,0
Somali,Maize,2002,20846.55,26344726,1264,6,2000,0,8,549.7857142857143,1.3955532903623555,1,2015.483870967742,0.3829978476560449,20842.346518987342,0,Somalia_Maize,Somalia_2002,Maize_2002,20846.55,-0.4446397188049209,-0.9841333862090249,1263.7451280907392,549.7857142857143,714.2142857142857,1897.0,551.7454123053491,1263.7451280907392,712.7855126092717,0
Benishangul Gumuz,Maize,2002,20482.45,41252556,2014,6,2000,0,2,1183.4835164835165,41.49874675097895,1,2015.483870967742,-0.129288783823715,20482.897715988085,0,Benushangul Gumuz_Maize,Benushangul Gumuz_2002,Maize_2002,20482.45,0.5933544303797469,0.5658753102992986,2014.0440230538827,1148.8333333333333,865.1666666666667,1851.3333333333333,525.2440702505198,2014.0440230538827,866.3258964073458,0
SNNPR,Maize,2002,191490.02,327037722,1708,6,2000,0,7,1521.2747252747254,1.415868760443041,1,2015.483870967742,-0.435435179207076,191474.07611241215,0,S.N.N.P.R_Maize,S.N.N.P.R_2002,Maize_2002,191490.02,-0.15193644488579938,6.927695971129643,1707.8577880977818,1491.7666666666667,216.23333333333335,1662.0,377.11006350931467,1707.8577880977818,223.00909285957718,0
Gambela,Maize,2002,5110.06,10986748,2150,6,2000,0,4,485.2197802197802,inf,1,2015.483870967742,-0.550092219492219,5110.115348837209,0,Gambela_Maize,Gambela_2002,Maize_2002,5110.06,0.2587822014051522,-0.966405257678501,2150.0232873977993,462.8839779005525,1687.1160220994475,1957.3333333333333,226.38315602829908,2150.0232873977993,1686.408399043174,0
Harari,Maize,2002,667.56,826740,1238,6,2000,0,5,12684.181318681318,14.055999708619405,1,2015.483870967742,-0.1388125,667.8029079159935,0,Harari_Maize,Harari_2002,Maize_2002,667.56,-0.42418604651162795,-0.9247511638566753,1238.4504763616756,536.2277777777778,701.7722222222222,1698.6666666666667,456.0716318006775,1238.4504763616756,700.423285011854,0
Dire Dawa,Maize,2002,257.46,329987,1282,6,2000,0,3,361.5824175824176,inf,1,2015.483870967742,-0.195153658536585,257.40015600624025,0,DIRE DAWA_Maize,DIRE DAWA_2002,Maize_2002,257.46,0.035541195476575194,-0.6008575852142148,1281.7020119630236,361.5824175824176,920.4175824175825,1556.6666666666667,514.3124860756662,1281.7020119630236,919.8522660278448,0
Tigray,Maize,2004,43622.0,63784300,1462,8,2000,0,9,1323.2252747252746,-0.264043725178438,1,2015.483870967742,-0.287303968310696,43628.1121751026,0,Tigray_Maize,Tigray_2004,Maize_2004,43622.0,0.14040561622464898,192.29337216314582,1462.2048507633763,1323.2252747252746,138.77472527472537,1327.3333333333333,118.68164699452056,1462.2048507633763,331.20850305409584,0
Afar,Maize,2004,7826.0,21282200,2719,8,2000,0,0,454.0164835164835,inf,1,2015.483870967742,2.516809869316428,7827.215888194189,0,Afar_Maize,Afar_2004,Maize_2004,7826.0,0.8597811217510261,-0.6663410902055835,2719.4224380270894,425.4088397790055,2293.5911602209944,1821.0,782.8812170438115,2719.4224380270894,2293.78460025254,0
Amhara,Maize,2004,258195.0,464411500,1799,8,2000,0,1,1654.5824175824175,0.1202245700364232,1,2015.483870967742,-0.27149946627912,258149.8054474708,0,Amhara_Maize,Amhara_2004,Maize_2004,258195.0,-0.33835969106289077,20.8215926924848,1798.6851023451268,1625.4222222222222,173.57777777777778,1993.3333333333333,650.6430152805248,1798.6851023451268,194.0610107791997,0
Oromia,Maize,2004,786365.0,1551558100,1973,8,2000,0,6,1857.7087912087911,0.6996587116707902,1,2015.483870967742,-0.0655445364298302,786395.3877344145,0,Oromiya_Maize,Oromiya_2004,Maize_2004,786365.0,0.09672040022234585,2.3409123159094896,1973.0762432203874,1817.2122905027934,155.7877094972066,2163.6666666666665,488.73851222645993,1973.0762432203874,158.22534221333845,0
Somali,Maize,2004,22046.0,11614500,527,8,2000,0,8,549.7857142857143,-0.0204768370539667,1,2015.483870967742,-0.559133771214777,22038.89943074004,0,Somalia_Maize,Somalia_2004,Maize_2004,22046.0,-0.7328940699442473,-0.9925142990133595,526.8302639934682,549.7857142857143,-22.785714285714334,1433.0,789.4276407625963,526.8302639934682,-24.51112265467194,1
Benishangul Gumuz,Maize,2004,25677.0,44011400,1714,8,2000,0,2,1183.4835164835165,inf,1,2015.483870967742,0.0668769227293455,25677.59626604434,0,Benushangul Gumuz_Maize,Benushangul Gumuz_2004,Maize_2004,25677.0,2.252371916508539,2.789349519996556,1714.039802157573,1148.8333333333333,565.1666666666667,1404.6666666666667,771.0345863405429,1714.039802157573,570.2083881031718,0
SNNPR,Maize,2004,216243.0,384842600,1780,8,2000,0,7,1521.2747252747254,1.219890159903231,1,2015.483870967742,0.1767529373874492,216203.70786516852,0,S.N.N.P.R_Maize,S.N.N.P.R_2004,Maize_2004,216243.0,0.03850641773628949,7.744157195635676,1779.676567565193,1491.7666666666667,288.23333333333335,1340.3333333333333,705.1399388301105,1779.676567565193,296.0159969467053,0
Gambela,Maize,2004,5967.0,0,0,8,2000,0,4,485.2197802197802,-0.1133742964865565,1,2015.483870967742,-1.0,64289.84447004608,0,Gambela_Maize,Gambela_2004,Maize_2004,5967.0,-1.0,-1.0,0.0,462.8839779005525,-462.8839779005525,1164.6666666666667,1009.1706165625967,0.0,-464.8839779005525,2
Harari,Maize,2004,925.0,1205300,1302,8,2000,0,5,12684.181318681318,inf,1,2015.483870967742,0.4578948641652756,925.7296466973886,0,Harari_Maize,Harari_2004,Maize_2004,925.0,inf,inf,1303.027027027027,536.2277777777778,765.7722222222222,1027.3333333333333,921.2390207396403,1303.027027027027,inf,0
Dire Dawa,Maize,2004,184.0,234900,1277,8,2000,0,3,361.5824175824176,inf,1,2015.483870967742,-0.288153775754802,183.94675019577133,0,DIRE DAWA_Maize,DIRE DAWA_2004,Maize_2004,184.0,-0.01920122887864828,-0.8051107608064383,1276.6304347826087,361.5824175824176,915.4175824175825,859.6666666666666,744.5981018867367,1276.6304347826087,914.5932704278974,0
Tigray,Maize,2005,47200.0,53918300,1142,9,2000,0,9,1323.2252747252746,-0.372316808400416,1,2015.483870967742,-0.154677561719733,47213.92294220666,0,Tigray_Maize,Tigray_2005,Maize_2005,47200.0,-0.10571652310101798,228.53724989357173,1142.3368644067796,1323.2252747252746,-181.22527472527463,1240.3333333333333,86.07167555782581,1142.3368644067796,47.20625864519607,1
Afar,Maize,2005,6863.0,13131100,1913,9,2000,0,0,454.0164835164835,inf,1,2015.483870967742,-0.383000817584648,6864.140094093048,0,Afar_Maize,Afar_2005,Maize_2005,6863.0,0.6751313485113835,-0.7564630190491911,1913.317791053475,425.4088397790055,1487.5911602209944,1444.0,411.73656626537155,1913.317791053475,1487.5098285504566,0
Amhara,Maize,2005,285242.0,497181600,1743,9,2000,0,1,1654.5824175824175,-0.126828008080827,1,2015.483870967742,0.0705626367994762,285244.7504302926,0,Amhara_Maize,Amhara_2005,Maize_2005,285242.0,-0.08886565603763719,36.86290562100662,1743.01680678161,1625.4222222222222,117.57777777777778,1599.3333333333333,405.0806504059807,1743.01680678161,154.35181774274676,0
Oromia,Maize,2005,791686.0,1452647800,1835,9,2000,0,6,1857.7087912087911,0.1149951551577612,1,2015.483870967742,-0.063749014619562,791633.6784741144,0,Oromiya_Maize,Oromiya_2005,Maize_2005,791686.0,0.05278255880665528,1.9217650049800716,1834.8787271721365,1817.2122905027934,17.787709497206606,1830.3333333333333,85.09602419227795,1834.8787271721365,19.762257060993335,0
Somali,Maize,2005,25660.0,10361100,404,9,2000,0,8,549.7857142857143,-0.322905706985224,1,2015.483870967742,-0.107916828102802,25646.287128712876,0,Somalia_Maize,Somalia_2005,Maize_2005,25660.0,-0.7798365122615804,-0.9928674383425907,403.78409976617303,549.7857142857143,-145.78571428571433,1327.3333333333333,800.9521417246675,403.78409976617303,-147.55841823631852,1
Benishangul Gumuz,Maize,2005,27412.0,50018800,1825,9,2000,0,2,1183.4835164835165,inf,1,2015.483870967742,0.136496453191673,27407.561643835616,0,Benushangul Gumuz_Maize,Benushangul Gumuz_2005,Maize_2005,27412.0,3.5173267326732676,3.8275569196320856,1824.7045089741719,1148.8333333333333,676.1666666666667,1354.6666666666667,823.3166664979714,1824.7045089741719,683.5115503189721,0
SNNPR,Maize,2005,207410.0,315571100,1521,9,2000,0,7,1521.2747252747254,0.6077237926192811,1,2015.483870967742,-0.179999563457891,207476.0683760684,0,S.N.N.P.R_Maize,S.N.N.P.R_2005,Maize_2005,207410.0,-0.16657534246575345,5.3090497972762245,1521.4844993009017,1491.7666666666667,29.23333333333335,1250.0,748.2586451221251,1521.4844993009017,34.37580778814382,0
Gambela,Maize,2005,58318.95,0,0,9,2000,0,4,485.2197802197802,-0.1133742964865565,1,2015.483870967742,0.050681203459444796,64289.84447004608,1,Gambela_Maize,Gambela_2005,Maize_2005,5422.006818181818,-1.0,-1.0,0.0,462.8839779005525,-462.8839779005525,1115.3333333333333,977.793604669887,0.0,-464.8839779005525,2
Harari,Maize,2005,1149.0,1014800,883,9,2000,0,5,12684.181318681318,inf,1,2015.483870967742,-0.158051937277026,1149.2638731596828,0,Harari_Maize,Harari_2005,Maize_2005,1149.0,inf,inf,883.2027850304613,536.2277777777778,346.77222222222224,801.3333333333334,763.7816005464721,883.2027850304613,inf,0
Dire Dawa,Maize,2005,281.0,307100,1092,9,2000,0,3,361.5824175824176,inf,1,2015.483870967742,0.3073648361004684,281.2271062271062,0,DIRE DAWA_Maize,DIRE DAWA_2005,Maize_2005,281.0,0.23669309173272923,-0.6973787938510051,1092.88256227758,361.5824175824176,730.4175824175825,658.3333333333334,579.6312045890303,1092.88256227758,729.9568967154642,0
Tigray,Maize,2006,46192.02,293483263,1739,10,2000,0,9,1323.2252747252746,1.914475571880772,1,2015.483870967742,4.443110465278022,168765.533640023,0,Tigray_Maize,Tigray_2006,Maize_2006,46192.02,0.5924908424908424,954.6602507326604,6353.549011279438,1323.2252747252746,415.77472527472537,1238.0,446.28578287908556,6353.549011279438,1371.0274668498766,0
Afar,Maize,2006,12776.38,34727756,2718,10,2000,0,0,454.0164835164835,2388.4148892252647,1,2015.483870967742,1.644695113128375,12776.95217071376,0,Afar_Maize,Afar_2006,Maize_2006,12776.38,0.5629672225416906,-0.881670403807661,2718.121721489186,425.4088397790055,2292.5911602209944,1849.6666666666667,818.6295458467968,2718.121721489186,2292.2724570397286,0
Amhara,Maize,2006,341083.52,725680151,2128,10,2000,0,1,1654.5824175824175,0.1945572628949596,1,2015.483870967742,0.459587705981074,341015.1085526316,0,Amhara_Maize,Amhara_2006,Maize_2006,341083.52,-0.2170713760117734,19.89625805364447,2127.57318500759,1625.4222222222222,502.5777777777778,2195.0,492.92697227885594,2127.57318500759,522.2569644554105,0
Oromia,Maize,2006,858096.17,2031748429,2368,10,2000,0,6,1857.7087912087911,0.5418828685543311,1,2015.483870967742,0.398651778497169,858001.8703547297,0,Oromiya_Maize,Oromiya_2006,Maize_2006,858096.17,0.11278195488721798,1.799785037802419,2367.7397709396605,1817.2122905027934,550.7877094972066,2404.6666666666665,296.7041174863161,2367.7397709396605,552.7002764898963,0
Somali,Maize,2006,22965.34,13719892,597,10,2000,0,8,549.7857142857143,1.9088435051076893,1,2015.483870967742,0.3241733020625224,22981.39363484087,0,Somalia_Maize,Somalia_2006,Maize_2006,22965.34,-0.7478885135135135,-0.9932472486238108,597.4173254129919,549.7857142857143,47.214285714285666,1697.6666666666667,960.7290634374149,597.4173254129919,45.47314995214834,0
Benishangul Gumuz,Maize,2006,31720.76,62662819,1975,10,2000,0,2,1183.4835164835165,20.6555182282118,1,2015.483870967742,0.2527853327148992,31728.009620253164,0,Benushangul Gumuz_Maize,Benushangul Gumuz_2006,Maize_2006,31720.76,2.30820770519263,3.5672968125405067,1975.4513763226355,1148.8333333333333,826.1666666666667,1646.6666666666667,930.0335119410119,1975.4513763226355,832.0421711843999,0
SNNPR,Maize,2006,206397.39,374015890,1812,10,2000,0,7,1521.2747252747254,1.0786505151638617,1,2015.483870967742,0.1852032394601406,206410.5353200883,0,S.N.N.P.R_Maize,S.N.N.P.R_2006,Maize_2006,206397.39,-0.08253164556962023,4.968705142358821,1812.1154051415087,1491.7666666666667,320.23333333333335,1461.3333333333333,752.9583875177511,1812.1154051415087,325.11950683012253,0
Gambela,Maize,2006,5842.0,12558400,2150,10,2000,0,4,485.2197802197802,inf,1,2015.483870967742,inf,5841.116279069767,0,Gambela_Maize,Gambela_2006,Maize_2006,5842.0,0.1865342163355408,-0.9664228169557181,2149.674768914755,462.8839779005525,1687.1160220994475,1979.0,169.0354992301897,2149.674768914755,1686.3361334988274,0
Harari,Maize,2006,933.06,1214117,1301,10,2000,0,5,12684.181318681318,26.26086175539439,1,2015.483870967742,0.1964101300748915,933.218293620292,0,Harari_Maize,Harari_2006,Maize_2006,933.06,-0.3948837209302326,-0.9033223181296981,1301.2207146378582,536.2277777777778,764.7722222222222,1754.3333333333333,427.42757671134467,1301.2207146378582,763.4740161831623,0
Dire Dawa,Maize,2006,106.41,129510,1217,10,2000,0,3,361.5824175824176,inf,1,2015.483870967742,-0.578280690328883,106.41741988496302,0,DIRE DAWA_Maize,DIRE DAWA_2006,Maize_2006,106.41,-0.06456571867794003,-0.8933298850110821,1217.0848604454468,361.5824175824176,855.4175824175825,1556.0,516.1307973760128,1217.0848604454468,854.4596868138934,0
Tigray,Maize,2007,58613.21,102667972,1752,11,2000,0,9,1323.2252747252746,-0.306591383980231,1,2015.483870967742,-0.650174354235662,58600.44063926941,0,Tigray_Maize,Tigray_2007,Maize_2007,58613.21,0.4396055875102711,791.7416570149023,1751.618312663647,1323.2252747252746,428.77472527472537,1423.3333333333333,287.7157161736768,1751.618312663647,1220.9559878771379,0
Afar,Maize,2007,13221.0,49061022,3711,11,2000,0,0,454.0164835164835,inf,1,2015.483870967742,0.4127322825004875,13220.431689571544,0,Afar_Maize,Afar_2007,Maize_2007,13221.0,1.118150684931507,-0.5221389782589647,3710.8404810528705,425.4088397790055,3285.5911602209944,2226.6666666666665,1313.0081238641799,3710.8404810528705,3286.187171927667,0
Amhara,Maize,2007,376937.07,868770131,2305,11,2000,0,1,1654.5824175824175,0.2745803821001478,1,2015.483870967742,0.1971805068704435,376906.7813449024,0,Amhara_Maize,Amhara_2007,Maize_2007,376937.07,-0.3788736189706279,16.707950131980535,2304.8147824781468,1625.4222222222222,679.5777777777778,2589.3333333333335,1009.9773924862545,2304.8147824781468,695.9068542907877,0
Oromia,Maize,2007,948732.18,2215804820,2336,11,2000,0,6,1857.7087912087911,0.5524599960434426,1,2015.483870967742,0.0905901480581383,948546.5839041095,0,Oromiya_Maize,Oromiya_2007,Maize_2007,948732.18,0.013449023861171305,1.5505075979643688,2335.5430191057712,1817.2122905027934,518.7877094972066,2784.0,802.9551668679896,2335.5430191057712,520.3516661190322,0
Somali,Maize,2007,37019.2,23627364,638,11,2000,0,8,549.7857142857143,5.651662580350378,1,2015.483870967742,0.7221246348003323,37033.48589341693,0,Somalia_Maize,Somalia_2007,Maize_2007,37019.2,-0.7268835616438356,-0.9893368929489015,638.2462073734711,549.7857142857143,88.21428571428567,1759.6666666666667,971.5154828068015,638.2462073734711,86.49806525969292,0
Benishangul Gumuz,Maize,2007,31435.27,65361306,2079,11,2000,0,2,1183.4835164835165,inf,1,2015.483870967742,0.0430636068256042,31438.819624819625,0,Benushangul Gumuz_Maize,Benushangul Gumuz_2007,Maize_2007,31435.27,2.2586206896551726,1.766339317411794,2079.234757646427,1148.8333333333333,930.1666666666667,1684.3333333333333,915.2170962855384,2079.234757646427,934.1916266737337,0
SNNPR,Maize,2007,220993.46,435995934,1973,11,2000,0,7,1521.2747252747254,1.2418602129943377,1,2015.483870967742,0.1657150021086002,220981.21338063863,0,S.N.N.P.R_Maize,S.N.N.P.R_2007,Maize_2007,220993.46,-0.050986050986051024,5.670551136172218,1972.8906638232643,1491.7666666666667,481.23333333333335,1563.3333333333333,803.1129019841061,1972.8906638232643,486.85289841851954,0
Gambela,Maize,2007,5842.0,12558400,2150,11,2000,0,4,485.2197802197802,inf,1,2015.483870967742,0.0,5841.116279069767,0,Gambela_Maize,Gambela_2007,Maize_2007,5842.0,0.08971109984794734,-0.9711960616586851,2149.674768914755,462.8839779005525,1687.1160220994475,2067.3333333333335,89.07487487127436,2149.674768914755,1686.2345371376368,0
Harari,Maize,2007,1366.38,2212699,1619,11,2000,0,5,12684.181318681318,29.69824775593446,1,2015.483870967742,0.8224759228311604,1366.7072266831378,0,Harari_Maize,Harari_2007,Maize_2007,1366.38,-0.24697674418604654,-0.8238072525162441,1619.3877252301702,536.2277777777778,1082.7722222222224,1914.0,270.3719660023938,1619.3877252301702,1081.70143822552,0
Dire Dawa,Maize,2007,335.48,374977,1118,11,2000,0,3,361.5824175824176,inf,1,2015.483870967742,1.8953517102926412,335.3998211091234,0,DIRE DAWA_Maize,DIRE DAWA_2007,Maize_2007,335.48,-0.3094502779493514,-0.8305341124120362,1117.7328007630856,361.5824175824176,756.4175824175825,1629.0,516.0726693015229,1117.7328007630856,755.2775980272211,0
Tigray,Maize,2008,63265.83,94239653,1490,12,2000,0,9,1323.2252747252746,-0.362166299952676,1,2015.483870967742,-0.0820929724802589,63248.08926174496,0,Tigray_Maize,Tigray_2008,Maize_2008,63265.83,0.332737030411449,250.32115569754944,1489.5821804598154,1323.2252747252746,166.77472527472537,1409.0,260.13650262890553,1489.5821804598154,417.4286180026862,0
Afar,Maize,2008,12535.16,36059537,2877,12,2000,0,0,454.0164835164835,inf,1,2015.483870967742,-0.265006403657877,12533.728536670142,0,Afar_Maize,Afar_2008,Maize_2008,12535.16,0.9308724832214765,-0.6173634361747915,2876.671458521471,425.4088397790055,2451.5911602209944,1828.3333333333333,927.0233725928019,2876.671458521471,2451.9046692680413,0
Amhara,Maize,2008,397481.38,921231338,2318,12,2000,0,1,1654.5824175824175,0.483041855627802,1,2015.483870967742,0.060385601585559,397425.08110440033,0,Amhara_Maize,Amhara_2008,Maize_2008,397481.38,-0.19429961765728188,24.547508776942976,2317.671680620612,1625.4222222222222,692.5777777777778,2228.3333333333335,697.8340299335749,2317.671680620612,716.9309869370635,0
Oromia,Maize,2008,5845.44,9917832,1697,12,2000,0,6,1857.7087912087911,inf,1,2015.483870967742,-0.995524049812293,5844.332351208014,0,Oromiya_Maize,Oromiya_2008,Maize_2008,5845.44,-0.2679033649698016,-0.9892341569474485,1696.6784365248811,1817.2122905027934,-120.2122905027934,2297.3333333333335,590.2714065015633,1696.6784365248811,-121.46942802471064,1
Somali,Maize,2008,36876.29,32593539,884,12,2000,0,8,549.7857142857143,inf,1,2015.483870967742,0.3794826625602416,36870.519230769234,0,Somalia_Maize,Somalia_2008,Maize_2008,36876.29,-0.47908073070123747,2.2863572401710375,883.861662873353,549.7857142857143,334.21428571428567,1633.0,719.1390686091244,883.861662873353,336.02156222375544,0
Benishangul Gumuz,Maize,2008,31045.76,62437950,2011,12,2000,0,2,1183.4835164835165,11.559404675937008,1,2015.483870967742,-0.044726095283347,31048.20984584784,0,Benushangul Gumuz_Maize,Benushangul Gumuz_2008,Maize_2008,31045.76,1.2748868778280542,0.9156542037365136,2011.1586896246058,1148.8333333333333,862.1666666666667,1530.6666666666667,581.6204375134458,2011.1586896246058,864.3572077482313,0
SNNPR,Maize,2008,248881.66,439811852,1767,12,2000,0,7,1521.2747252747254,1.2273700352326715,1,2015.483870967742,0.0087521871247542,248903.14204867007,0,S.N.N.P.R_Maize,S.N.N.P.R_2008,Maize_2008,248881.66,-0.12133267031327699,6.043982898221354,1767.15251738517,1491.7666666666667,275.23333333333335,1554.0,592.9241098150748,1767.15251738517,281.15598356124144,0
Gambela,Maize,2008,6823.82,13746677,2015,12,2000,0,4,485.2197802197802,inf,1,2015.483870967742,0.0946200949165498,6822.172208436725,0,Gambela_Maize,Gambela_2008,Maize_2008,6823.82,0.14035087719298245,-0.968744187002946,2014.5134250317271,462.8839779005525,1552.1160220994475,1931.0,142.04224723651606,2014.5134250317271,1551.2876287896374,0
Harari,Maize,2008,1272.88,2111165,1659,12,2000,0,5,12684.181318681318,57.21013014227418,1,2015.483870967742,-0.0458869462136513,1272.5527426160338,0,Harari_Maize,Harari_2008,Maize_2008,1272.88,-0.17667493796526057,-0.8464236120482063,1658.5734711834577,536.2277777777778,1122.7722222222224,1813.6666666666667,182.53036277105426,1658.5734711834577,1121.749123672209,0
Dire Dawa,Maize,2008,284.0,559681,1971,12,2000,0,3,361.5824175824176,inf,1,2015.483870967742,0.492574211218288,283.95788939624555,0,DIRE DAWA_Maize,DIRE DAWA_2008,Maize_2008,284.0,0.1880650994575046,-0.7348947145296554,1970.7077464788733,361.5824175824176,1609.4175824175825,1881.6666666666667,194.08589163906993,1970.7077464788733,1608.8707528025104,0
Tigray,Maize,2009,64275.12,111607170,1736,13,2000,0,9,1323.2252747252746,-0.195445867366093,1,2015.483870967742,0.184290969322648,64289.84447004608,0,Tigray_Maize,Tigray_2009,Maize_2009,64275.12,-0.1192288178589549,198.4121115421106,1736.397691672921,1323.2252747252746,412.77472527472537,1788.6666666666667,162.5310226797722,1736.397691672921,611.067607998977,0
Afar,Maize,2009,13166.81,37351425,2837,13,2000,0,0,454.0164835164835,inf,1,2015.483870967742,0.0358265276672853,13165.817765244978,0,Afar_Maize,Afar_2009,Maize_2009,13166.81,0.6342165898617511,-0.6653313133914246,2836.786207137492,425.4088397790055,2411.5911602209944,2181.3333333333335,579.8537171850617,2836.786207137492,2411.5600454974647,0
Amhara,Maize,2009,396715.7,925964400,2334,13,2000,0,1,1654.5824175824175,0.4147615200201571,1,2015.483870967742,0.0051377561799792,396728.5347043702,0,Amhara_Maize,Amhara_2009,Maize_2009,396715.7,-0.177299964751498,23.790604374531895,2334.07551049782,1625.4222222222222,708.5777777777778,2302.3333333333335,551.1826678455461,2334.07551049782,732.1910821875582,0
Oromia,Maize,2009,933712.5,2178331700,2333,13,2000,0,6,1857.7087912087911,0.4375900130557908,1,2015.483870967742,218.63789061964349,933704.1148735534,0,Oromiya_Maize,Oromiya_2009,Maize_2009,933712.5,-0.00042844901456728923,1.3525004848998514,2332.979048690041,1817.2122905027934,515.7877094972066,2501.3333333333335,290.6962905393429,2332.979048690041,517.1397815330919,0
Somali,Maize,2009,39751.64,65388636,1645,13,2000,0,8,549.7857142857143,7.197656015718165,1,2015.483870967742,1.0061839863415876,39749.93069908815,0,Somalia_Maize,Somalia_2009,Maize_2009,39751.64,-0.2948992713244749,-0.9699822409966306,1644.9292658114232,549.7857142857143,1095.2142857142858,2104.0,397.50597479786387,1644.9292658114232,1093.9494042019646,0
Benishangul Gumuz,Maize,2009,32009.85,77336861,2416,13,2000,0,2,1183.4835164835165,19.90170744746118,1,2015.483870967742,0.2386194774171797,32010.29014900662,0,Benushangul Gumuz_Maize,Benushangul Gumuz_2009,Maize_2009,32009.85,0.46869300911854106,0.18272632265949085,2416.0332210241536,1148.8333333333333,1267.1666666666667,2131.3333333333335,423.2166505861192,2416.0332210241536,1267.8180859984448,0
SNNPR,Maize,2009,280446.0,528670080,1885,13,2000,0,7,1521.2747252747254,1.4362308256354468,1,2015.483870967742,0.2020369110016617,280461.5809018568,0,S.N.N.P.R_Maize,S.N.N.P.R_2009,Maize_2009,280446.0,-0.2197847682119205,5.835939203687101,1885.1047260435164,1491.7666666666667,393.23333333333335,1982.0,394.5465751974029,1885.1047260435164,398.8494877688085,0
Gambela,Maize,2009,58318.95,0,0,13,2000,0,4,485.2197802197802,-0.1133742964865565,1,2015.483870967742,-1.0,64289.84447004608,1,Gambela_Maize,Gambela_2009,Maize_2009,5422.006818181818,-1.0,-1.0,0.0,462.8839779005525,-462.8839779005525,1433.6666666666667,1269.6615034462268,0.0,-464.8839779005525,2
Harari,Maize,2009,58318.95,0,0,13,2000,0,5,12684.181318681318,-0.1133742964865565,1,2015.483870967742,-1.0,64289.84447004608,1,Harari_Maize,Harari_2009,Maize_2009,1231.0088,0.0,0.0,0.0,536.2277777777778,-536.2277777777778,628.3333333333334,1088.3052574224441,0.0,-536.2277777777778,1
Dire Dawa,Maize,2009,58318.95,0,0,13,2000,0,3,361.5824175824176,-0.1133742964865565,1,2015.483870967742,-1.0,64289.84447004608,1,DIRE DAWA_Maize,DIRE DAWA_2009,Maize_2009,278.404,0.0,0.0,0.0,361.5824175824176,-361.5824175824176,0.0,0.0,0.0,-361.5824175824176,1
Tigray,Maize,2010,64649.07,82229813,1272,14,2010,1,9,1323.2252747252746,-0.535855781240966,1,2015.483870967742,-0.263221054704639,64646.07940251572,0,Tigray_Maize,Tigray_2010,Maize_2010,64649.07,inf,inf,1271.9411586276492,1323.2252747252746,-51.22527472527463,424.0,734.3895424092033,1271.9411586276492,inf,1
Afar,Maize,2010,3498.58,12896404,3686,14,2010,1,0,454.0164835164835,inf,1,2015.483870967742,-0.654727925373663,3498.753119913185,0,Afar_Maize,Afar_2010,Maize_2010,3498.58,1.8977987421383649,-0.8431663221707679,3686.1823939998512,425.4088397790055,3260.5911602209944,1652.6666666666667,1872.2524758518368,3686.1823939998512,3261.645792640962,0
Amhara,Maize,2010,355508.17,801069399,2253,14,2010,1,1,1654.5824175824175,-0.106041851153014,1,2015.483870967742,-0.134880996504833,355556.7683089214,0,Amhara_Maize,Amhara_2010,Maize_2010,355508.17,-0.3887683125339121,61.11571838165119,2253.307987267916,1625.4222222222222,627.5777777777778,2403.6666666666665,1214.0322620644529,2253.307987267916,688.304727846895,0
Oromia,Maize,2010,1000055.87,2325533029,2325,14,2010,1,6,1857.7087912087911,0.3856962729060154,1,2015.483870967742,0.0675752590847389,1000229.2597849462,0,Oromiya_Maize,Oromiya_2010,Maize_2010,1000055.87,0.031957390146471365,1.9030356569643474,2325.403108728315,1817.2122905027934,507.7877094972066,2754.6666666666665,807.3613400041722,2325.403108728315,509.7227025443174,0
Somali,Maize,2010,26998.54,44083170,1633,14,2010,1,8,549.7857142857143,5.10190162719979,1,2015.483870967742,-0.325828267774235,26995.20514390692,0,Somalia_Maize,Somalia_2010,Maize_2010,26998.54,-0.2976344086021505,-0.981043842658749,1632.7982920557927,549.7857142857143,1083.2142857142858,2070.3333333333335,380.44885771064213,1632.7982920557927,1081.9356074630248,0
Benishangul Gumuz,Maize,2010,35953.4,80121872,2228,14,2010,1,2,1183.4835164835165,inf,1,2015.483870967742,0.0360114305647858,35961.34290843806,0,Benushangul Gumuz_Maize,Benushangul Gumuz_2010,Maize_2010,35953.4,0.3643600734843846,0.8175161178290944,2228.49221492265,1148.8333333333333,1079.1666666666667,2062.0,374.6771943953877,2228.49221492265,1080.3485428579802,0
SNNPR,Maize,2010,278927.61,539079421,1933,14,2010,1,7,1521.2747252747254,0.7446445119877316,1,2015.483870967742,0.0196896729998414,278882.26642524573,0,S.N.N.P.R_Maize,S.N.N.P.R_2010,Maize_2010,278927.61,-0.13240574506283664,5.728242957179034,1932.6857638797394,1491.7666666666667,441.23333333333335,1931.3333333333333,297.5035013799543,1932.6857638797394,446.82917054544953,0
Gambela,Maize,2010,4792.95,9712493,2026,14,2010,1,4,485.2197802197802,inf,1,2015.483870967742,inf,4793.925468904245,0,Gambela_Maize,Gambela_2010,Maize_2010,4792.95,0.048111743404035234,-0.981983187223168,2026.4123347833797,462.8839779005525,1563.1160220994475,2062.3333333333335,150.8188759185417,2026.4123347833797,1562.1821506556284,0
Harari,Maize,2010,1425.18,1814219,1273,14,2010,1,5,12684.181318681318,3.0803718222935936,1,2015.483870967742,inf,1425.152395915161,0,Harari_Maize,Harari_2010,Maize_2010,1425.18,-0.3716683119447186,-0.813207690342737,1272.9753434653867,536.2277777777778,736.7722222222222,1744.0,410.53988843960013,1272.9753434653867,735.5873462199348,0
Dire Dawa,Maize,2010,443.76,623245,1404,14,2010,1,3,361.5824175824176,inf,1,2015.483870967742,inf,443.9066951566952,0,DIRE DAWA_Maize,DIRE DAWA_2010,Maize_2010,443.76,0.10290652003142187,-0.6564665015634827,1404.4641247521183,361.5824175824176,1042.4175824175825,1567.6666666666667,402.2963252794298,1404.4641247521183,1041.8640224360504,0
Tigray,Maize,2011,62857.22,149852718,2384,15,2010,1,9,1323.2252747252746,-0.221576324389448,1,2015.483870967742,0.8223648155444547,62857.68372483221,0,Tigray_Maize,Tigray_2011,Maize_2011,62857.22,0.6980056980056981,239.43950292421118,2384.0175877965967,1323.2252747252746,1060.7747252747254,1687.0,607.1630752936145,2384.0175877965967,1300.9122338969423,0
Afar,Maize,2011,58318.95,0,0,15,2010,1,0,454.0164835164835,-0.1133742964865565,1,2015.483870967742,-1.0,64289.84447004608,1,Afar_Maize,Afar_2011,Maize_2011,6058.575217391305,-1.0,-1.0,0.0,425.4088397790055,-425.4088397790055,1262.6666666666667,1198.2676384403167,0.0,-427.4088397790055,2
Amhara,Maize,2011,472260.11,1214805420,2572,15,2010,1,1,1654.5824175824175,0.4727407647967103,1,2015.483870967742,0.5164796227598754,472319.3701399689,0,Amhara_Maize,Amhara_2011,Maize_2011,472260.11,inf,inf,2572.3227396868224,1625.4222222222222,946.5777777777778,1652.0,1433.7586965734504,2572.3227396868224,inf,0
Oromia,Maize,2011,1109276.03,2880545093,2597,15,2010,1,6,1857.7087912087911,0.8194311256163298,1,2015.483870967742,0.2386601510616515,1109181.7839815172,0,Oromiya_Maize,Oromiya_2011,Maize_2011,1109276.03,0.009720062208398161,1.3711987496730136,2596.7793543686325,1817.2122905027934,779.7877094972066,1723.0,1492.2141267257857,2596.7793543686325,781.168628309088,0
Somali,Maize,2011,28094.49,49264060,1754,15,2010,1,8,549.7857142857143,5.715305682076246,1,2015.483870967742,0.1175253503774795,28086.693272519955,0,Somalia_Maize,Somalia_2011,Maize_2011,28094.49,-0.32460531382364266,-0.9828976605435837,1753.5132333777904,549.7857142857143,1204.2142857142858,2307.6666666666665,479.65230462631223,1753.5132333777904,1202.9067827399185,0
Benishangul Gumuz,Maize,2011,43855.14,117292462,2675,15,2010,1,2,1183.4835164835165,38.30495197148952,1,2015.483870967742,0.4639256306942005,43847.6493457944,0,Benushangul Gumuz_Maize,Benushangul Gumuz_2011,Maize_2011,43855.14,0.525085518814139,1.380893129798884,2674.543098026822,1148.8333333333333,1526.1666666666667,2342.0,510.7142057941988,2674.543098026822,1528.0726453152797,0
SNNPR,Maize,2011,237354.61,556546340,2345,15,2010,1,7,1521.2747252747254,1.2753143664584137,1,2015.483870967742,0.0324013833946741,237333.19402985077,0,S.N.N.P.R_Maize,S.N.N.P.R_2011,Maize_2011,237354.61,-0.12336448598130845,3.7449455021244242,2344.78841594861,1491.7666666666667,853.2333333333333,2258.0,466.62297414507935,2344.78841594861,856.8549143494764,0
Gambela,Maize,2011,6051.1,10245940,1693,15,2010,1,4,485.2197802197802,inf,1,2015.483870967742,0.0549237976284771,6051.943295924395,0,Gambela_Maize,Gambela_2011,Maize_2011,6051.1,-0.2780383795309168,-0.9815901403645921,1693.2359405727884,462.8839779005525,1230.1160220994475,2237.6666666666665,499.7212556349118,1693.2359405727884,1228.8563935795519,0
Harari,Maize,2011,808.72,1620428,2004,15,2010,1,5,12684.181318681318,10.57051867930995,1,2015.483870967742,-0.106817864877393,808.5968063872256,0,Harari_Maize,Harari_2011,Maize_2011,808.72,0.18369757826343758,-0.8418468193255084,2003.6947274705708,536.2277777777778,1467.7722222222224,2014.0,326.1150103874399,2003.6947274705708,1467.1140729811602,0
Dire Dawa,Maize,2011,320.34,505268,1577,15,2010,1,3,361.5824175824176,inf,1,2015.483870967742,-0.189294739628877,320.3982244768548,0,DIRE DAWA_Maize,DIRE DAWA_2011,Maize_2011,320.34,-0.2130738522954092,-0.6881885526539901,1577.2866329524882,361.5824175824176,1215.4175824175825,1758.0,220.7962862006527,1577.2866329524882,1214.516320012633,0
Tigray,Maize,2012,64803.39,153610800,2370,16,2010,1,9,1323.2252747252746,-0.232596673606415,1,2015.483870967742,0.0250785040815877,64814.6835443038,0,Tigray_Maize,Tigray_2012,Maize_2012,64803.39,0.5028535193405199,303.0184614897441,2370.4130293183734,1323.2252747252746,1046.7747252747254,1983.6666666666667,396.8908330175106,2370.4130293183734,1350.29604028381,0
Afar,Maize,2012,4333.21,14049806,3242,16,2010,1,0,454.0164835164835,inf,1,2015.483870967742,inf,4333.684762492288,0,Afar_Maize,Afar_2012,Maize_2012,4333.21,0.36793248945147683,-0.9085363398927679,3242.35520549431,425.4088397790055,2816.5911602209944,2396.3333333333335,832.8123037835913,3242.35520549431,2816.0505563705533,0
Amhara,Maize,2012,494625.08,1338702721,2706,16,2010,1,1,1654.5824175824175,0.7397346423374969,1,2015.483870967742,0.1019894206596476,494716.4526977088,0,Amhara_Maize,Amhara_2012,Maize_2012,494625.08,-0.1653300431832202,94.28264810204497,2706.499882699033,1625.4222222222222,1080.5777777777778,2772.6666666666665,439.8060178457454,2706.499882699033,1174.6950958366394,0
Oromia,Maize,2012,1102256.2,3482899290,3160,16,2010,1,6,1857.7087912087911,1.078184079147443,1,2015.483870967742,0.2091111847072897,1102183.319620253,0,Oromiya_Maize,Oromiya_2012,Maize_2012,1102256.2,0.16777531411677749,1.6016973263476322,3159.7910630940432,1817.2122905027934,1342.7877094972066,3036.0,288.71439174381015,3159.7910630940432,1344.557182137671,0
Somali,Maize,2012,28934.09,75840758,2621,16,2010,1,8,549.7857142857143,6.838386771945015,1,2015.483870967742,0.5394743754371849,28935.809996184664,0,Somalia_Maize,Somalia_2012,Maize_2012,28934.09,-0.17056962025316458,-0.9782248202760981,2621.1558061788014,549.7857142857143,2071.214285714286,2829.0,289.787853437646,2621.1558061788014,2070.0654912737564,0
Benishangul Gumuz,Maize,2012,46534.5,143187031,3077,16,2010,1,2,1183.4835164835165,inf,1,2015.483870967742,0.2207692511390886,46534.621709457264,0,Benushangul Gumuz_Maize,Benushangul Gumuz_2012,Maize_2012,46534.5,0.17397939717665012,0.8879957792615945,3077.008047792498,1148.8333333333333,1928.1666666666667,2952.6666666666665,290.2142886443252,3077.008047792498,1929.228641843105,0
SNNPR,Maize,2012,306431.17,844723248,2757,16,2010,1,7,1521.2747252747254,2.2723417740976566,1,2015.483870967742,0.5177949925966632,306392.18280739937,0,S.N.N.P.R_Maize,S.N.N.P.R_2012,Maize_2012,306431.17,-0.10399740006499836,4.899439649670507,2756.6492272962964,1491.7666666666667,1265.2333333333333,2818.3333333333335,234.10538937267543,2756.6492272962964,1270.0287755829388,0
Gambela,Maize,2012,4518.41,10687412,2365,16,2010,1,4,485.2197802197802,inf,1,2015.483870967742,0.0430875058803779,4518.990274841438,0,Gambela_Maize,Gambela_2012,Maize_2012,4518.41,-0.14218353282553498,-0.9873480314111114,2365.3037240976364,462.8839779005525,1902.1160220994475,2733.0,356.60622540836096,2365.3037240976364,1900.9864905352108,0
Harari,Maize,2012,2068.62,5337816,2580,16,2010,1,5,12684.181318681318,63.22746306011455,1,2015.483870967742,2.294077860910821,2068.920930232558,0,Harari_Maize,Harari_2012,Maize_2012,2068.62,0.09090909090909083,-0.5005511156489523,2580.3753226788876,536.2277777777778,2043.7722222222224,2567.3333333333335,196.30673277636797,2580.3753226788876,2043.3625801974824,0
Dire Dawa,Maize,2012,219.02,374131,1708,16,2010,1,3,361.5824175824176,inf,1,2015.483870967742,-0.259539491913202,219.04625292740047,0,DIRE DAWA_Maize,DIRE DAWA_2012,Maize_2012,219.02,-0.33798449612403103,-0.929909348692424,1708.204730161629,361.5824175824176,1346.4175824175825,2217.6666666666665,454.28662024467883,1708.204730161629,1345.149688572766,0
Tigray,Maize,2013,69026.2,161159543,2335,17,2010,1,9,1323.2252747252746,-0.214899301951622,1,2015.483870967742,0.0491420069422201,69019.07623126339,0,Tigray_Maize,Tigray_2013,Maize_2013,69026.2,0.3670960187353629,429.75698886219,2334.7590190391475,1323.2252747252746,1011.7747252747254,2207.6666666666665,449.72917776516687,2334.7590190391475,1441.8988101556506,0
Amhara,Maize,2013,434641.83,1262972851,2906,17,2010,1,1,1654.5824175824175,0.4213566396867194,1,2015.483870967742,-0.0565695944379872,434608.6892635926,0,Amhara_Maize,Amhara_2013,Maize_2013,434641.83,0.2445396145610279,6.836786004040729,2905.778422201103,1625.4222222222222,1280.5777777777778,2316.3333333333335,599.21810164024,2905.778422201103,1287.6591033963796,0
Oromia,Maize,2013,1115957.4,3590845746,3218,17,2010,1,6,1857.7087912087911,0.7721282384449992,1,2015.483870967742,0.0309932751457766,1115862.5686761965,0,Oromiya_Maize,Oromiya_2013,Maize_2013,1115957.4,0.10736407432897455,1.8431693865444778,3217.726542249731,1817.2122905027934,1400.7877094972066,2819.6666666666665,447.786035214735,3217.726542249731,1402.73824295808,0
Somali,Maize,2013,28808.44,92029339,3195,17,2010,1,8,549.7857142857143,8.918897797003767,1,2015.483870967742,0.2134548945304581,28804.174960876368,0,Somalia_Maize,Somalia_2013,Maize_2013,28808.44,-0.007147296457426955,-0.974371124378563,3194.5269858416495,549.7857142857143,2645.214285714286,3106.3333333333335,173.87447579599294,3194.5269858416495,2644.23276729345,0
Benishangul Gumuz,Maize,2013,49476.37,145454488,2940,17,2010,1,2,1183.4835164835165,48.37261477718007,1,2015.483870967742,0.0158356310914777,49474.3156462585,0,Benushangul Gumuz_Maize,Benushangul Gumuz_2013,Maize_2013,49476.37,-0.07981220657277,0.5805230112540523,2939.8779255632535,1148.8333333333333,1791.1666666666667,3117.6666666666665,154.2930112912809,2939.8779255632535,1791.6673774713481,0
SNNPR,Maize,2013,305204.64,871890174,2857,17,2010,1,7,1521.2747252747254,1.8848213541257215,1,2015.483870967742,0.0321607414787286,305176.81974098703,0,S.N.N.P.R_Maize,S.N.N.P.R_2013,Maize_2013,305204.64,-0.028231292517006845,4.994247313977689,2856.7395764363214,1491.7666666666667,1365.2333333333333,2997.3333333333335,176.14293438378832,2856.7395764363214,1370.199349354794,0
Gambela,Maize,2013,5070.81,11972488,2361,17,2010,1,4,485.2197802197802,inf,1,2015.483870967742,0.1202420193027087,5070.93943244388,0,Gambela_Maize,Gambela_2013,Maize_2013,5070.81,-0.17360868043402167,-0.9862683531056745,2361.060264533674,462.8839779005525,1898.1160220994475,2719.3333333333335,313.0883794287678,2361.060264533674,1896.9561450659078,0
Harari,Maize,2013,1242.35,2741443,2207,17,2010,1,5,12684.181318681318,inf,1,2015.483870967742,-0.486411108962916,1242.1581332125056,0,Harari_Maize,Harari_2013,Maize_2013,1242.35,-0.06522659889877169,-0.7710214451666186,2206.6591540226186,536.2277777777778,1670.7722222222224,2475.0,339.6645403924277,2206.6591540226186,1669.935974178157,0
Dire Dawa,Maize,2013,270.55,403260,1491,17,2010,1,3,361.5824175824176,inf,1,2015.483870967742,0.077857755705889,270.4627766599598,0,DIRE DAWA_Maize,DIRE DAWA_2013,Maize_2013,270.55,-0.3244222927050294,-0.8529022854022499,1490.5193125115504,361.5824175824176,1129.4175824175825,2019.6666666666667,464.2686004171865,1490.5193125115504,1128.2402578394751,0
Tigray,Maize,2014,65201.64,148599268,2279,18,2010,1,9,1323.2252747252746,-0.275243367379683,1,2015.483870967742,-0.0779368988406724,65203.715664765245,0,Tigray_Maize,Tigray_2014,Maize_2014,65201.64,0.528504359490275,367.4949362694044,2279.0725509358354,1323.2252747252746,955.7747252747254,1992.3333333333333,435.65735771743056,2279.0725509358354,1323.79816590362,0
Afar,Maize,2014,4723.91,17223347,3646,18,2010,1,0,454.0164835164835,inf,1,2015.483870967742,-0.086210384479461,4723.902084476138,0,Afar_Maize,Afar_2014,Maize_2014,4723.91,0.5998244844229925,-0.8840953442650875,3645.9938906541406,425.4088397790055,3220.5911602209944,2472.0,1090.3866286781029,3645.9938906541406,3220.306889361152,0
Amhara,Maize,2014,474254.25,1598474987,3371,18,2010,1,1,1654.5824175824175,0.4272208682345486,1,2015.483870967742,0.2656447727552933,474184.21447641647,0,Amhara_Maize,Amhara_2014,Maize_2014,474254.25,-0.07542512342292929,91.80861536378498,3370.5021873815576,1625.4222222222222,1745.5777777777778,3098.6666666666665,723.046563738001,3370.5021873815576,1837.3109680181399,0
Oromia,Maize,2014,1083332.83,3595409042,3319,18,2010,1,6,1857.7087912087911,0.5612857505040432,1,2015.483870967742,0.0012708137087433,1083280.8201265442,0,Oromiya_Maize,Oromiya_2014,Maize_2014,1083332.83,-0.015425689706318635,1.2492745092920243,3318.840657676736,1817.2122905027934,1501.7877094972066,3445.3333333333335,175.71662793637526,3318.840657676736,1503.0215583167924,0
Somali,Maize,2014,30095.76,83716824,2782,18,2010,1,8,549.7857142857143,inf,1,2015.483870967742,-0.0903246191956241,30092.316319194822,0,Somalia_Maize,Somalia_2014,Maize_2014,30095.76,-0.16179572160289246,-0.9767156329023884,2781.6816721026485,549.7857142857143,2232.214285714286,3157.3333333333335,326.086389371484,2781.6816721026485,2231.0757743597806,0
Benishangul Gumuz,Maize,2014,46098.0,146577836,3180,18,2010,1,2,1183.4835164835165,35.02790446393261,1,2015.483870967742,0.0077230205505931,46093.65911949686,0,Benushangul Gumuz_Maize,Benushangul Gumuz_2014,Maize_2014,46098.0,0.14306254493170378,0.7508766935544522,3179.7005510000436,1148.8333333333333,2031.1666666666667,3093.6666666666665,278.71550608699755,3179.7005510000436,2032.060605905153,0
SNNPR,Maize,2014,284723.54,887752394,3118,18,2010,1,7,1521.2747252747254,2.151571511142709,1,2015.483870967742,0.0181929106130744,284718.5355997434,0,S.N.N.P.R_Maize,S.N.N.P.R_2014,Maize_2014,284723.54,-0.019496855345911945,5.056525449045379,3117.9451969443767,1491.7666666666667,1626.2333333333333,3026.6666666666665,214.14325423260783,3117.9451969443767,1631.2703619270328,0
Gambela,Maize,2014,4666.49,10107013,2166,18,2010,1,4,485.2197802197802,inf,1,2015.483870967742,-0.155813478368071,4666.210987996306,0,Gambela_Maize,Gambela_2014,Maize_2014,4666.49,-0.3053239255933291,-0.9886150540755398,2165.870493668689,462.8839779005525,1703.1160220994475,2821.3333333333335,568.3813273967853,2165.870493668689,1701.8220831197787,0
Harari,Maize,2014,1401.38,3087611,2203,18,2010,1,5,12684.181318681318,inf,1,2015.483870967742,0.1262721858524871,1401.5483431684067,0,Harari_Maize,Harari_2014,Maize_2014,1401.38,0.017082179132040576,-0.694508060888019,2203.264639141418,536.2277777777778,1666.7722222222224,2495.6666666666665,539.273894540921,2203.264639141418,1666.0947963404665,0
Dire Dawa,Maize,2014,316.0,591969,1873,18,2010,1,3,361.5824175824176,inf,1,2015.483870967742,0.4679586371075732,316.05392418579817,0,DIRE DAWA_Maize,DIRE DAWA_2014,Maize_2014,316.0,-0.14979573309123917,-0.808276042545515,1873.3196202531647,361.5824175824176,1511.4175824175825,2080.6666666666665,180.79362083141427,1873.3196202531647,1510.4595106419458,0
Tigray,Maize,2015,64197.01,159149435,2479,19,2010,1,9,1323.2252747252746,-0.217782854520782,1,2015.483870967742,0.0709974358689304,64199.04598628479,0,Tigray_Maize,Tigray_2015,Maize_2015,64197.01,0.3235451147891084,267.8475832349329,2479.0786206398084,1323.2252747252746,1155.7747252747254,2185.0,303.4007251144921,2479.0786206398084,1423.9458536244474,0
Afar,Maize,2015,58318.95,0,0,19,2010,1,0,454.0164835164835,-0.1133742964865565,1,2015.483870967742,-1.0,64289.84447004608,1,Afar_Maize,Afar_2015,Maize_2015,6058.575217391305,-1.0,-1.0,0.0,425.4088397790055,-425.4088397790055,1450.6666666666667,1292.3367724139612,0.0,-427.4088397790055,2
Amhara,Maize,2015,513367.36,1837500847,3579,19,2010,1,1,1654.5824175824175,0.5365990346899485,1,2015.483870967742,0.1495336880113469,513411.8041352333,0,Amhara_Maize,Amhara_2015,Maize_2015,513367.36,inf,inf,3579.3098474355675,1625.4222222222222,1953.5777777777778,2019.3333333333333,1833.2431189924957,3579.3098474355675,inf,0
Oromia,Maize,2015,1129849.71,3944110364,3491,19,2010,1,6,1857.7087912087911,0.596598295743537,1,2015.483870967742,0.0969851602214444,1129793.859639072,0,Oromiya_Maize,Oromiya_2015,Maize_2015,1129849.71,-0.024587873707739627,1.1464536304510342,3490.827434031027,1817.2122905027934,1673.7877094972066,2356.6666666666665,2041.4074393254602,3490.827434031027,1674.90957525395,0
Somali,Maize,2015,58318.95,0,2968,19,2010,1,8,549.7857142857143,-0.1133742964865565,1,2015.483870967742,-1.0,0.0,1,Somalia_Maize,Somalia_2015,Maize_2015,26970.177826086958,-0.1498138069321111,-1.0,0.0,549.7857142857143,2418.214285714286,3346.0,330.3013775326974,0.0,2417.064471907354,0
Benishangul Gumuz,Maize,2015,45278.92,156509077,3457,19,2010,1,2,1183.4835164835165,inf,1,2015.483870967742,0.0677540429782304,45273.0914087359,0,Benushangul Gumuz_Maize,Benushangul Gumuz_2015,Maize_2015,45278.92,0.16475741239892194,inf,3456.5549929194426,1148.8333333333333,2308.166666666667,3305.3333333333335,292.6334453430279,3456.5549929194426,inf,0
SNNPR,Maize,2015,310243.28,999868525,3223,19,2010,1,7,1521.2747252747254,1.9885080700522244,1,2015.483870967742,0.12629211901624,310229.1421036302,0,S.N.N.P.R_Maize,S.N.N.P.R_2015,Maize_2015,310243.28,-0.06768874746890363,5.388565725168771,3222.85312674621,1491.7666666666667,1731.2333333333333,3216.0,244.57514182761446,3222.85312674621,1736.5542103110333,0
Gambela,Maize,2015,4666.49,10107013,2166,19,2010,1,4,485.2197802197802,inf,1,2015.483870967742,0.0,4666.210987996306,0,Gambela_Maize,Gambela_2015,Maize_2015,4666.49,-0.3279553211293825,-0.9898916580057363,2165.870493668689,462.8839779005525,1703.1160220994475,2948.6666666666665,687.8330708342916,2165.870493668689,1701.7981751203124,0
Harari,Maize,2015,1300.31,2747185,2113,19,2010,1,5,12684.181318681318,inf,1,2015.483870967742,-0.110255469358024,1300.1348793185043,0,Harari_Maize,Harari_2015,Maize_2015,1300.31,-0.024469067405355482,-0.7281902180199036,2112.7154293976055,536.2277777777778,1576.7722222222224,2500.6666666666665,626.1200630337065,2112.7154293976055,1576.019562936797,0
Dire Dawa,Maize,2015,371.07,747454,2014,19,2010,1,3,361.5824175824176,inf,1,2015.483870967742,0.2626573350969392,371.12909632572,0,DIRE DAWA_Maize,DIRE DAWA_2015,Maize_2015,371.07,-0.04685281590156176,-0.727920034508051,2014.3207481068262,361.5824175824176,1652.4175824175825,2097.6666666666665,77.15136637372899,2014.3207481068262,1651.642809567173,0
Tigray,Maize,2016,62640.0,137908952,2202,20,2010,1,9,1323.2252747252746,-0.216856403871658,1,2015.483870967742,-0.133462509621853,62628.951861943686,0,Tigray_Maize,Tigray_2016,Maize_2016,62640.0,0.09334657398212509,183.50493542077507,2201.6116219667942,1323.2252747252746,878.7747252747254,2109.6666666666665,94.04431579491308,2201.6116219667942,1062.3730072694825,0
Afar,Maize,2016,2330.86,5639678,2420,20,2010,1,0,454.0164835164835,inf,1,2015.483870967742,inf,2330.4454545454546,0,Afar_Maize,Afar_2016,Maize_2016,2330.86,0.09900090826521346,-0.9591057874183541,2419.569600919832,425.4088397790055,1994.5911602209944,2212.0,203.18464508914013,2419.569600919832,1993.7310553418413,0
Amhara,Maize,2016,517210.23,1814326840,3508,20,2010,1,1,1654.5824175824175,0.484835454492206,1,2015.483870967742,-0.0126116986764034,517196.9327251996,0,Amhara_Maize,Amhara_2016,Maize_2016,517210.23,0.4495867768595041,320.70752301815816,3507.909810677952,1625.4222222222222,1882.5777777777778,2710.0,699.631331488234,3507.909810677952,2203.7348875727953,0
Oromia,Maize,2016,1125747.85,3953859374,3512,20,2010,1,6,1857.7087912087911,0.607668266326107,1,2015.483870967742,0.0024717893517849,1125814.1725512529,0,Oromiya_Maize,Oromiya_2016,Maize_2016,1125747.85,0.0011402508551880963,1.1792431698800199,3512.206906724272,1817.2122905027934,1694.7877094972066,3146.6666666666665,629.3149714835423,3512.206906724272,1695.9680929179417,0
Somali,Maize,2016,25833.74,61503026,2381,20,2010,1,8,549.7857142857143,inf,1,2015.483870967742,inf,25830.754304913906,0,Somalia_Maize,Somalia_2016,Maize_2016,25833.74,-0.3220387243735763,-0.9844448119717067,2380.724819557679,549.7857142857143,1831.2142857142858,3133.6666666666665,651.8315221998179,2380.724819557679,1829.9078021779405,0
Benishangul Gumuz,Maize,2016,46998.87,167376015,3561,20,2010,1,2,1183.4835164835165,23.832518198657457,1,2015.483870967742,0.0694332763843466,47002.53159224937,0,Benushangul Gumuz_Maize,Benushangul Gumuz_2016,Maize_2016,46998.87,0.495590088198236,1.721427316438056,3561.2774307126956,1148.8333333333333,2412.166666666667,3151.3333333333335,667.5779604910064,3561.2774307126956,2414.3836840713034,0
SNNPR,Maize,2016,325116.61,999735524,3075,20,2010,1,7,1521.2747252747254,1.9875497979989645,1,2015.483870967742,-0.000133018488605807,325117.2435772358,0,S.N.N.P.R_Maize,S.N.N.P.R_2016,Maize_2016,325116.61,-0.1364785172704297,4.972991554375339,3075.0059924652883,1491.7666666666667,1583.2333333333333,3005.6666666666665,593.0474966925768,3075.0059924652883,1588.0698463704382,0
Gambela,Maize,2016,4080.02,7969537,1953,20,2010,1,4,485.2197802197802,inf,1,2015.483870967742,-0.211484441545687,4080.664106502816,0,Gambela_Maize,Gambela_2016,Maize_2016,4080.02,-0.3648780487804878,-0.9920283546911353,1953.3083171160927,462.8839779005525,1490.1160220994475,2863.0,824.696307740006,1953.3083171160927,1488.7591156959759,0
Harari,Maize,2016,1265.83,2100281,1659,20,2010,1,5,12684.181318681318,inf,1,2015.483870967742,-0.235478862908759,1265.9921639541892,0,Harari_Maize,Harari_2016,Maize_2016,1265.83,-0.15053763440860213,-0.7364613527736932,1659.2125324885649,536.2277777777778,1122.7722222222224,2229.0,747.258991247345,1659.2125324885649,1121.88522323504,0
Dire Dawa,Maize,2016,294.22,416183,1415,20,2010,1,3,361.5824175824176,inf,1,2015.483870967742,-0.443199180150216,294.12226148409894,0,DIRE DAWA_Maize,DIRE DAWA_2016,Maize_2016,294.22,-0.14707655213984328,-0.8018441341896632,1414.5299435796342,361.5824175824176,1053.4175824175825,1675.6666666666667,269.3869583579238,1414.5299435796342,1052.468661731253,0
Tigray,Maize,2017,66451.95,169801363,2555,21,2010,1,9,1323.2252747252746,-0.202313378802076,1,2015.483870967742,0.2312570035337517,66458.4590998043,0,Tigray_Maize,Tigray_2017,Maize_2017,66451.95,0.8056537102473498,406.9968739713059,2555.2502672984015,1323.2252747252746,1231.7747252747254,1876.3333333333333,600.2710498877431,2555.2502672984015,1639.5772529562787,0
Afar,Maize,2017,4664.83,13553348,2905,21,2010,1,0,454.0164835164835,inf,1,2015.483870967742,1.4032130912438618,4665.524268502581,0,Afar_Maize,Afar_2017,Maize_2017,4664.83,0.13698630136986312,-0.9201811589698488,2905.4323523043713,425.4088397790055,2479.5911602209944,2291.6666666666665,779.1234390860876,2905.4323523043713,2478.8079653633945,0
Amhara,Maize,2017,519495.71,1962937196,3780,21,2010,1,1,1654.5824175824175,0.4881230836613486,1,2015.483870967742,0.0819093631442944,519295.5544973545,0,Amhara_Maize,Amhara_2017,Maize_2017,519495.71,0.3012048192771084,143.83042831926105,3778.543611072361,1625.4222222222222,2154.5777777777776,3080.0,630.9714732061964,3778.543611072361,2298.709410916316,0
Oromia,Maize,2017,1142653.56,4362096931,3818,21,2010,1,6,1857.7087912087911,0.637408747336998,1,2015.483870967742,0.103250398758365,1142508.363279204,0,Oromiya_Maize,Oromiya_2017,Maize_2017,1142653.56,0.010052910052910091,1.2222294935818212,3817.514847632383,1817.2122905027934,2000.7877094972066,3501.0,516.5007260401452,3817.514847632383,2002.0199919008414,0
Somali,Maize,2017,24767.08,51594344,2083,21,2010,1,8,549.7857142857143,inf,1,2015.483870967742,-0.161108853408285,24769.248199711958,0,Somalia_Maize,Somalia_2017,Maize_2017,24767.08,-0.4544264012572027,-0.9881721234497712,2083.182353349688,549.7857142857143,1533.2142857142858,3227.0,990.9152335089,2083.182353349688,1531.7716871895789,0
Benishangul Gumuz,Maize,2017,49115.09,188481615,3838,21,2010,1,2,1183.4835164835165,inf,1,2015.483870967742,0.1260969201590802,49109.33168316832,0,Benushangul Gumuz_Maize,Benushangul Gumuz_2017,Maize_2017,49115.09,0.842534805568891,2.653144906736289,3837.5500279038483,1148.8333333333333,2689.166666666667,3246.3333333333335,1007.5258474765453,3837.5500279038483,2692.662346378972,0
SNNPR,Maize,2017,322714.36,1085725550,3364,21,2010,1,7,1521.2747252747254,2.3024949051614345,1,2015.483870967742,0.0860127743144996,322748.3799048751,0,S.N.N.P.R_Maize,S.N.N.P.R_2017,Maize_2017,322714.36,-0.12350182386659714,4.760379069332571,3364.3546261777756,1491.7666666666667,1872.2333333333333,3095.0,907.8970205920922,3364.3546261777756,1876.8702105787993,0
Gambela,Maize,2017,4061.5,9144938,2252,21,2010,1,4,485.2197802197802,inf,1,2015.483870967742,0.1474867360550555,4060.807282415631,0,Gambela_Maize,Gambela_2017,Maize_2017,4061.5,-0.33055885850178357,-0.9915771181768726,2251.61590545365,462.8839779005525,1789.1160220994475,3151.3333333333335,814.106463144306,2251.61590545365,1787.7938861227688,0
Harari,Maize,2017,1407.76,3340244,2373,21,2010,1,5,12684.181318681318,inf,1,2015.483870967742,0.5903795730190389,1407.6038769490096,0,Harari_Maize,Harari_2017,Maize_2017,1407.76,0.05373001776198927,-0.6347439424958377,2372.7368301415013,536.2277777777778,1836.7722222222224,2663.0,610.0909768223087,2372.7368301415013,1836.1912082974884,0
Dire Dawa,Maize,2017,240.02,499129,2080,21,2010,1,3,361.5824175824176,inf,1,2015.483870967742,0.1993017494707856,239.9658653846154,0,DIRE DAWA_Maize,DIRE DAWA_2017,Maize_2017,240.02,-0.12347239780868102,-0.850571096003765,2079.5308724272977,361.5824175824176,1718.4175824175825,2235.0,147.2379027288812,2079.5308724272977,1717.4435389237701,0
Tigray,Maize,2018,62161.78,159056125,2559,22,2010,1,9,1323.2252747252746,-0.256757998845101,1,2015.483870967742,-0.063281223484643,62155.57835091832,0,Tigray_Maize,Tigray_2018,Maize_2018,62161.78,0.2302884615384615,317.6673685560246,2558.744698108709,1323.2252747252746,1235.7747252747254,2337.3333333333335,241.4836088295283,2558.744698108709,1553.6723822922884,0
Afar,Maize,2018,4308.23,13800912,3203,22,2010,1,0,454.0164835164835,inf,1,2015.483870967742,0.0182658926783256,4308.745551045895,0,Afar_Maize,Afar_2018,Maize_2018,4308.23,0.251660805001954,-0.9132324391783089,3203.3832919783767,425.4088397790055,2777.5911602209944,2614.0,563.5166368440233,3203.3832919783767,2776.929588586818,0
Amhara,Maize,2018,520116.84,2071865758,3983,22,2010,1,1,1654.5824175824175,0.4749446315506596,1,2015.483870967742,0.0554926373711652,520177.1925684158,0,Amhara_Maize,Amhara_2018,Maize_2018,520116.84,0.24352169840774285,149.12527853231728,3983.4621736146823,1625.4222222222222,2357.5777777777776,3248.3333333333335,713.0815755110568,3983.4621736146823,2506.9465780085025,0
Oromia,Maize,2018,1146899.78,4676744066,4078,22,2010,1,6,1857.7087912087911,0.7516434825425615,1,2015.483870967742,0.0721320823395521,1146822.9686120648,0,Oromiya_Maize,Oromiya_2018,Maize_2018,1146899.78,0.023851368315340293,1.2572621068435073,4077.7268838607674,1817.2122905027934,2260.7877094972064,3754.6666666666665,480.112833960237,4077.7268838607674,2262.068822972365,0
Somali,Maize,2018,23792.38,57483111,2416,22,2010,1,8,549.7857142857143,inf,1,2015.483870967742,0.1141359021833865,23792.678394039736,0,Somalia_Maize,Somalia_2018,Maize_2018,23792.38,-0.407552721922511,-0.9877087327874315,2416.030300457541,549.7857142857143,1866.2142857142858,3492.3333333333335,933.3414880596118,2416.030300457541,1864.8190242595758,0
Benishangul Gumuz,Maize,2018,50681.11,203375051,4013,22,2010,1,2,1183.4835164835165,33.42159148473933,1,2015.483870967742,0.0790179774297881,50679.05581858959,0,Benushangul Gumuz_Maize,Benushangul Gumuz_2018,Maize_2018,50681.11,0.6610099337748345,2.5379965952086345,4012.8373470904644,1148.8333333333333,2864.166666666667,3502.3333333333335,941.3534582362411,4012.8373470904644,2867.3656731956503,0
SNNPR,Maize,2018,314535.17,1196967078,3806,22,2010,1,7,1521.2747252747254,2.528836575056876,1,2015.483870967742,0.1024582391010324,314494.7656332107,0,S.N.N.P.R_Maize,S.N.N.P.R_2018,Maize_2018,314535.17,-0.051582357338649354,4.885515809901382,3805.511091176227,1491.7666666666667,2314.2333333333336,3411.6666666666665,868.4620506005606,3805.511091176227,2319.067266785896,0
Gambela,Maize,2018,4751.79,12582755,2648,22,2010,1,4,485.2197802197802,inf,1,2015.483870967742,0.3759256760406686,4751.7956948640485,0,Gambela_Maize,Gambela_2018,Maize_2018,4751.79,-0.3042564372044141,-0.9894878019360195,2648.0031735409184,462.8839779005525,2185.1160220994475,3489.0,735.6446152864826,2648.0031735409184,2183.822277860307,0
Harari,Maize,2018,1397.66,3382752,2420,22,2010,1,5,12684.181318681318,inf,1,2015.483870967742,0.0127260164227522,1397.8314049586777,0,Harari_Maize,Harari_2018,Maize_2018,1397.66,-0.08610271903323263,-0.7311596705173072,2420.296781763805,536.2277777777778,1883.7722222222224,2958.0,743.1850375243017,2420.296781763805,1882.9549598326719,0
Dire Dawa,Maize,2018,304.17,629635,2070,22,2010,1,3,361.5824175824176,inf,1,2015.483870967742,0.2614674763437909,304.17149758454104,0,DIRE DAWA_Maize,DIRE DAWA_2018,Maize_2018,304.17,-0.14462809917355368,-0.8138690036987636,2070.0101916691324,361.5824175824176,1708.4175824175825,2379.3333333333335,291.1379970621013,2070.0101916691324,1707.4590853147101,0
Tigray,Maize,2019,67675.62,173597203,2565,23,2010,1,9,1323.2252747252746,-0.309509133231265,1,2015.483870967742,0.0914210502739205,67679.22144249512,0,Tigray_Maize,Tigray_2019,Maize_2019,67675.62,0.23913043478260865,274.71085311331166,2565.136499672999,1323.2252747252746,1241.7747252747254,2351.6666666666665,254.476587004251,2565.136499672999,1516.7247088228196,0
Afar,Maize,2019,4308.23,13800912,3203,23,2010,1,0,454.0164835164835,inf,1,2015.483870967742,0.0,4308.745551045895,0,Afar_Maize,Afar_2019,Maize_2019,4308.23,0.24873294346978558,-0.9205003781080505,3203.3832919783767,425.4088397790055,2777.5911602209944,2612.6666666666665,568.002053986895,3203.3832919783767,2776.919392786356,0
Amhara,Maize,2019,559981.55,2284448311,4080,23,2010,1,1,1654.5824175824175,0.5414179796420115,1,2015.483870967742,0.1026044048361554,559913.8017156862,0,Amhara_Maize,Amhara_2019,Maize_2019,559981.55,0.2738058070558851,164.52879338698776,4079.506389094426,1625.4222222222222,2454.5777777777776,3282.6666666666665,760.6354799332794,4079.506389094426,2619.380376971821,0
Oromia,Maize,2019,1324274.98,5438311944,4107,23,2010,1,6,1857.7087912087911,1.0252251243485513,1,2015.483870967742,0.1628414698885514,1324156.7918188458,0,Oromiya_Maize,Oromiya_2019,Maize_2019,1324274.98,0.006617647058823506,1.3805799929084062,4106.633460672949,1817.2122905027934,2289.7877094972064,3796.6666666666665,514.3076251946195,4106.633460672949,2291.1749071371737,0
Somali,Maize,2019,23792.38,57483111,2416,23,2010,1,8,549.7857142857143,inf,1,2015.483870967742,0.0,23792.678394039736,0,Somalia_Maize,Somalia_2019,Maize_2019,23792.38,-0.411736060384709,-0.9894299717280065,2416.030300457541,549.7857142857143,1866.2142857142858,3534.3333333333335,968.5991602997235,2416.030300457541,1864.813119682173,0
Benishangul Gumuz,Maize,2019,62287.85,253986366,4078,23,2010,1,2,1183.4835164835165,33.68438533033939,1,2015.483870967742,0.2488570488422397,62282.090730750366,0,Benushangul Gumuz_Maize,Benushangul Gumuz_2019,Maize_2019,62287.85,0.6879139072847682,3.418451986706147,4077.6229393051776,1148.8333333333333,2929.166666666667,3533.6666666666665,968.0363285194051,4077.6229393051776,2933.273032560658,0
SNNPR,Maize,2019,320078.03,1257581630,3929,23,2010,1,7,1521.2747252747254,2.1216541096403443,1,2015.483870967742,0.0506401162689287,320076.77017052687,0,S.N.N.P.R_Maize,S.N.N.P.R_2019,Maize_2019,320078.03,-0.03653751839136832,3.951374555278294,3928.9845354271893,1491.7666666666667,2437.2333333333336,3474.3333333333335,919.5663833206005,3928.9845354271893,2441.1481703702207,0
Gambela,Maize,2019,4040.25,10785938,2670,23,2010,1,4,485.2197802197802,inf,1,2015.483870967742,-0.142799967097825,4039.677153558053,0,Gambela_Maize,Gambela_2019,Maize_2019,4040.25,-0.3204377704250445,-0.9914232700743251,2669.6214343171832,462.8839779005525,2207.1160220994475,3559.0,773.4927278261872,2669.6214343171832,2205.804161058948,0
Harari,Maize,2019,1154.09,2500033,2166,23,2010,1,5,12684.181318681318,47.6037871571048,1,2015.483870967742,-0.260947004096073,1154.2165281625116,0,Harari_Maize,Harari_2019,Maize_2019,1154.09,-0.18876404494382026,-0.7682136685747684,2166.237468481661,536.2277777777778,1629.7722222222224,2921.6666666666665,908.0442353395183,2166.237468481661,1628.8152445087037,0
Dire Dawa,Maize,2019,204.4,275387,1347,23,2010,1,3,361.5824175824176,inf,1,2015.483870967742,-0.562624377615602,204.4446919079436,0,DIRE DAWA_Maize,DIRE DAWA_2019,Maize_2019,204.4,-0.37811634349030476,-0.8898466540241668,1347.2945205479452,361.5824175824176,985.4175824175825,2061.0,667.7207500145543,1347.2945205479452,984.149619420068,0
Tigray,Maize,2020,69865.24,188645136,2700,24,2020,1,9,1323.2252747252746,-0.272594849782452,1,2015.483870967742,0.0866830383206116,69868.56888888888,0,Tigray_Maize,Tigray_2020,Maize_2020,69865.24,1.0044543429844097,684.0183051487543,2700.1286476651335,1323.2252747252746,1376.7747252747254,2071.0,681.4844092127119,2700.1286476651335,2061.797484766464,0
Afar,Maize,2020,58318.95,0,0,24,2020,1,0,454.0164835164835,-0.1133742964865565,1,2015.483870967742,-1.0,64289.84447004608,1,Afar_Maize,Afar_2020,Maize_2020,6058.575217391305,-1.0,-1.0,0.0,425.4088397790055,-425.4088397790055,1349.0,1350.0011111106537,0.0,-427.4088397790055,2
Amhara,Maize,2020,534007.8,2195880725,4112,24,2020,1,1,1654.5824175824175,0.4090791328756731,1,2015.483870967742,-0.038769792064689,534017.6860408561,0,Amhara_Maize,Amhara_2020,Maize_2020,534007.8,inf,inf,4112.076125105288,1625.4222222222222,2486.5777777777776,2270.6666666666665,2089.3495000438134,4112.076125105288,inf,0
Somali,Maize,2020,58318.95,0,0,24,2020,1,8,549.7857142857143,-0.1133742964865565,1,2015.483870967742,-1.0,64289.84447004608,1,Somalia_Maize,Somalia_2020,Maize_2020,26970.177826086958,-1.0,-1.0,0.0,549.7857142857143,-549.7857142857143,1370.6666666666667,2374.064306907741,0.0,-551.7857142857143,2
Benishangul Gumuz,Maize,2020,61948.91,256836140,4146,24,2020,1,2,1183.4835164835165,29.29490797506212,1,2015.483870967742,0.0112201849448878,61947.935359382536,0,Benushangul Gumuz_Maize,Benushangul Gumuz_2020,Maize_2020,61948.91,inf,inf,4145.934771087982,1148.8333333333333,2997.166666666667,2752.6666666666665,2383.9398761993416,4145.934771087982,inf,0
Gambela,Maize,2020,58318.95,0,0,24,2020,1,4,485.2197802197802,-0.1133742964865565,1,2015.483870967742,-1.0,64289.84447004608,1,Gambela_Maize,Gambela_2020,Maize_2020,5422.006818181818,-1.0,-1.0,0.0,462.8839779005525,-462.8839779005525,1382.0,2393.6942160601884,0.0,-464.8839779005525,2
Harari,Maize,2020,1712.35,3963292,2315,24,2020,1,5,12684.181318681318,24.69861628042692,1,2015.483870967742,0.585295874094462,1712.0051835853133,0,Harari_Maize,Harari_2020,Maize_2020,1712.35,inf,inf,2314.533827780536,536.2277777777778,1778.7722222222224,2153.6666666666665,2077.7031388851806,2314.533827780536,inf,0
Dire Dawa,Maize,2020,282.34,397247,1407,24,2020,1,3,361.5824175824176,inf,1,2015.483870967742,0.4425045481449741,282.3361762615494,0,DIRE DAWA_Maize,DIRE DAWA_2020,Maize_2020,282.34,-0.39222462203023756,-0.8997684248347081,1406.9809449599775,361.5824175824176,1045.4175824175825,1240.6666666666667,1166.4288805295134,1406.9809449599775,1044.1255893707175,0
Tigray,Maize,2021,80151.64,246465394,3075,25,2020,1,9,1323.2252747252746,0.1007480452290805,1,2015.483870967742,0.3065027767267745,80151.34764227642,0,Tigray_Maize,Tigray_2021,Maize_2021,80151.64,1.1855010660980811,619.4336193854201,3074.9887837603824,1323.2252747252746,1751.7747252747254,2265.6666666666665,835.0936075275226,3074.9887837603824,2372.3938457262434,0
Afar,Maize,2021,2933.27,2684522,915,25,2020,1,0,454.0164835164835,inf,1,2015.483870967742,inf,2933.903825136612,0,Afar_Maize,Afar_2021,Maize_2021,2933.27,-0.7024390243902439,-0.989107915085231,915.1977144961085,425.4088397790055,489.5911602209945,1799.0,1132.0989356058947,915.1977144961085,487.899613281519,0
Somali,Maize,2021,53753.17,108443591,2017,25,2020,1,8,549.7857142857143,inf,1,2015.483870967742,inf,53764.794744670304,0,Somalia_Maize,Somalia_2021,Maize_2021,53753.17,1.2043715846994534,39.395866005195714,2017.436199576695,549.7857142857143,1467.2142857142858,2002.3333333333333,1080.0746887754256,2017.436199576695,1507.814523304181,0
Gambela,Maize,2021,4831.46,11639114,2409,25,2020,1,4,485.2197802197802,inf,1,2015.483870967742,inf,4831.512660855126,0,Gambela_Maize,Gambela_2021,Maize_2021,4831.46,0.19434804164600883,-0.8926712598442078,2409.026257073431,462.8839779005525,1946.1160220994475,1780.3333333333333,774.6078577792332,2409.026257073431,1945.4176988812492,0
Harari,Maize,2021,1315.09,3096809,2355,25,2020,1,5,12684.181318681318,inf,1,2015.483870967742,-0.218627090812385,1314.9932059447983,0,Harari_Maize,Harari_2021,Maize_2021,1315.09,-0.02241594022415938,-0.7339308644970743,2354.826665855569,536.2277777777778,1818.7722222222224,2260.3333333333335,212.45548553363352,2354.826665855569,1818.015875417501,0
Dire Dawa,Maize,2021,250.86,380477,1517,25,2020,1,3,361.5824175824176,inf,1,2015.483870967742,-0.0422155485126382,250.80883322346736,0,DIRE DAWA_Maize,DIRE DAWA_2021,Maize_2021,250.86,-0.3558386411889597,-0.8771390163229311,1516.6905843896993,361.5824175824176,1155.4175824175825,2093.6666666666665,500.13731447806646,1516.6905843896993,1154.1846047600707,0
Tigray,Maize,2022,58318.95,0,0,26,2020,1,9,1323.2252747252746,-0.1133742964865565,1,2015.483870967742,-1.0,64289.84447004608,1,Tigray_Maize,Tigray_2022,Maize_2022,60980.6644,-1.0,-1.0,0.0,1323.2252747252746,-1323.2252747252746,1290.6666666666667,1193.7027826613014,0.0,-1325.2252747252746,2
Afar,Maize,2022,4651.0,3604169,775,26,2020,1,0,454.0164835164835,inf,1,2015.483870967742,0.3425738362360226,4650.540645161291,0,Afar_Maize,Afar_2022,Maize_2022,4651.0,inf,inf,774.9234573210063,425.4088397790055,349.5911602209945,764.0,758.5598196582799,774.9234573210063,inf,0
Somali,Maize,2022,10419.0,10251134,984,26,2020,1,8,549.7857142857143,inf,1,2015.483870967742,-0.905470356473164,10417.819105691056,0,Somalia_Maize,Somalia_2022,Maize_2022,10419.0,0.2696774193548388,1.844243430316392,983.888472982052,549.7857142857143,434.21428571428567,586.3333333333334,518.4210000890548,983.888472982052,436.3282065639569,0
SNNPR,Maize,2022,348216.59,1389362156,3990,26,2020,1,7,1521.2747252747254,2.394764739730746,1,2015.483870967742,0.0626914494827213,348211.06666666665,0,S.N.N.P.R_Maize,S.N.N.P.R_2022,Maize_2022,348216.59,3.0548780487804876,134.53253288855652,3989.936711516243,1491.7666666666667,2498.2333333333336,1916.3333333333333,1798.8858588952587,3989.936711516243,2635.8207442706707,0
Harari,Maize,2022,1802.0,5610311,3112,26,2020,1,5,12684.181318681318,13.890704044420144,1,2015.483870967742,0.8116425649757542,1802.7991645244213,0,Harari_Maize,Harari_2022,Maize_2022,1802.0,-0.22005012531328316,-0.9959619520542058,3113.3801331853497,536.2277777777778,2575.7722222222224,2695.3333333333335,1545.7093301566538,3113.3801331853497,2574.556210144855,0
Dire Dawa,Maize,2022,725.0,1353733,1865,26,2020,1,3,361.5824175824176,inf,1,2015.483870967742,2.557989050586501,725.8621983914209,0,DIRE DAWA_Maize,DIRE DAWA_2022,Maize_2022,725.0,-0.400706940874036,-0.7587062464095128,1867.2179310344827,361.5824175824176,1503.4175824175825,2989.0,1067.8262967355681,1867.2179310344827,1502.258169230299,0
Tigray,Millet,1996,35780.0,24570000,687,0,1990,0,9,1323.2252747252746,-0.857950603579853,2,702.5423076923076,0.050681203459444796,35764.19213973799,0,Tigray_Millet,Tigray_1996,Millet_1996,35780.0,0.0,0.0,686.6964784795975,1323.2252747252746,-636.2252747252746,687.0,0.0,686.6964784795975,-636.2252747252746,1
Afar,Millet,1996,58318.95,0,0,0,1990,0,0,454.0164835164835,-1.0,2,702.5423076923076,0.050681203459444796,64289.84447004608,1,Afar_Millet,Afar_1996,Millet_1996,11020.445,-1.0,-1.0,0.0,425.4088397790055,-425.4088397790055,343.5,485.78235867515815,0.0,-427.4088397790055,2
Amhara,Millet,1996,173190.0,159982000,924,0,1990,0,1,1654.5824175824175,-0.718285007906516,2,702.5423076923076,inf,173140.69264069264,0,Amhara_Millet,Amhara_1996,Millet_1996,173190.0,inf,inf,923.7369363127201,1625.4222222222222,-701.4222222222222,537.0,479.91561758292465,923.7369363127201,inf,1
Oromia,Millet,1996,49680.0,42524000,856,0,1990,0,6,1857.7087912087911,-0.941904167287144,2,702.5423076923076,-0.932810133938251,49677.57009345794,0,Oromiya_Millet,Oromiya_1996,Millet_1996,49680.0,-0.07359307359307354,-0.7341950969484067,855.9581320450885,1817.2122905027934,-961.2122905027934,593.3333333333334,514.9653710040446,855.9581320450885,-962.0200786733349,2
Somali,Millet,1996,58318.95,0,0,0,1990,0,8,549.7857142857143,-1.0,2,702.5423076923076,-1.0,64289.84447004608,1,Somalia_Millet,Somalia_1996,Millet_1996,11020.445,-1.0,-1.0,0.0,549.7857142857143,-549.7857142857143,593.3333333333334,514.9653710040445,0.0,-551.7857142857143,2
Benishangul Gumuz,Millet,1996,7150.0,7869000,1101,0,1990,0,2,1183.4835164835165,-0.797628844769056,2,702.5423076923076,inf,7147.138964577656,0,Benushangul Gumuz_Millet,Benushangul Gumuz_1996,Millet_1996,7150.0,inf,inf,1100.5594405594406,1148.8333333333333,-47.83333333333326,652.3333333333334,578.0660285238472,1100.5594405594406,inf,1
SNNPR,Millet,1996,3510.0,0,0,0,1990,0,7,1521.2747252747254,-1.0,2,702.5423076923076,-1.0,64289.84447004608,0,S.N.N.P.R_Millet,S.N.N.P.R_1996,Millet_1996,3510.0,-1.0,-1.0,0.0,1491.7666666666667,-1491.7666666666667,367.0,635.6626463777778,0.0,-1493.7666666666667,2
Gambela,Millet,1996,58318.95,0,0,0,1990,0,4,485.2197802197802,-1.0,2,702.5423076923076,-1.0,64289.84447004608,1,Gambela_Millet,Gambela_1996,Millet_1996,44.19,0.0,0.0,0.0,462.8839779005525,-462.8839779005525,367.0,635.6626463777778,0.0,-462.8839779005525,1
Harari,Millet,1996,58318.95,0,0,0,1990,0,5,12684.181318681318,-1.0,2,702.5423076923076,0.050681203459444796,64289.84447004608,1,Harari_Millet,Harari_1996,Millet_1996,11020.445,0.0,0.0,0.0,536.2277777777778,-536.2277777777778,0.0,0.0,0.0,-536.2277777777778,1
Dire Dawa,Millet,1996,58318.95,0,0,0,1990,0,3,361.5824175824176,-1.0,2,702.5423076923076,0.050681203459444796,64289.84447004608,1,DIRE DAWA_Millet,DIRE DAWA_1996,Millet_1996,11020.445,0.0,0.0,0.0,361.5824175824176,-361.5824175824176,0.0,0.0,0.0,-361.5824175824176,1
Tigray,Millet,1997,55430.0,54309000,980,1,1990,0,9,1323.2252747252746,-0.767941990838859,2,702.5423076923076,1.2103785103785103,55417.34693877551,0,Tigray_Millet,Tigray_1997,Millet_1997,55430.0,inf,inf,979.7762944254014,1323.2252747252746,-343.22527472527463,326.6666666666667,565.8032638058331,979.7762944254014,inf,1
Afar,Millet,1997,58318.95,0,0,1,1990,0,0,454.0164835164835,-0.1133742964865565,2,702.5423076923076,0.050681203459444796,64289.84447004608,1,Afar_Millet,Afar_1997,Millet_1997,11020.445,-1.0,-1.0,0.0,425.4088397790055,-425.4088397790055,326.6666666666667,565.8032638058331,0.0,-427.4088397790055,2
Amhara,Millet,1997,176490.0,190105000,1077,1,1990,0,1,1654.5824175824175,-0.762996808457587,2,702.5423076923076,0.1882899326174194,176513.4633240483,0,Amhara_Millet,Amhara_1997,Millet_1997,176490.0,inf,inf,1077.143180916766,1625.4222222222222,-548.4222222222222,685.6666666666666,595.7821190110803,1077.143180916766,inf,1
Oromia,Millet,1997,46700.0,41706000,893,1,1990,0,6,1857.7087912087911,-0.943253745802469,2,702.5423076923076,-0.0192361960304768,46703.24748040314,0,Oromiya_Millet,Oromiya_1997,Millet_1997,46700.0,-0.17084493964716807,-0.7806159753820258,893.0620985010706,1817.2122905027934,-924.2122905027934,656.6666666666666,576.0836166159676,893.0620985010706,-925.1637514178226,2
Somali,Millet,1997,58318.95,0,0,1,1990,0,8,549.7857142857143,-1.0,2,702.5423076923076,0.050681203459444796,64289.84447004608,1,Somalia_Millet,Somalia_1997,Millet_1997,11020.445,-1.0,-1.0,0.0,549.7857142857143,-549.7857142857143,656.6666666666666,576.0836166159677,0.0,-551.7857142857143,2
Benishangul Gumuz,Millet,1997,7130.0,6022000,845,1,1990,0,2,1183.4835164835165,-0.865831922288566,2,702.5423076923076,-0.234718515694497,7126.627218934911,0,Benushangul Gumuz_Millet,Benushangul Gumuz_1997,Millet_1997,7130.0,inf,inf,844.6002805049088,1148.8333333333333,-303.83333333333326,579.3333333333334,502.2910842662183,844.6002805049088,inf,1
SNNPR,Millet,1997,4880.0,0,0,1,1990,0,7,1521.2747252747254,-1.0,2,702.5423076923076,0.050681203459444796,64289.84447004608,0,S.N.N.P.R_Millet,S.N.N.P.R_1997,Millet_1997,4880.0,-1.0,-1.0,0.0,1491.7666666666667,-1491.7666666666667,281.6666666666667,487.8609774652337,0.0,-1493.7666666666667,2
Gambela,Millet,1997,58318.95,0,0,1,1990,0,4,485.2197802197802,-1.0,2,702.5423076923076,0.050681203459444796,64289.84447004608,1,Gambela_Millet,Gambela_1997,Millet_1997,44.19,0.0,0.0,0.0,462.8839779005525,-462.8839779005525,281.6666666666667,487.8609774652337,0.0,-462.8839779005525,1
Harari,Millet,1997,58318.95,0,0,1,1990,0,5,12684.181318681318,-1.0,2,702.5423076923076,0.050681203459444796,64289.84447004608,1,Harari_Millet,Harari_1997,Millet_1997,11020.445,0.0,0.0,0.0,536.2277777777778,-536.2277777777778,0.0,0.0,0.0,-536.2277777777778,1
Dire Dawa,Millet,1997,58318.95,0,0,1,1990,0,3,361.5824175824176,-1.0,2,702.5423076923076,0.050681203459444796,64289.84447004608,1,DIRE DAWA_Millet,DIRE DAWA_1997,Millet_1997,11020.445,0.0,0.0,0.0,361.5824175824176,-361.5824175824176,0.0,0.0,0.0,-361.5824175824176,1
Tigray,Millet,1998,68090.0,58996000,866,2,1990,0,9,1323.2252747252746,-0.534838246773214,2,702.5423076923076,0.0863024544734758,68124.71131639722,0,Tigray_Millet,Tigray_1998,Millet_1998,68090.0,inf,inf,866.4414745190189,1323.2252747252746,-457.22527472527463,288.6666666666667,499.98533311821586,866.4414745190189,inf,1
Afar,Millet,1998,58318.95,0,0,2,1990,0,0,454.0164835164835,-1.0,2,702.5423076923076,0.050681203459444796,64289.84447004608,1,Afar_Millet,Afar_1998,Millet_1998,11020.445,-1.0,-1.0,0.0,425.4088397790055,-425.4088397790055,288.6666666666667,499.98533311821586,0.0,-427.4088397790055,2
Amhara,Millet,1998,159360.0,142966000,897,2,1990,0,1,1654.5824175824175,-0.601804837968443,2,702.5423076923076,-0.247962967833565,159382.38573021183,0,Amhara_Millet,Amhara_1998,Millet_1998,159360.0,inf,inf,897.1260040160643,1625.4222222222222,-728.4222222222222,587.6666666666666,509.1702400311051,897.1260040160643,inf,1
Oromia,Millet,1998,45280.0,38333000,847,2,1990,0,6,1857.7087912087911,-0.907047854605414,2,702.5423076923076,-0.0808756533832062,45257.37898465171,0,Oromiya_Millet,Oromiya_1998,Millet_1998,45280.0,-0.055741360089186176,-0.7318733125358476,846.5768551236749,1817.2122905027934,-970.2122905027934,581.3333333333334,504.0697703030139,846.5768551236749,-970.9999051754185,2
Somali,Millet,1998,58318.95,0,0,2,1990,0,8,549.7857142857143,-1.0,2,702.5423076923076,0.050681203459444796,64289.84447004608,1,Somalia_Millet,Somalia_1998,Millet_1998,11020.445,-1.0,-1.0,0.0,549.7857142857143,-549.7857142857143,581.3333333333334,504.06977030301385,0.0,-551.7857142857143,2
Benishangul Gumuz,Millet,1998,13690.0,0,0,2,1990,0,2,1183.4835164835165,-1.0,2,702.5423076923076,-1.0,64289.84447004608,0,Benushangul Gumuz_Millet,Benushangul Gumuz_1998,Millet_1998,13690.0,0.0,0.0,0.0,1148.8333333333333,-1148.8333333333333,282.3333333333333,489.0156780036128,0.0,-1148.8333333333333,1
SNNPR,Millet,1998,3160.0,2173000,688,2,1990,0,7,1521.2747252747254,-0.973088450201867,2,702.5423076923076,inf,3158.43023255814,0,S.N.N.P.R_Millet,S.N.N.P.R_1998,Millet_1998,3160.0,inf,inf,687.6582278481013,1491.7666666666667,-803.7666666666667,229.33333333333334,397.2169852024622,687.6582278481013,inf,1
Gambela,Millet,1998,58318.95,0,0,2,1990,0,4,485.2197802197802,-1.0,2,702.5423076923076,0.050681203459444796,64289.84447004608,1,Gambela_Millet,Gambela_1998,Millet_1998,44.19,-1.0,-1.0,0.0,462.8839779005525,-462.8839779005525,229.33333333333334,397.2169852024622,0.0,-464.8839779005525,2
Harari,Millet,1998,58318.95,0,0,2,1990,0,5,12684.181318681318,-1.0,2,702.5423076923076,0.050681203459444796,64289.84447004608,1,Harari_Millet,Harari_1998,Millet_1998,11020.445,0.0,0.0,0.0,536.2277777777778,-536.2277777777778,229.33333333333334,397.2169852024622,0.0,-536.2277777777778,1
Dire Dawa,Millet,1998,58318.95,0,0,2,1990,0,3,361.5824175824176,-1.0,2,702.5423076923076,0.050681203459444796,64289.84447004608,1,DIRE DAWA_Millet,DIRE DAWA_1998,Millet_1998,11020.445,0.0,0.0,0.0,361.5824175824176,-361.5824175824176,0.0,0.0,0.0,-361.5824175824176,1
Tigray,Millet,1999,108691.0,75158000,0,3,1990,0,9,1323.2252747252746,-0.483900650291498,2,702.5423076923076,0.2739507763238185,inf,1,Tigray_Millet,Tigray_1999,Millet_1999,64998.11916666666,0.0,inf,691.4831954807665,1323.2252747252746,-1323.2252747252746,0.0,0.0,691.4831954807665,inf,1
Afar,Millet,1999,58318.95,0,0,3,1990,0,0,454.0164835164835,-1.0,2,702.5423076923076,0.050681203459444796,64289.84447004608,1,Afar_Millet,Afar_1999,Millet_1999,11020.445,0.0,-1.0,0.0,425.4088397790055,-425.4088397790055,0.0,0.0,0.0,-426.4088397790055,1
Amhara,Millet,1999,273810.0,218018000,796,3,1990,0,1,1654.5824175824175,-0.569295263231717,2,702.5423076923076,0.5249639774491837,273891.959798995,0,Amhara_Millet,Amhara_1999,Millet_1999,273810.0,inf,inf,796.2382674117089,1625.4222222222222,-829.4222222222222,265.3333333333333,459.5708142749418,796.2382674117089,inf,1
Oromia,Millet,1999,58318.95,57529000,0,3,1990,0,6,1857.7087912087911,-0.883371953234442,2,702.5423076923076,0.500769571909321,inf,1,Oromiya_Millet,Oromiya_1999,Millet_1999,80271.52083333333,-1.0,-0.736127292241925,986.4546601061919,1817.2122905027934,-1817.2122905027934,265.3333333333333,459.5708142749418,986.4546601061919,-1818.9484177950353,2
Somali,Millet,1999,58318.95,0,0,3,1990,0,8,549.7857142857143,-1.0,2,702.5423076923076,0.050681203459444796,64289.84447004608,1,Somalia_Millet,Somalia_1999,Millet_1999,11020.445,0.0,-1.0,0.0,549.7857142857143,-549.7857142857143,265.3333333333333,459.5708142749418,0.0,-550.7857142857143,1
Benishangul Gumuz,Millet,1999,58318.95,29118000,0,3,1990,0,2,1183.4835164835165,-0.563127334923707,2,702.5423076923076,inf,inf,1,Benushangul Gumuz_Millet,Benushangul Gumuz_1999,Millet_1999,23654.4216,0.0,inf,499.2888246444767,1148.8333333333333,-1148.8333333333333,0.0,0.0,499.2888246444767,inf,1
SNNPR,Millet,1999,58318.95,1645000,0,3,1990,0,7,1521.2747252747254,-0.979241592529497,2,702.5423076923076,-0.242982052462034,inf,1,S.N.N.P.R_Millet,S.N.N.P.R_1999,Millet_1999,5557.0912,0.0,-0.9435057352840167,28.2069550291972,1491.7666666666667,-1491.7666666666667,0.0,0.0,28.2069550291972,-1492.7101724019506,1
Gambela,Millet,1999,58318.95,0,0,3,1990,0,4,485.2197802197802,-1.0,2,702.5423076923076,0.050681203459444796,64289.84447004608,1,Gambela_Millet,Gambela_1999,Millet_1999,44.19,0.0,-1.0,0.0,462.8839779005525,-462.8839779005525,0.0,0.0,0.0,-463.8839779005525,1
Harari,Millet,1999,58318.95,0,0,3,1990,0,5,12684.181318681318,-1.0,2,702.5423076923076,0.050681203459444796,64289.84447004608,1,Harari_Millet,Harari_1999,Millet_1999,11020.445,0.0,0.0,0.0,536.2277777777778,-536.2277777777778,0.0,0.0,0.0,-536.2277777777778,1
Dire Dawa,Millet,1999,58318.95,0,0,3,1990,0,3,361.5824175824176,-1.0,2,702.5423076923076,0.050681203459444796,64289.84447004608,1,DIRE DAWA_Millet,DIRE DAWA_1999,Millet_1999,11020.445,0.0,0.0,0.0,361.5824175824176,-361.5824175824176,0.0,0.0,0.0,-361.5824175824176,1
Tigray,Millet,2000,57210.0,58095000,1015,4,2000,0,9,1323.2252747252746,-0.442279076465223,2,702.5423076923076,-0.227028393517656,57236.45320197044,0,Tigray_Millet,Tigray_2000,Millet_2000,57210.0,inf,inf,1015.4693235448348,1323.2252747252746,-308.22527472527463,338.3333333333333,586.01052322747,1015.4693235448348,inf,1
Afar,Millet,2000,58318.95,0,0,4,2000,0,0,454.0164835164835,-1.0,2,702.5423076923076,0.050681203459444796,64289.84447004608,1,Afar_Millet,Afar_2000,Millet_2000,11020.445,-1.0,-1.0,0.0,425.4088397790055,-425.4088397790055,338.3333333333333,586.01052322747,0.0,-427.4088397790055,2
Amhara,Millet,2000,202470.0,165793000,819,4,2000,0,1,1654.5824175824175,3.48768406236466,2,702.5423076923076,-0.239544441284664,202433.45543345544,0,Amhara_Millet,Amhara_2000,Millet_2000,202470.0,inf,inf,818.8521756309576,1625.4222222222222,-806.4222222222222,611.3333333333334,538.4239345843879,818.8521756309576,inf,1
Oromia,Millet,2000,71800.0,64618000,900,4,2000,0,6,1857.7087912087911,-0.874111378447091,2,702.5423076923076,0.123224808357524,71797.77777777778,0,Oromiya_Millet,Oromiya_2000,Millet_2000,71800.0,0.098901098901099,-0.6102489248641378,899.9721448467967,1817.2122905027934,-917.2122905027934,573.0,497.88251626262183,899.9721448467967,-917.7236383287565,1
Somali,Millet,2000,58318.95,0,0,4,2000,0,8,549.7857142857143,-1.0,2,702.5423076923076,0.050681203459444796,64289.84447004608,1,Somalia_Millet,Somalia_2000,Millet_2000,11020.445,-1.0,-1.0,0.0,549.7857142857143,-549.7857142857143,573.0,497.8825162626218,0.0,-551.7857142857143,2
Benishangul Gumuz,Millet,2000,24570.0,28073000,1143,4,2000,0,2,1183.4835164835165,-0.62246668190804,2,702.5423076923076,-0.0358884538773267,24560.80489938758,0,Benushangul Gumuz_Millet,Benushangul Gumuz_2000,Millet_2000,24570.0,inf,inf,1142.5722425722427,1148.8333333333333,-5.8333333333332575,681.0,602.1486527428256,1142.5722425722427,inf,1
SNNPR,Millet,2000,4160.0,2926000,703,4,2000,0,7,1521.2747252747254,-0.966510243790774,2,702.5423076923076,0.778723404255319,4162.1621621621625,0,S.N.N.P.R_Millet,S.N.N.P.R_2000,Millet_2000,4160.0,-0.3849518810148731,-0.8957717379688669,703.3653846153846,1491.7666666666667,-788.7666666666667,615.3333333333334,576.5208871613701,703.3653846153846,-790.0473902856504,2
Gambela,Millet,2000,58318.95,0,0,4,2000,0,4,485.2197802197802,-1.0,2,702.5423076923076,0.050681203459444796,64289.84447004608,1,Gambela_Millet,Gambela_2000,Millet_2000,44.19,-1.0,-1.0,0.0,462.8839779005525,-462.8839779005525,615.3333333333334,576.5208871613701,0.0,-464.8839779005525,2
Harari,Millet,2000,58318.95,0,0,4,2000,0,5,12684.181318681318,-1.0,2,702.5423076923076,0.050681203459444796,64289.84447004608,1,Harari_Millet,Harari_2000,Millet_2000,11020.445,0.0,0.0,0.0,536.2277777777778,-536.2277777777778,234.33333333333334,405.8772392403067,0.0,-536.2277777777778,1
Dire Dawa,Millet,2000,58318.95,0,0,4,2000,0,3,361.5824175824176,-1.0,2,702.5423076923076,0.050681203459444796,64289.84447004608,1,DIRE DAWA_Millet,DIRE DAWA_2000,Millet_2000,11020.445,0.0,0.0,0.0,361.5824175824176,-361.5824175824176,0.0,0.0,0.0,-361.5824175824176,1
Tigray,Millet,2001,65090.0,61811000,950,5,2000,0,9,1323.2252747252746,-0.638701192424596,2,702.5423076923076,0.063964196574576,65064.21052631579,0,Tigray_Millet,Tigray_2001,Millet_2001,65090.0,inf,inf,949.6235980949455,1323.2252747252746,-373.22527472527463,316.6666666666667,548.4827557301444,949.6235980949455,inf,1
Afar,Millet,2001,58318.95,0,0,5,2000,0,0,454.0164835164835,-0.1133742964865565,2,702.5423076923076,0.050681203459444796,64289.84447004608,1,Afar_Millet,Afar_2001,Millet_2001,11020.445,-1.0,-1.0,0.0,425.4088397790055,-425.4088397790055,316.6666666666667,548.4827557301444,0.0,-427.4088397790055,2
Amhara,Millet,2001,187850.0,178948000,953,5,2000,0,1,1654.5824175824175,-0.686491202559255,2,702.5423076923076,0.0793459313722533,187773.34732423924,0,Amhara_Millet,Amhara_2001,Millet_2001,187850.0,inf,inf,952.6111258983232,1625.4222222222222,-672.4222222222222,634.3333333333334,549.3508290094167,952.6111258983232,inf,1
Oromia,Millet,2001,63530.0,48582000,765,5,2000,0,6,1857.7087912087911,-0.909529041509152,2,702.5423076923076,-0.248166145656009,63505.882352941175,0,Oromiya_Millet,Oromiya_2001,Millet_2001,63530.0,-0.19727177334732426,-0.7285133111294901,764.7095860223517,1817.2122905027934,-1052.2122905027934,572.6666666666666,504.7735465863215,764.7095860223517,-1053.1380755872701,2
Somali,Millet,2001,58318.95,0,0,5,2000,0,8,549.7857142857143,-1.0,2,702.5423076923076,0.050681203459444796,64289.84447004608,1,Somalia_Millet,Somalia_2001,Millet_2001,11020.445,-1.0,-1.0,0.0,549.7857142857143,-549.7857142857143,572.6666666666666,504.7735465863216,0.0,-551.7857142857143,2
Benishangul Gumuz,Millet,2001,22690.0,23164000,1021,5,2000,0,2,1183.4835164835165,-0.69305789285383,2,702.5423076923076,-0.174865529156128,22687.561214495592,0,Benushangul Gumuz_Millet,Benushangul Gumuz_2001,Millet_2001,22690.0,inf,inf,1020.8902600264433,1148.8333333333333,-127.83333333333326,595.3333333333334,531.2253131518992,1020.8902600264433,inf,1
SNNPR,Millet,2001,7520.0,3647000,485,5,2000,0,7,1521.2747252747254,-0.975117860968404,2,702.5423076923076,0.2464114832535884,7519.587628865979,0,S.N.N.P.R_Millet,S.N.N.P.R_2001,Millet_2001,7520.0,-0.5249755142017629,-0.8425574166810568,484.97340425531917,1491.7666666666667,-1006.7666666666667,502.0,510.71224774818165,484.97340425531917,-1008.1341995975495,2
Gambela,Millet,2001,58318.95,0,0,5,2000,0,4,485.2197802197802,-1.0,2,702.5423076923076,0.050681203459444796,64289.84447004608,1,Gambela_Millet,Gambela_2001,Millet_2001,44.19,-1.0,-1.0,0.0,462.8839779005525,-462.8839779005525,502.0,510.71224774818165,0.0,-464.8839779005525,2
Harari,Millet,2001,58318.95,0,0,5,2000,0,5,12684.181318681318,-1.0,2,702.5423076923076,0.050681203459444796,64289.84447004608,1,Harari_Millet,Harari_2001,Millet_2001,11020.445,0.0,0.0,0.0,536.2277777777778,-536.2277777777778,161.66666666666666,280.0148805569689,0.0,-536.2277777777778,1
Dire Dawa,Millet,2001,58318.95,0,0,5,2000,0,3,361.5824175824176,-1.0,2,702.5423076923076,0.050681203459444796,64289.84447004608,1,DIRE DAWA_Millet,DIRE DAWA_2001,Millet_2001,11020.445,0.0,0.0,0.0,361.5824175824176,-361.5824175824176,0.0,0.0,0.0,-361.5824175824176,1
Tigray,Millet,2002,54693.25,58577450,1071,6,2000,0,9,1323.2252747252746,-0.695463045098479,2,702.5423076923076,-0.052313504068855,54694.164332399625,0,Tigray_Millet,Tigray_2002,Millet_2002,54693.25,inf,inf,1071.0179044031943,1323.2252747252746,-252.22527472527463,357.0,618.3421383020893,1071.0179044031943,inf,1
Afar,Millet,2002,58318.95,0,0,6,2000,0,0,454.0164835164835,-1.0,2,702.5423076923076,0.050681203459444796,64289.84447004608,1,Afar_Millet,Afar_2002,Millet_2002,11020.445,-1.0,-1.0,0.0,425.4088397790055,-425.4088397790055,357.0,618.3421383020893,0.0,-427.4088397790055,2
Amhara,Millet,2002,155526.83,167871762,1079,6,2000,0,1,1654.5824175824175,-0.678793333186524,2,702.5423076923076,-0.0618964056597447,155580.87303058387,0,Amhara_Millet,Amhara_2002,Millet_2002,155526.83,inf,inf,1079.3749348585065,1625.4222222222222,-546.4222222222222,716.6666666666666,620.6644289254326,1079.3749348585065,inf,1
Oromia,Millet,2002,49335.52,54650128,1108,6,2000,0,6,1857.7087912087911,-0.914016059254587,2,702.5423076923076,0.1249048618830019,49323.220216606496,0,Oromiya_Millet,Oromiya_2002,Millet_2002,49335.52,0.02687673772011112,-0.6744531221397438,1107.7237657574096,1817.2122905027934,-709.2122905027934,729.0,631.4990102921778,1107.7237657574096,-709.859866887213,1
Somali,Millet,2002,58318.95,0,0,6,2000,0,8,549.7857142857143,-1.0,2,702.5423076923076,0.050681203459444796,64289.84447004608,1,Somalia_Millet,Somalia_2002,Millet_2002,11020.445,-1.0,-1.0,0.0,549.7857142857143,-549.7857142857143,729.0,631.4990102921779,0.0,-551.7857142857143,2
Benishangul Gumuz,Millet,2002,17279.16,19878643,1150,6,2000,0,2,1183.4835164835165,-0.703476766400442,2,702.5423076923076,-0.141830297012605,17285.77652173913,0,Benushangul Gumuz_Millet,Benushangul Gumuz_2002,Millet_2002,17279.16,inf,inf,1150.4403570543939,1148.8333333333333,1.1666666666667425,752.6666666666666,652.1666453701336,1150.4403570543939,inf,0
SNNPR,Millet,2002,4527.18,5151849,1138,6,2000,0,7,1521.2747252747254,-0.938814832317917,2,702.5423076923076,0.4126265423635864,4527.108084358524,0,S.N.N.P.R_Millet,S.N.N.P.R_2002,Millet_2002,4527.18,-0.01043478260869568,-0.7408349755061248,1137.9819225213046,1491.7666666666667,-353.76666666666665,762.6666666666666,660.5159599383906,1137.9819225213046,-354.51793642478145,1
Gambela,Millet,2002,48.38,53555,1107,6,2000,0,4,485.2197802197802,-0.983877673219055,2,702.5423076923076,inf,48.37850045167119,0,Gambela_Millet,Gambela_2002,Millet_2002,48.38,-0.027240773286467457,-0.9896047030881534,1106.9656883009507,462.8839779005525,644.1160220994475,1131.6666666666667,22.18858565418894,1106.9656883009507,643.0991766230728,0
Harari,Millet,2002,58318.95,0,0,6,2000,0,5,12684.181318681318,-1.0,2,702.5423076923076,0.050681203459444796,64289.84447004608,1,Harari_Millet,Harari_2002,Millet_2002,11020.445,-1.0,-1.0,0.0,536.2277777777778,-536.2277777777778,748.3333333333334,648.2610071054199,0.0,-538.2277777777778,2
Dire Dawa,Millet,2002,58318.95,0,0,6,2000,0,3,361.5824175824176,-1.0,2,702.5423076923076,0.050681203459444796,64289.84447004608,1,DIRE DAWA_Millet,DIRE DAWA_2002,Millet_2002,11020.445,0.0,0.0,0.0,361.5824175824176,-361.5824175824176,369.0,639.1267479929156,0.0,-361.5824175824176,1
Tigray,Millet,2004,51709.0,54081000,1046,8,2000,0,9,1323.2252747252746,-0.721526222290878,2,702.5423076923076,-0.076760767155279,51702.67686424474,0,Tigray_Millet,Tigray_2004,Millet_2004,51709.0,inf,inf,1045.8720918988956,1323.2252747252746,-277.22527472527463,348.6666666666667,603.9083815723484,1045.8720918988956,inf,1
Afar,Millet,2004,58318.95,0,0,8,2000,0,0,454.0164835164835,-1.0,2,702.5423076923076,0.050681203459444796,64289.84447004608,1,Afar_Millet,Afar_2004,Millet_2004,11020.445,-1.0,-1.0,0.0,425.4088397790055,-425.4088397790055,348.6666666666667,603.9083815723484,0.0,-427.4088397790055,2
Amhara,Millet,2004,156868.0,155581100,992,8,2000,0,1,1654.5824175824175,-0.742393816435615,2,702.5423076923076,-0.0732145886453494,156835.78629032258,0,Amhara_Millet,Amhara_2004,Millet_2004,156868.0,inf,inf,991.7962873243746,1625.4222222222222,-633.4222222222222,679.3333333333334,588.9391592799151,991.7962873243746,inf,1
Oromia,Millet,2004,71966.0,67366900,936,8,2000,0,6,1857.7087912087911,-0.910964140039485,2,702.5423076923076,0.2326942765806514,71973.18376068377,0,Oromiya_Millet,Oromiya_2004,Millet_2004,71966.0,-0.056451612903225756,-0.5669981765137282,936.0934330100325,1817.2122905027934,-881.2122905027934,642.6666666666666,557.2695338284099,936.0934330100325,-881.8357402922104,2
Somali,Millet,2004,58318.95,0,0,8,2000,0,8,549.7857142857143,-1.0,2,702.5423076923076,0.050681203459444796,64289.84447004608,1,Somalia_Millet,Somalia_2004,Millet_2004,11020.445,-1.0,-1.0,0.0,549.7857142857143,-549.7857142857143,642.6666666666666,557.2695338284099,0.0,-551.7857142857143,2
Benishangul Gumuz,Millet,2004,18934.0,20172900,1065,8,2000,0,2,1183.4835164835165,-0.626516307245689,2,702.5423076923076,0.0148026703834864,18941.690140845072,0,Benushangul Gumuz_Millet,Benushangul Gumuz_2004,Millet_2004,18934.0,inf,inf,1065.4325551917186,1148.8333333333333,-83.83333333333326,667.0,581.2288705836969,1065.4325551917186,inf,1
SNNPR,Millet,2004,5186.0,7899500,1523,8,2000,0,7,1521.2747252747254,-0.914523486969958,2,702.5423076923076,0.5333329839442111,5186.802363755745,0,S.N.N.P.R_Millet,S.N.N.P.R_2004,Millet_2004,5186.0,0.43004694835680746,-0.6084102930168691,1523.2356344003085,1491.7666666666667,31.23333333333335,862.6666666666666,781.4002388874302,1523.2356344003085,31.054969988673285,0
Gambela,Millet,2004,40.0,0,0,8,2000,0,4,485.2197802197802,-0.1133742964865565,2,702.5423076923076,-1.0,64289.84447004608,0,Gambela_Millet,Gambela_2004,Millet_2004,40.0,-1.0,-1.0,0.0,462.8839779005525,-462.8839779005525,862.6666666666666,781.4002388874302,0.0,-464.8839779005525,2
Harari,Millet,2004,58318.95,0,0,8,2000,0,5,12684.181318681318,-1.0,2,702.5423076923076,0.050681203459444796,64289.84447004608,1,Harari_Millet,Harari_2004,Millet_2004,11020.445,0.0,0.0,0.0,536.2277777777778,-536.2277777777778,507.6666666666667,879.3044599757999,0.0,-536.2277777777778,1
Dire Dawa,Millet,2004,58318.95,0,0,8,2000,0,3,361.5824175824176,-1.0,2,702.5423076923076,0.050681203459444796,64289.84447004608,1,DIRE DAWA_Millet,DIRE DAWA_2004,Millet_2004,11020.445,0.0,0.0,0.0,361.5824175824176,-361.5824175824176,0.0,0.0,0.0,-361.5824175824176,1
Tigray,Millet,2005,55595.0,45147600,812,9,2000,0,9,1323.2252747252746,-0.75445472181749,2,702.5423076923076,-0.165185555000832,55600.49261083744,0,Tigray_Millet,Tigray_2005,Millet_2005,55595.0,inf,inf,812.0802230416405,1323.2252747252746,-511.22527472527463,270.6666666666667,468.80841858197596,812.0802230416405,inf,1
Afar,Millet,2005,58318.95,0,0,9,2000,0,0,454.0164835164835,-1.0,2,702.5423076923076,0.050681203459444796,64289.84447004608,1,Afar_Millet,Afar_2005,Millet_2005,11020.445,-1.0,-1.0,0.0,425.4088397790055,-425.4088397790055,270.6666666666667,468.80841858197596,0.0,-427.4088397790055,2
Amhara,Millet,2005,148002.0,149444000,1010,9,2000,0,1,1654.5824175824175,-0.736222476547656,2,702.5423076923076,-0.0394463080669824,147964.35643564357,0,Amhara_Millet,Amhara_2005,Millet_2005,148002.0,inf,inf,1009.7431115795732,1625.4222222222222,-615.4222222222222,607.3333333333334,535.202142496957,1009.7431115795732,inf,1
Oromia,Millet,2005,84329.0,109302700,1296,9,2000,0,6,1857.7087912087911,-0.862482332624499,2,702.5423076923076,0.6224985861008894,84338.50308641975,0,Oromiya_Millet,Oromiya_2005,Millet_2005,84329.0,0.2831683168316832,-0.2686042932469688,1296.1460470300844,1817.2122905027934,-521.2122905027934,768.6666666666666,680.8710107893661,1296.1460470300844,-521.1977264792087,1
Somali,Millet,2005,58318.95,0,0,9,2000,0,8,549.7857142857143,-1.0,2,702.5423076923076,0.050681203459444796,64289.84447004608,1,Somalia_Millet,Somalia_2005,Millet_2005,11020.445,-1.0,-1.0,0.0,549.7857142857143,-549.7857142857143,768.6666666666666,680.8710107893661,0.0,-551.7857142857143,2
Benishangul Gumuz,Millet,2005,20230.0,23165300,1145,9,2000,0,2,1183.4835164835165,-0.547192788017037,2,702.5423076923076,0.1483376212641711,20231.70305676856,0,Benushangul Gumuz_Millet,Benushangul Gumuz_2005,Millet_2005,20230.0,inf,inf,1145.0963914977756,1148.8333333333333,-3.8333333333332575,813.6666666666666,708.689165525573,1145.0963914977756,inf,1
SNNPR,Millet,2005,4767.0,5744200,1205,9,2000,0,7,1521.2747252747254,-0.941141511618613,2,702.5423076923076,-0.272840053167922,4766.970954356846,0,S.N.N.P.R_Millet,S.N.N.P.R_2005,Millet_2005,4767.0,0.05240174672489073,-0.7520342926705028,1204.992657856094,1491.7666666666667,-286.76666666666665,783.3333333333334,679.0495809094746,1204.992657856094,-287.4662992126123,1
Gambela,Millet,2005,58318.95,0,0,9,2000,0,4,485.2197802197802,-0.1133742964865565,2,702.5423076923076,0.050681203459444796,64289.84447004608,1,Gambela_Millet,Gambela_2005,Millet_2005,44.19,-1.0,-1.0,0.0,462.8839779005525,-462.8839779005525,783.3333333333334,679.0495809094745,0.0,-464.8839779005525,2
Harari,Millet,2005,58318.95,0,0,9,2000,0,5,12684.181318681318,-1.0,2,702.5423076923076,0.050681203459444796,64289.84447004608,1,Harari_Millet,Harari_2005,Millet_2005,11020.445,0.0,0.0,0.0,536.2277777777778,-536.2277777777778,401.6666666666667,695.7070743734987,0.0,-536.2277777777778,1
Dire Dawa,Millet,2005,58318.95,0,0,9,2000,0,3,361.5824175824176,-1.0,2,702.5423076923076,0.050681203459444796,64289.84447004608,1,DIRE DAWA_Millet,DIRE DAWA_2005,Millet_2005,11020.445,0.0,0.0,0.0,361.5824175824176,-361.5824175824176,0.0,0.0,0.0,-361.5824175824176,1
Tigray,Millet,2006,60736.95,567289,1145,10,2000,0,9,1323.2252747252746,-0.991844963848396,2,702.5423076923076,-0.987434791661129,495.4489082969432,0,Tigray_Millet,Tigray_2006,Millet_2006,60736.95,inf,inf,9.340096926170972,1323.2252747252746,-178.22527472527463,381.6666666666667,661.0660582221212,9.340096926170972,inf,1
Afar,Millet,2006,58318.95,0,0,10,2000,0,0,454.0164835164835,-1.0,2,702.5423076923076,0.050681203459444796,64289.84447004608,1,Afar_Millet,Afar_2006,Millet_2006,11020.445,-1.0,-1.0,0.0,425.4088397790055,-425.4088397790055,381.6666666666667,661.0660582221212,0.0,-427.4088397790055,2
Amhara,Millet,2006,164648.78,184679530,1122,10,2000,0,1,1654.5824175824175,-0.783122948729428,2,702.5423076923076,0.2357774818661171,164598.51158645278,0,Amhara_Millet,Amhara_2006,Millet_2006,164648.78,inf,inf,1121.6574456245592,1625.4222222222222,-503.4222222222222,755.6666666666666,654.5275649912179,1121.6574456245592,inf,1
Oromia,Millet,2006,83577.5,114146524,1366,10,2000,0,6,1857.7087912087911,-0.860395625943257,2,702.5423076923076,0.044315684790952,83562.60907759883,0,Oromiya_Millet,Oromiya_2006,Millet_2006,83577.5,0.21746880570409988,-0.38192108242857237,1365.7566211001765,1817.2122905027934,-451.2122905027934,829.3333333333334,728.5117249113654,1365.7566211001765,-451.3767427795179,1
Somali,Millet,2006,58318.95,0,0,10,2000,0,8,549.7857142857143,-1.0,2,702.5423076923076,0.050681203459444796,64289.84447004608,1,Somalia_Millet,Somalia_2006,Millet_2006,11020.445,-1.0,-1.0,0.0,549.7857142857143,-549.7857142857143,829.3333333333334,728.5117249113654,0.0,-551.7857142857143,2
Benishangul Gumuz,Millet,2006,19485.45,24291613,1247,10,2000,0,2,1183.4835164835165,-0.664089309859164,2,702.5423076923076,0.0486206956093813,19480.042502004813,0,Benushangul Gumuz_Millet,Benushangul Gumuz_2006,Millet_2006,19485.45,inf,inf,1246.6539392213165,1148.8333333333333,98.16666666666674,871.0,756.6511745844313,1246.6539392213165,inf,0
SNNPR,Millet,2006,4575.07,4320997,944,10,2000,0,7,1521.2747252747254,-0.95795403511688,2,702.5423076923076,-0.247763483165627,4577.327330508475,0,S.N.N.P.R_Millet,S.N.N.P.R_2006,Millet_2006,4575.07,-0.2429831595829992,-0.8221197991257312,944.4657677368872,1491.7666666666667,-547.7666666666667,730.3333333333334,650.3786076842724,944.4657677368872,-548.8317696253754,2
Gambela,Millet,2006,58318.95,0,0,10,2000,0,4,485.2197802197802,-1.0,2,702.5423076923076,0.050681203459444796,64289.84447004608,1,Gambela_Millet,Gambela_2006,Millet_2006,44.19,-1.0,-1.0,0.0,462.8839779005525,-462.8839779005525,730.3333333333334,650.3786076842725,0.0,-464.8839779005525,2
Harari,Millet,2006,58318.95,0,0,10,2000,0,5,12684.181318681318,-1.0,2,702.5423076923076,0.050681203459444796,64289.84447004608,1,Harari_Millet,Harari_2006,Millet_2006,11020.445,0.0,0.0,0.0,536.2277777777778,-536.2277777777778,314.6666666666667,545.0186541150061,0.0,-536.2277777777778,1
Dire Dawa,Millet,2006,58318.95,0,0,10,2000,0,3,361.5824175824176,-1.0,2,702.5423076923076,0.050681203459444796,64289.84447004608,1,DIRE DAWA_Millet,DIRE DAWA_2006,Millet_2006,11020.445,0.0,0.0,0.0,361.5824175824176,-361.5824175824176,0.0,0.0,0.0,-361.5824175824176,1
Tigray,Millet,2007,75978.09,97056673,1277,11,2000,0,9,1323.2252747252746,-0.709850983761899,2,702.5423076923076,170.08858624087546,76003.65935787001,0,Tigray_Millet,Tigray_2007,Millet_2007,75978.09,inf,inf,1277.4297563942448,1323.2252747252746,-46.22527472527463,425.6666666666667,737.2762937551518,1277.4297563942448,inf,1
Afar,Millet,2007,58318.95,0,0,11,2000,0,0,454.0164835164835,-1.0,2,702.5423076923076,0.050681203459444796,64289.84447004608,1,Afar_Millet,Afar_2007,Millet_2007,11020.445,-1.0,-1.0,0.0,425.4088397790055,-425.4088397790055,425.6666666666667,737.2762937551518,0.0,-427.4088397790055,2
Amhara,Millet,2007,176884.86,217939155,1232,11,2000,0,1,1654.5824175824175,-0.72382969735253,2,702.5423076923076,0.1800937277672301,176898.66477272726,0,Amhara_Millet,Amhara_2007,Millet_2007,176884.86,inf,inf,1232.0961500040196,1625.4222222222222,-393.4222222222222,836.3333333333334,724.6353105758322,1232.0961500040196,inf,1
Oromia,Millet,2007,92253.98,125298710,1358,11,2000,0,6,1857.7087912087911,-0.86747167001146,2,702.5423076923076,0.0977006185488398,92267.0913107511,0,Oromiya_Millet,Oromiya_2007,Millet_2007,92253.98,0.10227272727272729,-0.425074810444227,1358.1930015377116,1817.2122905027934,-459.2122905027934,863.3333333333334,750.3181547405959,1358.1930015377116,-459.5350925859649,1
Somali,Millet,2007,58318.95,0,0,11,2000,0,8,549.7857142857143,-1.0,2,702.5423076923076,0.050681203459444796,64289.84447004608,1,Somalia_Millet,Somalia_2007,Millet_2007,11020.445,-1.0,-1.0,0.0,549.7857142857143,-549.7857142857143,863.3333333333334,750.3181547405958,0.0,-551.7857142857143,2
Benishangul Gumuz,Millet,2007,22546.58,36771927,1631,11,2000,0,2,1183.4835164835165,-0.585515916707335,2,702.5423076923076,0.5137704935444181,22545.632740649908,0,Benushangul Gumuz_Millet,Benushangul Gumuz_2007,Millet_2007,22546.58,inf,inf,1630.93147608196,1148.8333333333333,482.16666666666674,996.3333333333334,873.5801813991277,1630.93147608196,inf,0
SNNPR,Millet,2007,6381.05,7342450,1151,11,2000,0,7,1521.2747252747254,-0.940115841260103,2,702.5423076923076,0.6992490390527928,6379.192006950478,0,S.N.N.P.R_Millet,S.N.N.P.R_2007,Millet_2007,6381.05,-0.2942979767014102,-0.8003245791279854,1150.6648592316312,1491.7666666666667,-340.76666666666665,927.3333333333334,838.1887217884364,1150.6648592316312,-341.86128922249605,1
Gambela,Millet,2007,58318.95,0,0,11,2000,0,4,485.2197802197802,-1.0,2,702.5423076923076,0.050681203459444796,64289.84447004608,1,Gambela_Millet,Gambela_2007,Millet_2007,44.19,-1.0,-1.0,0.0,462.8839779005525,-462.8839779005525,927.3333333333334,838.1887217884364,0.0,-464.8839779005525,2
Harari,Millet,2007,58318.95,0,0,11,2000,0,5,12684.181318681318,-1.0,2,702.5423076923076,0.050681203459444796,64289.84447004608,1,Harari_Millet,Harari_2007,Millet_2007,11020.445,0.0,0.0,0.0,536.2277777777778,-536.2277777777778,383.6666666666667,664.5301598372588,0.0,-536.2277777777778,1
Dire Dawa,Millet,2007,58318.95,0,0,11,2000,0,3,361.5824175824176,-1.0,2,702.5423076923076,0.050681203459444796,64289.84447004608,1,DIRE DAWA_Millet,DIRE DAWA_2007,Millet_2007,11020.445,0.0,0.0,0.0,361.5824175824176,-361.5824175824176,0.0,0.0,0.0,-361.5824175824176,1
Tigray,Millet,2008,77848.4,104191123,1338,12,2000,0,9,1323.2252747252746,-0.61541310438389,2,702.5423076923076,0.0735080832618277,77870.79446935725,0,Tigray_Millet,Tigray_2008,Millet_2008,77848.4,inf,inf,1338.3848993685162,1323.2252747252746,14.77472527472537,446.0,772.4946601757189,1338.3848993685162,inf,0
Afar,Millet,2008,58318.95,0,0,12,2000,0,0,454.0164835164835,-1.0,2,702.5423076923076,0.050681203459444796,64289.84447004608,1,Afar_Millet,Afar_2008,Millet_2008,11020.445,-1.0,-1.0,0.0,425.4088397790055,-425.4088397790055,446.0,772.4946601757189,0.0,-427.4088397790055,2
Amhara,Millet,2008,196114.7,265635882,1354,12,2000,0,1,1654.5824175824175,-0.664081432839688,2,702.5423076923076,0.2188534088791891,196186.02806499263,0,Amhara_Millet,Amhara_2008,Millet_2008,196114.7,inf,inf,1354.4924577300935,1625.4222222222222,-271.4222222222222,897.3333333333334,777.1546392664287,1354.4924577300935,inf,1
Oromia,Millet,2008,58318.95,0,0,12,2000,0,6,1857.7087912087911,-1.0,2,702.5423076923076,-1.0,64289.84447004608,1,Oromiya_Millet,Oromiya_2008,Millet_2008,80271.52083333333,-1.0,-1.0,0.0,1817.2122905027934,-1817.2122905027934,451.3333333333333,781.7322644827528,0.0,-1819.2122905027934,2
Somali,Millet,2008,58318.95,0,0,12,2000,0,8,549.7857142857143,-1.0,2,702.5423076923076,0.050681203459444796,64289.84447004608,1,Somalia_Millet,Somalia_2008,Millet_2008,11020.445,0.0,0.0,0.0,549.7857142857143,-549.7857142857143,451.3333333333333,781.7322644827528,0.0,-549.7857142857143,1
Benishangul Gumuz,Millet,2008,27518.99,38743030,1408,12,2000,0,2,1183.4835164835165,-0.593752038486477,2,702.5423076923076,0.053603473105992,27516.356534090908,0,Benushangul Gumuz_Millet,Benushangul Gumuz_2008,Millet_2008,27518.99,inf,inf,1407.8652595898322,1148.8333333333333,259.16666666666674,469.3333333333333,812.9091790189926,1407.8652595898322,inf,0
SNNPR,Millet,2008,5966.91,6690953,1121,12,2000,0,7,1521.2747252747254,-0.951920365884921,2,702.5423076923076,-0.0887301922382856,5968.735950044603,0,S.N.N.P.R_Millet,S.N.N.P.R_2008,Millet_2008,5966.91,-0.2038352272727273,-0.8272991812979006,1121.3430402000365,1491.7666666666667,-370.76666666666665,843.0,744.0288972882703,1121.3430402000365,-371.79780107523726,1
Gambela,Millet,2008,58318.95,0,0,12,2000,0,4,485.2197802197802,-1.0,2,702.5423076923076,0.050681203459444796,64289.84447004608,1,Gambela_Millet,Gambela_2008,Millet_2008,44.19,-1.0,-1.0,0.0,462.8839779005525,-462.8839779005525,843.0,744.0288972882703,0.0,-464.8839779005525,2
Harari,Millet,2008,58318.95,0,0,12,2000,0,5,12684.181318681318,-1.0,2,702.5423076923076,0.050681203459444796,64289.84447004608,1,Harari_Millet,Harari_2008,Millet_2008,11020.445,0.0,0.0,0.0,536.2277777777778,-536.2277777777778,373.6666666666667,647.2096517615697,0.0,-536.2277777777778,1
Dire Dawa,Millet,2008,58318.95,0,0,12,2000,0,3,361.5824175824176,-1.0,2,702.5423076923076,0.050681203459444796,64289.84447004608,1,DIRE DAWA_Millet,DIRE DAWA_2008,Millet_2008,11020.445,0.0,0.0,0.0,361.5824175824176,-361.5824175824176,0.0,0.0,0.0,-361.5824175824176,1
Tigray,Millet,2009,7978.41,104199090,1306,13,2000,0,9,1323.2252747252746,-0.658997189025792,2,702.5423076923076,7.646524742810357e-05,79784.90811638591,0,Tigray_Millet,Tigray_2009,Millet_2009,7978.41,inf,inf,13060.132281996037,1323.2252747252746,-17.22527472527463,435.3333333333333,754.0194515616506,13060.132281996037,inf,1
Afar,Millet,2009,58318.95,0,0,13,2000,0,0,454.0164835164835,-0.1133742964865565,2,702.5423076923076,0.050681203459444796,64289.84447004608,1,Afar_Millet,Afar_2009,Millet_2009,11020.445,-1.0,-1.0,0.0,425.4088397790055,-425.4088397790055,435.3333333333333,754.0194515616507,0.0,-427.4088397790055,2
Amhara,Millet,2009,195002.7,261777330,1342,13,2000,0,1,1654.5824175824175,-0.713315466090748,2,702.5423076923076,-0.0145257183289718,195065.07451564827,0,Amhara_Millet,Amhara_2009,Millet_2009,195002.7,inf,inf,1342.429258671803,1625.4222222222222,-283.4222222222222,882.6666666666666,764.6236547042818,1342.429258671803,inf,1
Oromia,Millet,2009,98040.65,138145490,1409,13,2000,0,6,1857.7087912087911,-0.890346911154603,2,702.5423076923076,inf,98045.06032647268,0,Oromiya_Millet,Oromiya_2009,Millet_2009,98040.65,0.049925484351713845,-0.4722786346701603,1409.063383402701,1817.2122905027934,-408.2122905027934,917.0,794.8515584686234,1409.063383402701,-408.6346436531118,1
Somali,Millet,2009,58318.95,0,0,13,2000,0,8,549.7857142857143,-1.0,2,702.5423076923076,0.050681203459444796,64289.84447004608,1,Somalia_Millet,Somalia_2009,Millet_2009,11020.445,-1.0,-1.0,0.0,549.7857142857143,-549.7857142857143,917.0,794.8515584686234,0.0,-551.7857142857143,2
Benishangul Gumuz,Millet,2009,29164.66,48237243,1654,13,2000,0,2,1183.4835164835165,-0.490900691211468,2,702.5423076923076,0.2450560268517976,29163.992140266026,0,Benushangul Gumuz_Millet,Benushangul Gumuz_2009,Millet_2009,29164.66,inf,inf,1653.9621240227043,1148.8333333333333,505.16666666666674,1021.0,892.657269056831,1653.9621240227043,inf,0
SNNPR,Millet,2009,6047.57,7896745,1306,13,2000,0,7,1521.2747252747254,-0.954300630656615,2,702.5423076923076,0.1802122956176794,6046.512251148545,0,S.N.N.P.R_Millet,S.N.N.P.R_2009,Millet_2009,6047.57,-0.21039903264812576,-0.836293608239592,1305.7715743678866,1491.7666666666667,-185.76666666666665,986.6666666666666,872.0145258728968,1305.7715743678866,-186.81335930755438,1
Gambela,Millet,2009,58318.95,0,0,13,2000,0,4,485.2197802197802,-0.1133742964865565,2,702.5423076923076,0.050681203459444796,64289.84447004608,1,Gambela_Millet,Gambela_2009,Millet_2009,44.19,-1.0,-1.0,0.0,462.8839779005525,-462.8839779005525,986.6666666666666,872.0145258728967,0.0,-464.8839779005525,2
Harari,Millet,2009,58318.95,0,0,13,2000,0,5,12684.181318681318,-0.1133742964865565,2,702.5423076923076,0.050681203459444796,64289.84447004608,1,Harari_Millet,Harari_2009,Millet_2009,11020.445,0.0,0.0,0.0,536.2277777777778,-536.2277777777778,435.3333333333333,754.0194515616504,0.0,-536.2277777777778,1
Dire Dawa,Millet,2009,58318.95,0,0,13,2000,0,3,361.5824175824176,-0.1133742964865565,2,702.5423076923076,0.050681203459444796,64289.84447004608,1,DIRE DAWA_Millet,DIRE DAWA_2009,Millet_2009,11020.445,0.0,0.0,0.0,361.5824175824176,-361.5824175824176,0.0,0.0,0.0,-361.5824175824176,1
Tigray,Millet,2010,64612.04,74160596,1148,14,2010,1,9,1323.2252747252746,-0.735950511769797,2,702.5423076923076,-0.288279811272824,64599.82229965157,0,Tigray_Millet,Tigray_2010,Millet_2010,64612.04,inf,inf,1147.7829209540512,1323.2252747252746,-175.22527472527463,382.6666666666667,662.7981090296894,1147.7829209540512,inf,1
Afar,Millet,2010,58318.95,0,0,14,2010,1,0,454.0164835164835,-1.0,2,702.5423076923076,0.050681203459444796,64289.84447004608,1,Afar_Millet,Afar_2010,Millet_2010,11020.445,-1.0,-1.0,0.0,425.4088397790055,-425.4088397790055,382.6666666666667,662.7981090296894,0.0,-427.4088397790055,2
Amhara,Millet,2010,164321.16,249509251,1518,14,2010,1,1,1654.5824175824175,-0.685060916742698,2,702.5423076923076,-0.0468645585162015,164367.0955204216,0,Amhara_Millet,Amhara_2010,Millet_2010,164321.16,inf,inf,1518.4243526518435,1625.4222222222222,-107.42222222222222,888.6666666666666,791.5310059203824,1518.4243526518435,inf,1
Oromia,Millet,2010,105610.88,147175413,1394,14,2010,1,6,1857.7087912087911,-0.89958535181163,2,702.5423076923076,0.0653653116001109,105577.7711621234,0,Oromiya_Millet,Oromiya_2010,Millet_2010,105610.88,-0.08168642951251648,-0.41014045607471283,1393.5629832835405,1817.2122905027934,-423.2122905027934,970.6666666666666,842.9052932170569,1393.5629832835405,-423.7041173883806,1
Somali,Millet,2010,58318.95,0,0,14,2010,1,8,549.7857142857143,-1.0,2,702.5423076923076,0.050681203459444796,64289.84447004608,1,Somalia_Millet,Somalia_2010,Millet_2010,11020.445,-1.0,-1.0,0.0,549.7857142857143,-549.7857142857143,970.6666666666666,842.9052932170569,0.0,-551.7857142857143,2
Benishangul Gumuz,Millet,2010,28391.84,44268465,1559,14,2010,1,2,1183.4835164835165,-0.666605385301256,2,702.5423076923076,-0.0822762196421549,28395.42334830019,0,Benushangul Gumuz_Millet,Benushangul Gumuz_2010,Millet_2010,28391.84,inf,inf,1559.196762168285,1148.8333333333333,410.16666666666674,984.3333333333334,856.4405019225403,1559.196762168285,inf,0
SNNPR,Millet,2010,6020.19,8998050,1495,14,2010,1,7,1521.2747252747254,-0.958478879096548,2,702.5423076923076,0.1394631585545689,6018.76254180602,0,S.N.N.P.R_Millet,S.N.N.P.R_2010,Millet_2010,6020.19,-0.041051956382296306,-0.7967390556686346,1494.6455178324939,1491.7666666666667,3.2333333333333485,1018.0,882.1944230156975,1494.6455178324939,2.3955423212824174,0
Gambela,Millet,2010,58318.95,0,0,14,2010,1,4,485.2197802197802,-1.0,2,702.5423076923076,0.050681203459444796,64289.84447004608,1,Gambela_Millet,Gambela_2010,Millet_2010,44.19,-1.0,-1.0,0.0,462.8839779005525,-462.8839779005525,1018.0,882.1944230156976,0.0,-464.8839779005525,2
Harari,Millet,2010,58318.95,0,0,14,2010,1,5,12684.181318681318,-1.0,2,702.5423076923076,0.050681203459444796,64289.84447004608,1,Harari_Millet,Harari_2010,Millet_2010,11020.445,0.0,0.0,0.0,536.2277777777778,-536.2277777777778,498.3333333333333,863.13865243849,0.0,-536.2277777777778,1
Dire Dawa,Millet,2010,58318.95,0,0,14,2010,1,3,361.5824175824176,-1.0,2,702.5423076923076,0.050681203459444796,64289.84447004608,1,DIRE DAWA_Millet,DIRE DAWA_2010,Millet_2010,11020.445,0.0,0.0,0.0,361.5824175824176,-361.5824175824176,0.0,0.0,0.0,-361.5824175824176,1
Tigray,Millet,2011,76065.32,124103018,1632,15,2010,1,9,1323.2252747252746,-0.733909515358801,2,702.5423076923076,0.6734360926657061,76043.51593137255,0,Tigray_Millet,Tigray_2011,Millet_2011,76065.32,inf,inf,1631.5321883875595,1323.2252747252746,308.77472527472537,544.0,942.2356393174688,1631.5321883875595,inf,0
Afar,Millet,2011,58318.95,0,0,15,2010,1,0,454.0164835164835,-1.0,2,702.5423076923076,0.050681203459444796,64289.84447004608,1,Afar_Millet,Afar_2011,Millet_2011,11020.445,-1.0,-1.0,0.0,425.4088397790055,-425.4088397790055,544.0,942.2356393174688,0.0,-427.4088397790055,2
Amhara,Millet,2011,216959.97,336000975,1549,15,2010,1,1,1654.5824175824175,-0.780905043102976,2,702.5423076923076,0.3466473633877407,216914.76759199484,0,Amhara_Millet,Amhara_2011,Millet_2011,216959.97,inf,inf,1548.6772744299328,1625.4222222222222,-76.42222222222222,1060.3333333333333,919.212887928217,1548.6772744299328,inf,1
Oromia,Millet,2011,81808.99,127828081,1563,15,2010,1,6,1857.7087912087911,-0.919124053109189,2,702.5423076923076,-0.131457636881236,81783.80102367242,0,Oromiya_Millet,Oromiya_2011,Millet_2011,81808.99,0.009038089089735246,-0.6195603866923303,1562.5187525234085,1817.2122905027934,-254.2122905027934,1037.3333333333333,898.3842904533298,1562.5187525234085,-254.82281280039598,1
Somali,Millet,2011,58318.95,0,0,15,2010,1,8,549.7857142857143,-1.0,2,702.5423076923076,0.050681203459444796,64289.84447004608,1,Somalia_Millet,Somalia_2011,Millet_2011,11020.445,-1.0,-1.0,0.0,549.7857142857143,-549.7857142857143,1037.3333333333333,898.3842904533298,0.0,-551.7857142857143,2
Benishangul Gumuz,Millet,2011,29472.09,42625701,1446,15,2010,1,2,1183.4835164835165,-0.637563886764049,2,702.5423076923076,-0.0371091249719185,29478.354771784238,0,Benushangul Gumuz_Millet,Benushangul Gumuz_2011,Millet_2011,29472.09,inf,inf,1446.3073708040386,1148.8333333333333,297.16666666666674,1003.0,870.5911784528944,1446.3073708040386,inf,0
SNNPR,Millet,2011,3800.09,4266584,1123,15,2010,1,7,1521.2747252747254,-0.975636989114108,2,702.5423076923076,-0.525832374792316,3799.273374888691,0,S.N.N.P.R_Millet,S.N.N.P.R_2011,Millet_2011,3800.09,-0.22337482710926693,-0.899905833806698,1122.7586715051484,1491.7666666666667,-368.76666666666665,856.3333333333334,758.9877030185223,1122.7586715051484,-369.8899473275826,1
Gambela,Millet,2011,58318.95,0,0,15,2010,1,4,485.2197802197802,-1.0,2,702.5423076923076,0.050681203459444796,64289.84447004608,1,Gambela_Millet,Gambela_2011,Millet_2011,44.19,-1.0,-1.0,0.0,462.8839779005525,-462.8839779005525,856.3333333333334,758.9877030185223,0.0,-464.8839779005525,2
Harari,Millet,2011,58318.95,0,0,15,2010,1,5,12684.181318681318,-1.0,2,702.5423076923076,0.050681203459444796,64289.84447004608,1,Harari_Millet,Harari_2011,Millet_2011,11020.445,0.0,0.0,0.0,536.2277777777778,-536.2277777777778,374.3333333333333,648.3643522999489,0.0,-536.2277777777778,1
Dire Dawa,Millet,2011,58318.95,0,0,15,2010,1,3,361.5824175824176,-1.0,2,702.5423076923076,0.050681203459444796,64289.84447004608,1,DIRE DAWA_Millet,DIRE DAWA_2011,Millet_2011,11020.445,0.0,0.0,0.0,361.5824175824176,-361.5824175824176,0.0,0.0,0.0,-361.5824175824176,1
Tigray,Millet,2012,76654.62,133789707,1745,16,2010,1,9,1323.2252747252746,-0.717551465327481,2,702.5423076923076,0.0780536134906888,76670.31919770774,0,Tigray_Millet,Tigray_2012,Millet_2012,76654.62,inf,inf,1745.3573835471366,1323.2252747252746,421.77472527472537,581.6666666666666,1007.4762197358965,1745.3573835471366,inf,0
Afar,Millet,2012,58318.95,0,0,16,2010,1,0,454.0164835164835,-0.1133742964865565,2,702.5423076923076,0.050681203459444796,64289.84447004608,1,Afar_Millet,Afar_2012,Millet_2012,11020.445,-1.0,-1.0,0.0,425.4088397790055,-425.4088397790055,581.6666666666666,1007.4762197358965,0.0,-427.4088397790055,2
Amhara,Millet,2012,230613.94,353529558,1533,16,2010,1,1,1654.5824175824175,-0.753133431662925,2,702.5423076923076,0.0521682504046305,230612.88845401173,0,Amhara_Millet,Amhara_2012,Millet_2012,230613.94,inf,inf,1532.9930098761592,1625.4222222222222,-92.42222222222222,1092.6666666666667,952.1955331408213,1532.9930098761592,inf,1
Oromia,Millet,2012,87061.51,118362722,1360,16,2010,1,6,1857.7087912087911,-0.927239197293424,2,702.5423076923076,-0.0740475717538151,87031.41323529412,0,Oromiya_Millet,Oromiya_2012,Millet_2012,87061.51,-0.11285061969993482,-0.6651970978901854,1359.5298542375385,1817.2122905027934,-457.2122905027934,964.3333333333334,839.6048673830642,1359.5298542375385,-457.99033822038353,1
Somali,Millet,2012,58318.95,0,0,16,2010,1,8,549.7857142857143,-1.0,2,702.5423076923076,0.050681203459444796,64289.84447004608,1,Somalia_Millet,Somalia_2012,Millet_2012,11020.445,-1.0,-1.0,0.0,549.7857142857143,-549.7857142857143,964.3333333333334,839.6048673830642,0.0,-551.7857142857143,2
Benishangul Gumuz,Millet,2012,34133.26,41057347,1203,16,2010,1,2,1183.4835164835165,-0.62951532112693,2,702.5423076923076,-0.0367936236403478,34129.13300083126,0,Benushangul Gumuz_Millet,Benushangul Gumuz_2012,Millet_2012,34133.26,inf,inf,1202.854547148441,1148.8333333333333,54.16666666666674,854.3333333333334,744.0271052410204,1202.854547148441,inf,0
SNNPR,Millet,2012,4097.68,5111567,1247,16,2010,1,7,1521.2747252747254,-0.974015485368027,2,702.5423076923076,0.1980467277803508,4099.091419406575,0,S.N.N.P.R_Millet,S.N.N.P.R_2012,Millet_2012,4097.68,0.03657522859517881,-0.8755017707305832,1247.4295210948633,1491.7666666666667,-244.76666666666665,816.6666666666666,707.5961654314787,1247.4295210948633,-245.60559320880205,1
Gambela,Millet,2012,58318.95,0,0,16,2010,1,4,485.2197802197802,-1.0,2,702.5423076923076,0.050681203459444796,64289.84447004608,1,Gambela_Millet,Gambela_2012,Millet_2012,44.19,-1.0,-1.0,0.0,462.8839779005525,-462.8839779005525,816.6666666666666,707.5961654314788,0.0,-464.8839779005525,2
Harari,Millet,2012,58318.95,0,0,16,2010,1,5,12684.181318681318,-1.0,2,702.5423076923076,0.050681203459444796,64289.84447004608,1,Harari_Millet,Harari_2012,Millet_2012,11020.445,0.0,0.0,0.0,536.2277777777778,-536.2277777777778,415.6666666666667,719.9557856794625,0.0,-536.2277777777778,1
Dire Dawa,Millet,2012,58318.95,0,0,16,2010,1,3,361.5824175824176,-1.0,2,702.5423076923076,0.050681203459444796,64289.84447004608,1,DIRE DAWA_Millet,DIRE DAWA_2012,Millet_2012,11020.445,0.0,0.0,0.0,361.5824175824176,-361.5824175824176,0.0,0.0,0.0,-361.5824175824176,1
Tigray,Millet,2013,78663.67,139174988,1769,17,2010,1,9,1323.2252747252746,-0.724481460255394,2,702.5423076923076,0.040251833423927,78674.3855285472,0,Tigray_Millet,Tigray_2013,Millet_2013,78663.67,inf,inf,1769.2409723573792,1323.2252747252746,445.77472527472537,589.6666666666666,1021.3326261964474,1769.2409723573792,inf,0
Afar,Millet,2013,58318.95,0,0,17,2010,1,0,454.0164835164835,-0.1133742964865565,2,702.5423076923076,0.050681203459444796,64289.84447004608,1,Afar_Millet,Afar_2013,Millet_2013,11020.445,-1.0,-1.0,0.0,425.4088397790055,-425.4088397790055,589.6666666666666,1021.3326261964474,0.0,-427.4088397790055,2
Amhara,Millet,2013,226547.4,407643895,1799,17,2010,1,1,1654.5824175824175,-0.636929200424132,2,702.5423076923076,0.1530687767838636,226594.71650917176,0,Amhara_Millet,Amhara_2013,Millet_2013,226547.4,inf,inf,1799.3757377043391,1625.4222222222222,173.57777777777778,1189.3333333333333,1030.102098499626,1799.3757377043391,inf,0
Oromia,Millet,2013,92306.89,153205962,1660,17,2010,1,6,1857.7087912087911,-0.897164485060988,2,702.5423076923076,0.2943768055621432,92292.74819277108,0,Oromiya_Millet,Oromiya_2013,Millet_2013,92306.89,-0.07726514730405776,-0.6241671618803466,1659.7456809562102,1817.2122905027934,-157.2122905027934,1153.0,1000.9430553233284,1659.7456809562102,-157.9137228119778,1
Somali,Millet,2013,58318.95,0,0,17,2010,1,8,549.7857142857143,-1.0,2,702.5423076923076,0.050681203459444796,64289.84447004608,1,Somalia_Millet,Somalia_2013,Millet_2013,11020.445,-1.0,-1.0,0.0,549.7857142857143,-549.7857142857143,1153.0,1000.9430553233283,0.0,-551.7857142857143,2
Benishangul Gumuz,Millet,2013,29114.9,36568281,1256,17,2010,1,2,1183.4835164835165,-0.720843687743193,2,702.5423076923076,-0.109336484892703,29114.873407643317,0,Benushangul Gumuz_Millet,Benushangul Gumuz_2013,Millet_2013,29114.9,inf,inf,1255.998852821064,1148.8333333333333,107.16666666666674,972.0,865.6743036500501,1255.998852821064,inf,0
SNNPR,Millet,2013,4873.12,5704020,1171,17,2010,1,7,1521.2747252747254,-0.974594531661364,2,702.5423076923076,0.1159043792246095,4871.067463706234,0,S.N.N.P.R_Millet,S.N.N.P.R_2013,Millet_2013,4873.12,-0.0676751592356688,-0.8440172782527021,1170.506780050563,1491.7666666666667,-320.76666666666665,809.0,701.9024148697588,1170.506780050563,-321.67835910415505,1
Gambela,Millet,2013,58318.95,0,0,17,2010,1,4,485.2197802197802,-1.0,2,702.5423076923076,0.050681203459444796,64289.84447004608,1,Gambela_Millet,Gambela_2013,Millet_2013,44.19,-1.0,-1.0,0.0,462.8839779005525,-462.8839779005525,809.0,701.9024148697588,0.0,-464.8839779005525,2
Harari,Millet,2013,58318.95,0,0,17,2010,1,5,12684.181318681318,-1.0,2,702.5423076923076,0.050681203459444796,64289.84447004608,1,Harari_Millet,Harari_2013,Millet_2013,11020.445,0.0,0.0,0.0,536.2277777777778,-536.2277777777778,390.3333333333333,676.0771652210506,0.0,-536.2277777777778,1
Dire Dawa,Millet,2013,58318.95,0,0,17,2010,1,3,361.5824175824176,-1.0,2,702.5423076923076,0.050681203459444796,64289.84447004608,1,DIRE DAWA_Millet,DIRE DAWA_2013,Millet_2013,11020.445,0.0,0.0,0.0,361.5824175824176,-361.5824175824176,0.0,0.0,0.0,-361.5824175824176,1
Tigray,Millet,2014,82129.65,156317271,1903,18,2010,1,9,1323.2252747252746,-0.713873651837592,2,702.5423076923076,0.1231707165658242,82142.54913294797,0,Tigray_Millet,Tigray_2014,Millet_2014,82129.65,inf,inf,1903.2988817071546,1323.2252747252746,579.7747252747254,634.3333333333334,1098.6975622678572,1903.2988817071546,inf,0
Afar,Millet,2014,58318.95,0,0,18,2010,1,0,454.0164835164835,-0.1133742964865565,2,702.5423076923076,0.050681203459444796,64289.84447004608,1,Afar_Millet,Afar_2014,Millet_2014,11020.445,-1.0,-1.0,0.0,425.4088397790055,-425.4088397790055,634.3333333333334,1098.6975622678572,0.0,-427.4088397790055,2
Amhara,Millet,2014,236680.54,461839493,1951,18,2010,1,1,1654.5824175824175,-0.593097047532054,2,702.5423076923076,0.1329483862379443,236719.37109174783,0,Amhara_Millet,Amhara_2014,Millet_2014,236680.54,inf,inf,1951.3200916306848,1625.4222222222222,325.5777777777778,1284.6666666666667,1112.812802466494,1951.3200916306848,inf,0
Oromia,Millet,2014,99867.65,18289921,1829,18,2010,1,6,1857.7087912087911,-0.894837686212342,2,702.5423076923076,-0.880618738584076,9999.95680699836,0,Oromiya_Millet,Oromiya_2014,Millet_2014,99867.65,-0.06253203485392111,-0.9603976678538403,183.14159790482705,1817.2122905027934,11.787709497206606,1260.0,1092.8956949315882,183.14159790482705,10.764779794498844,0
Somali,Millet,2014,58318.95,0,0,18,2010,1,8,549.7857142857143,-1.0,2,702.5423076923076,0.050681203459444796,64289.84447004608,1,Somalia_Millet,Somalia_2014,Millet_2014,11020.445,-1.0,-1.0,0.0,549.7857142857143,-549.7857142857143,1260.0,1092.8956949315882,0.0,-551.7857142857143,2
Benishangul Gumuz,Millet,2014,31800.01,43700817,1374,18,2010,1,2,1183.4835164835165,-0.662647145237647,2,702.5423076923076,0.1950470682502139,31805.54366812227,0,Benushangul Gumuz_Millet,Benushangul Gumuz_2014,Millet_2014,31800.01,inf,inf,1374.2390961512276,1148.8333333333333,225.16666666666674,1067.6666666666667,952.2028845436944,1374.2390961512276,inf,0
SNNPR,Millet,2014,4184.27,4408923,1054,18,2010,1,7,1521.2747252747254,-0.9799052489277,2,702.5423076923076,-0.227049870091619,4183.0388994307405,0,S.N.N.P.R_Millet,S.N.N.P.R_2014,Millet_2014,4184.27,-0.23289665211062593,-0.8991111996830632,1053.6898909487197,1491.7666666666667,-437.76666666666665,809.3333333333334,718.9334693372759,1053.6898909487197,-438.8986745184603,1
Gambela,Millet,2014,58318.95,0,0,18,2010,1,4,485.2197802197802,-1.0,2,702.5423076923076,0.050681203459444796,64289.84447004608,1,Gambela_Millet,Gambela_2014,Millet_2014,44.19,-1.0,-1.0,0.0,462.8839779005525,-462.8839779005525,809.3333333333334,718.9334693372759,0.0,-464.8839779005525,2
Harari,Millet,2014,58318.95,0,0,18,2010,1,5,12684.181318681318,-1.0,2,702.5423076923076,0.050681203459444796,64289.84447004608,1,Harari_Millet,Harari_2014,Millet_2014,11020.445,0.0,0.0,0.0,536.2277777777778,-536.2277777777778,351.3333333333333,608.5271837258637,0.0,-536.2277777777778,1
Dire Dawa,Millet,2014,58318.95,0,0,18,2010,1,3,361.5824175824176,-1.0,2,702.5423076923076,0.050681203459444796,64289.84447004608,1,DIRE DAWA_Millet,DIRE DAWA_2014,Millet_2014,11020.445,0.0,0.0,0.0,361.5824175824176,-361.5824175824176,0.0,0.0,0.0,-361.5824175824176,1
Tigray,Millet,2015,83131.78,187564271,2256,19,2010,1,9,1323.2252747252746,-0.692851267857874,2,702.5423076923076,0.199894738438723,83140.1910460993,0,Tigray_Millet,Tigray_2015,Millet_2015,83131.78,inf,inf,2256.2282559088717,1323.2252747252746,932.7747252747254,752.0,1302.502207291795,2256.2282559088717,inf,0
Afar,Millet,2015,58318.95,0,0,19,2010,1,0,454.0164835164835,-0.1133742964865565,2,702.5423076923076,0.050681203459444796,64289.84447004608,1,Afar_Millet,Afar_2015,Millet_2015,11020.445,-1.0,-1.0,0.0,425.4088397790055,-425.4088397790055,752.0,1302.502207291795,0.0,-427.4088397790055,2
Amhara,Millet,2015,242894.75,490200198,2018,19,2010,1,1,1654.5824175824175,-0.649020814326756,2,702.5423076923076,0.0614081416376404,242913.87413280475,0,Amhara_Millet,Amhara_2015,Millet_2015,242894.75,inf,inf,2018.1588856902013,1625.4222222222222,392.5777777777778,1424.6666666666667,1239.5230265442156,2018.1588856902013,inf,0
Oromia,Millet,2015,92804.53,183448648,1977,19,2010,1,6,1857.7087912087911,-0.898908078908556,2,702.5423076923076,9.030040479671836,92791.4253920081,0,Oromiya_Millet,Oromiya_2015,Millet_2015,92804.53,-0.02031714568880083,-0.6257679030966038,1976.7208346402917,1817.2122905027934,159.7877094972066,1331.6666666666667,1153.4393496553394,1976.7208346402917,159.1416244484212,0
Somali,Millet,2015,58318.95,0,0,19,2010,1,8,549.7857142857143,-0.1133742964865565,2,702.5423076923076,0.050681203459444796,64289.84447004608,1,Somalia_Millet,Somalia_2015,Millet_2015,11020.445,-1.0,-1.0,0.0,549.7857142857143,-549.7857142857143,1331.6666666666667,1153.4393496553396,0.0,-551.7857142857143,2
Benishangul Gumuz,Millet,2015,30791.23,47634489,1547,19,2010,1,2,1183.4835164835165,-0.654453923437237,2,702.5423076923076,0.0900136947096434,30791.52488687783,0,Benushangul Gumuz_Millet,Benushangul Gumuz_2015,Millet_2015,30791.23,inf,inf,1547.0148155822292,1148.8333333333333,398.16666666666674,1174.6666666666667,1039.762633168423,1547.0148155822292,inf,0
SNNPR,Millet,2015,4286.6,6466913,1509,19,2010,1,7,1521.2747252747254,-0.973896401435911,2,702.5423076923076,0.4667783946328843,4285.56196156395,0,S.N.N.P.R_Millet,S.N.N.P.R_2015,Millet_2015,4286.6,-0.024563671622495176,-0.8642388501323064,1508.634582186348,1491.7666666666667,17.23333333333335,1018.6666666666666,882.3957917699588,1508.634582186348,16.344530811578547,0
Gambela,Millet,2015,58318.95,0,0,19,2010,1,4,485.2197802197802,-1.0,2,702.5423076923076,0.050681203459444796,64289.84447004608,1,Gambela_Millet,Gambela_2015,Millet_2015,44.19,-1.0,-1.0,0.0,462.8839779005525,-462.8839779005525,1018.6666666666666,882.3957917699588,0.0,-464.8839779005525,2
Harari,Millet,2015,58318.95,0,0,19,2010,1,5,12684.181318681318,-1.0,2,702.5423076923076,0.050681203459444796,64289.84447004608,1,Harari_Millet,Harari_2015,Millet_2015,11020.445,0.0,0.0,0.0,536.2277777777778,-536.2277777777778,503.0,871.2215562071447,0.0,-536.2277777777778,1
Dire Dawa,Millet,2015,58318.95,0,0,19,2010,1,3,361.5824175824176,-1.0,2,702.5423076923076,0.050681203459444796,64289.84447004608,1,DIRE DAWA_Millet,DIRE DAWA_2015,Millet_2015,11020.445,0.0,0.0,0.0,361.5824175824176,-361.5824175824176,0.0,0.0,0.0,-361.5824175824176,1
Tigray,Millet,2016,84280.34,150614872,1787,20,2010,1,9,1323.2252747252746,-0.758879183362874,2,702.5423076923076,-0.196995935329282,84283.6440962507,0,Tigray_Millet,Tigray_2016,Millet_2016,84280.34,inf,inf,1787.0700569076964,1323.2252747252746,463.77472527472537,595.6666666666666,1031.7249310418606,1787.0700569076964,inf,0
Afar,Millet,2016,58318.95,0,0,20,2010,1,0,454.0164835164835,-0.1133742964865565,2,702.5423076923076,0.050681203459444796,64289.84447004608,1,Afar_Millet,Afar_2016,Millet_2016,11020.445,-1.0,-1.0,0.0,425.4088397790055,-425.4088397790055,595.6666666666666,1031.7249310418606,0.0,-427.4088397790055,2
Amhara,Millet,2016,256064.53,54275220,2145,20,2010,1,1,1654.5824175824175,-0.960294982264504,2,702.5423076923076,-0.889279481686378,25303.132867132867,0,Amhara_Millet,Amhara_2016,Millet_2016,256064.53,inf,inf,211.9591495159443,1625.4222222222222,519.5777777777778,1310.6666666666667,1149.0980520970925,211.9591495159443,inf,0
Oromia,Millet,2016,88929.61,183257842,2061,20,2010,1,6,1857.7087912087911,-0.902761902815886,2,702.5423076923076,-0.00104010578480795,88916.95390587093,0,Oromiya_Millet,Oromiya_2016,Millet_2016,88929.61,-0.03916083916083912,2.376455074709969,2060.706687007848,1817.2122905027934,243.7877094972066,1402.0,1214.8938225211284,2060.706687007848,246.12500373275574,0
Somali,Millet,2016,58318.95,0,0,20,2010,1,8,549.7857142857143,-1.0,2,702.5423076923076,0.050681203459444796,64289.84447004608,1,Somalia_Millet,Somalia_2016,Millet_2016,11020.445,-1.0,-1.0,0.0,549.7857142857143,-549.7857142857143,1402.0,1214.8938225211284,0.0,-551.7857142857143,2
Benishangul Gumuz,Millet,2016,32452.56,51824491,1597,20,2010,1,2,1183.4835164835165,-0.556660048197022,2,702.5423076923076,0.0879615188062581,32451.15278647464,0,Benushangul Gumuz_Millet,Benushangul Gumuz_2016,Millet_2016,32452.56,inf,inf,1596.930750609505,1148.8333333333333,448.16666666666674,1219.3333333333333,1081.1587919141814,1596.930750609505,inf,0
SNNPR,Millet,2016,3781.22,5273914,1395,20,2010,1,7,1521.2747252747254,-0.975555052805237,2,702.5423076923076,-0.184477354187384,3780.583512544803,0,S.N.N.P.R_Millet,S.N.N.P.R_2016,Millet_2016,3781.22,-0.12648716343143396,-0.8982351027818103,1394.7651816080524,1491.7666666666667,-96.76666666666665,997.3333333333334,869.6012496157832,1394.7651816080524,-97.7913889328799,1
Gambela,Millet,2016,58318.95,0,0,20,2010,1,4,485.2197802197802,-1.0,2,702.5423076923076,0.050681203459444796,64289.84447004608,1,Gambela_Millet,Gambela_2016,Millet_2016,44.19,-1.0,-1.0,0.0,462.8839779005525,-462.8839779005525,997.3333333333334,869.6012496157832,0.0,-464.8839779005525,2
Harari,Millet,2016,58318.95,0,0,20,2010,1,5,12684.181318681318,-1.0,2,702.5423076923076,0.050681203459444796,64289.84447004608,1,Harari_Millet,Harari_2016,Millet_2016,11020.445,0.0,0.0,0.0,536.2277777777778,-536.2277777777778,465.0,805.4036255195264,0.0,-536.2277777777778,1
Dire Dawa,Millet,2016,58318.95,0,0,20,2010,1,3,361.5824175824176,-1.0,2,702.5423076923076,0.050681203459444796,64289.84447004608,1,DIRE DAWA_Millet,DIRE DAWA_2016,Millet_2016,11020.445,0.0,0.0,0.0,361.5824175824176,-361.5824175824176,0.0,0.0,0.0,-361.5824175824176,1
Tigray,Millet,2017,86613.23,196044168,2263,21,2010,1,9,1323.2252747252746,-0.724659168049717,2,702.5423076923076,0.3016255659002917,86630.21122403888,0,Tigray_Millet,Tigray_2017,Millet_2017,86613.23,inf,inf,2263.443679447124,1323.2252747252746,939.7747252747254,754.3333333333334,1306.5436591761222,2263.443679447124,inf,0
Afar,Millet,2017,58318.95,0,0,21,2010,1,0,454.0164835164835,-1.0,2,702.5423076923076,0.050681203459444796,64289.84447004608,1,Afar_Millet,Afar_2017,Millet_2017,11020.445,-1.0,-1.0,0.0,425.4088397790055,-425.4088397790055,754.3333333333334,1306.5436591761222,0.0,-427.4088397790055,2
Amhara,Millet,2017,246666.06,557331121,2259,21,2010,1,1,1654.5824175824175,-0.660225984850572,2,702.5423076923076,9.268610997799732,246715.85701637893,0,Amhara_Millet,Amhara_2017,Millet_2017,246666.06,inf,inf,2259.45604758109,1625.4222222222222,633.5777777777778,1507.3333333333333,1305.3904907472447,2259.45604758109,inf,0
Oromia,Millet,2017,89584.8,203588144,2273,21,2010,1,6,1857.7087912087911,-0.893776472108156,2,702.5423076923076,0.1109382375025458,89568.03519577651,0,Oromiya_Millet,Oromiya_2017,Millet_2017,89584.8,0.00619743249225313,-0.6347088179201104,2272.574633196703,1817.2122905027934,455.7877094972066,1510.6666666666667,1308.2944367891093,2272.574633196703,455.1591981117787,0
Somali,Millet,2017,58318.95,0,0,21,2010,1,8,549.7857142857143,-1.0,2,702.5423076923076,0.050681203459444796,64289.84447004608,1,Somalia_Millet,Somalia_2017,Millet_2017,11020.445,-1.0,-1.0,0.0,549.7857142857143,-549.7857142857143,1510.6666666666667,1308.2944367891093,0.0,-551.7857142857143,2
Benishangul Gumuz,Millet,2017,29680.79,54448897,1834,21,2010,1,2,1183.4835164835165,-0.61702231923082,2,702.5423076923076,0.0506402658156353,29688.602508178843,0,Benushangul Gumuz_Millet,Benushangul Gumuz_2017,Millet_2017,29680.79,inf,inf,1834.4827411938832,1148.8333333333333,685.1666666666667,1369.0,1205.7367042600963,1834.4827411938832,inf,0
SNNPR,Millet,2017,3626.67,5646942,1557,21,2010,1,7,1521.2747252747254,-0.973964532376183,2,702.5423076923076,0.0707307703538586,3626.809248554913,0,S.N.N.P.R_Millet,S.N.N.P.R_2017,Millet_2017,3626.67,-0.15103598691384956,-0.896289138786411,1557.0597821141707,1491.7666666666667,65.23333333333335,1130.3333333333333,988.6467181624242,1557.0597821141707,64.1860082076331,0
Gambela,Millet,2017,58318.95,0,0,21,2010,1,4,485.2197802197802,-1.0,2,702.5423076923076,0.050681203459444796,64289.84447004608,1,Gambela_Millet,Gambela_2017,Millet_2017,44.19,-1.0,-1.0,0.0,462.8839779005525,-462.8839779005525,1130.3333333333333,988.6467181624242,0.0,-464.8839779005525,2
Harari,Millet,2017,58318.95,0,0,21,2010,1,5,12684.181318681318,-1.0,2,702.5423076923076,0.050681203459444796,64289.84447004608,1,Harari_Millet,Harari_2017,Millet_2017,11020.445,0.0,0.0,0.0,536.2277777777778,-536.2277777777778,519.0,898.9343691282459,0.0,-536.2277777777778,1
Dire Dawa,Millet,2017,58318.95,0,0,21,2010,1,3,361.5824175824176,-1.0,2,702.5423076923076,0.050681203459444796,64289.84447004608,1,DIRE DAWA_Millet,DIRE DAWA_2017,Millet_2017,11020.445,0.0,0.0,0.0,361.5824175824176,-361.5824175824176,0.0,0.0,0.0,-361.5824175824176,1
Tigray,Millet,2018,82021.79,185826511,2266,22,2010,1,9,1323.2252747252746,-0.744136401312655,2,702.5423076923076,-0.0521191581684796,82006.4037952339,0,Tigray_Millet,Tigray_2018,Millet_2018,82021.79,inf,inf,2265.574928320877,1323.2252747252746,942.7747252747254,755.3333333333334,1308.275709983691,2265.574928320877,inf,0
Afar,Millet,2018,58318.95,0,0,22,2010,1,0,454.0164835164835,-0.1133742964865565,2,702.5423076923076,0.050681203459444796,64289.84447004608,1,Afar_Millet,Afar_2018,Millet_2018,11020.445,-1.0,-1.0,0.0,425.4088397790055,-425.4088397790055,755.3333333333334,1308.275709983691,0.0,-427.4088397790055,2
Amhara,Millet,2018,246522.71,560466508,2273,22,2010,1,1,1654.5824175824175,-0.685343876103275,2,702.5423076923076,0.0056257167092594,246575.6744390673,0,Amhara_Millet,Amhara_2018,Millet_2018,246522.71,inf,inf,2273.488345150838,1625.4222222222222,647.5777777777778,1513.0,1310.3011104322545,2273.488345150838,inf,0
Oromia,Millet,2018,93831.88,219537397,2340,22,2010,1,6,1857.7087912087911,-0.894507276766646,2,702.5423076923076,0.0783407750895357,93819.40042735044,0,Oromiya_Millet,Oromiya_2018,Millet_2018,93831.88,0.029476462824461036,-0.6082952435759106,2339.688781680597,1817.2122905027934,522.7877094972066,1537.6666666666667,1332.0797023201476,2339.688781680597,522.2088907164551,0
Somali,Millet,2018,58318.95,0,0,22,2010,1,8,549.7857142857143,-1.0,2,702.5423076923076,0.050681203459444796,64289.84447004608,1,Somalia_Millet,Somalia_2018,Millet_2018,11020.445,-1.0,-1.0,0.0,549.7857142857143,-549.7857142857143,1537.6666666666667,1332.0797023201476,0.0,-551.7857142857143,2
Benishangul Gumuz,Millet,2018,29167.48,57771303,1981,22,2010,1,2,1183.4835164835165,-0.634365423194534,2,702.5423076923076,0.0610187934569179,29162.69712266532,0,Benushangul Gumuz_Millet,Benushangul Gumuz_2018,Millet_2018,29167.48,inf,inf,1980.6751560299347,1148.8333333333333,832.1666666666667,1440.3333333333333,1260.2143997484447,1980.6751560299347,inf,0
SNNPR,Millet,2018,4485.63,7205019,1606,22,2010,1,7,1521.2747252747254,-0.974742635141847,2,702.5423076923076,0.2759151767452188,4486.313200498132,0,S.N.N.P.R_Millet,S.N.N.P.R_2018,Millet_2018,4485.63,-0.18929833417465924,-0.8752837719446972,1606.2446077808468,1491.7666666666667,114.23333333333335,1195.6666666666667,1052.3166506966106,1606.2446077808468,113.16875122721399,0
Gambela,Millet,2018,58318.95,0,0,22,2010,1,4,485.2197802197802,-1.0,2,702.5423076923076,0.050681203459444796,64289.84447004608,1,Gambela_Millet,Gambela_2018,Millet_2018,44.19,-1.0,-1.0,0.0,462.8839779005525,-462.8839779005525,1195.6666666666667,1052.3166506966106,0.0,-464.8839779005525,2
Harari,Millet,2018,58318.95,0,0,22,2010,1,5,12684.181318681318,-1.0,2,702.5423076923076,0.050681203459444796,64289.84447004608,1,Harari_Millet,Harari_2018,Millet_2018,11020.445,0.0,0.0,0.0,536.2277777777778,-536.2277777777778,535.3333333333334,927.2245323185379,0.0,-536.2277777777778,1
Dire Dawa,Millet,2018,58318.95,0,0,22,2010,1,3,361.5824175824176,-1.0,2,702.5423076923076,0.050681203459444796,64289.84447004608,1,DIRE DAWA_Millet,DIRE DAWA_2018,Millet_2018,11020.445,0.0,0.0,0.0,361.5824175824176,-361.5824175824176,0.0,0.0,0.0,-361.5824175824176,1
Tigray,Millet,2019,85575.12,205423561,2401,23,2010,1,9,1323.2252747252746,-0.710365472747395,2,702.5423076923076,0.1054588491950967,85557.50145772594,0,Tigray_Millet,Tigray_2019,Millet_2019,85575.12,inf,inf,2400.505672676825,1323.2252747252746,1077.7747252747254,800.3333333333334,1386.2179963242909,2400.505672676825,inf,0
Afar,Millet,2019,58318.95,0,0,23,2010,1,0,454.0164835164835,-0.1133742964865565,2,702.5423076923076,0.050681203459444796,64289.84447004608,1,Afar_Millet,Afar_2019,Millet_2019,11020.445,-1.0,-1.0,0.0,425.4088397790055,-425.4088397790055,800.3333333333334,1386.2179963242909,0.0,-427.4088397790055,2
Amhara,Millet,2019,248292.4,571094996,2300,23,2010,1,1,1654.5824175824175,-0.664866492003872,2,702.5423076923076,0.0189636451925152,248302.17217391304,0,Amhara_Millet,Amhara_2019,Millet_2019,248292.4,inf,inf,2300.090522303542,1625.4222222222222,674.5777777777778,1567.0,1358.0011045650883,2300.090522303542,inf,0
Oromia,Millet,2019,82044.16,201074320,2451,23,2010,1,6,1857.7087912087911,-0.902066099646225,2,702.5423076923076,-0.0840999176099368,82037.66625866992,0,Oromiya_Millet,Oromiya_2019,Millet_2019,82044.16,0.06565217391304357,-0.6479144075708203,2450.8060049612304,1817.2122905027934,633.7877094972066,1583.6666666666667,1373.5721070745915,2450.8060049612304,633.2054472635489,0
Somali,Millet,2019,58318.95,0,0,23,2010,1,8,549.7857142857143,-1.0,2,702.5423076923076,0.050681203459444796,64289.84447004608,1,Somalia_Millet,Somalia_2019,Millet_2019,11020.445,-1.0,-1.0,0.0,549.7857142857143,-549.7857142857143,1583.6666666666667,1373.5721070745915,0.0,-551.7857142857143,2
Benishangul Gumuz,Millet,2019,21311.26,42655487,2002,23,2010,1,2,1183.4835164835165,-0.719363729606149,2,702.5423076923076,-0.261649213624279,21306.437062937064,0,Benushangul Gumuz_Millet,Benushangul Gumuz_2019,Millet_2019,21311.26,inf,inf,2001.5469287128026,1148.8333333333333,853.1666666666667,1484.3333333333333,1304.9269455924853,2001.5469287128026,inf,0
SNNPR,Millet,2019,9670.25,15381202,1591,23,2010,1,7,1521.2747252747254,-0.942700016505427,2,702.5423076923076,1.1347899290758288,9667.63167818982,0,S.N.N.P.R_Millet,S.N.N.P.R_2019,Millet_2019,9670.25,-0.20529470529470528,-0.6394085947254571,1590.569220030506,1491.7666666666667,99.23333333333335,1197.6666666666667,1057.3714263839988,1590.569220030506,98.38863003331319,0
Gambela,Millet,2019,58318.95,0,0,23,2010,1,4,485.2197802197802,-1.0,2,702.5423076923076,0.050681203459444796,64289.84447004608,1,Gambela_Millet,Gambela_2019,Millet_2019,44.19,-1.0,-1.0,0.0,462.8839779005525,-462.8839779005525,1197.6666666666667,1057.3714263839988,0.0,-464.8839779005525,2
Harari,Millet,2019,58318.95,0,0,23,2010,1,5,12684.181318681318,-1.0,2,702.5423076923076,0.050681203459444796,64289.84447004608,1,Harari_Millet,Harari_2019,Millet_2019,11020.445,0.0,0.0,0.0,536.2277777777778,-536.2277777777778,530.3333333333334,918.5642782806934,0.0,-536.2277777777778,1
Dire Dawa,Millet,2019,58318.95,0,0,23,2010,1,3,361.5824175824176,-1.0,2,702.5423076923076,0.050681203459444796,64289.84447004608,1,DIRE DAWA_Millet,DIRE DAWA_2019,Millet_2019,11020.445,0.0,0.0,0.0,361.5824175824176,-361.5824175824176,0.0,0.0,0.0,-361.5824175824176,1
Tigray,Millet,2020,84868.47,213906149,2520,24,2020,1,9,1323.2252747252746,-0.703165936667362,2,702.5423076923076,0.0412931601356088,84883.39246031747,0,Tigray_Millet,Tigray_2020,Millet_2020,84868.47,inf,inf,2520.443092705689,1323.2252747252746,1196.7747252747254,840.0,1454.9226783578563,2520.443092705689,inf,0
Afar,Millet,2020,58318.95,0,0,24,2020,1,0,454.0164835164835,-0.1133742964865565,2,702.5423076923076,0.050681203459444796,64289.84447004608,1,Afar_Millet,Afar_2020,Millet_2020,11020.445,-1.0,-1.0,0.0,425.4088397790055,-425.4088397790055,840.0,1454.9226783578563,0.0,-427.4088397790055,2
Amhara,Millet,2020,234632.36,570819330,2433,24,2020,1,1,1654.5824175824175,-0.696885788231091,2,702.5423076923076,-0.000482697277914834,234615.42540073983,0,Amhara_Millet,Amhara_2020,Millet_2020,234632.36,inf,inf,2432.824398135023,1625.4222222222222,807.5777777777778,1651.0,1430.469503344968,2432.824398135023,inf,0
Oromia,Millet,2020,68782.2,171626108,2495,24,2020,1,6,1857.7087912087911,-0.90975369010835,2,702.5423076923076,-0.146454365729049,68788.01923847695,0,Oromiya_Millet,Oromiya_2020,Millet_2020,68782.2,0.025482942868886083,-0.6993337489114113,2495.2110865892632,1817.2122905027934,677.7877094972066,1642.6666666666667,1422.928787161653,2495.2110865892632,677.1138586911641,0
Somali,Millet,2020,58318.95,0,0,24,2020,1,8,549.7857142857143,-0.1133742964865565,2,702.5423076923076,0.050681203459444796,64289.84447004608,1,Somalia_Millet,Somalia_2020,Millet_2020,11020.445,-1.0,-1.0,0.0,549.7857142857143,-549.7857142857143,1642.6666666666667,1422.928787161653,0.0,-551.7857142857143,2
Benishangul Gumuz,Millet,2020,17548.8,36309112,2069,24,2020,1,2,1183.4835164835165,-0.790598519018375,2,702.5423076923076,-0.148782148472481,17549.1116481392,0,Benushangul Gumuz_Millet,Benushangul Gumuz_2020,Millet_2020,17548.8,inf,inf,2069.0367432531,1148.8333333333333,920.1666666666667,1521.3333333333333,1334.6199209263036,2069.0367432531,inf,0
SNNPR,Millet,2020,10901.17,17550375,1610,24,2020,1,7,1521.2747252747254,-0.938224590273582,2,702.5423076923076,0.1410275347791414,10900.85403726708,0,S.N.N.P.R_Millet,S.N.N.P.R_2020,Millet_2020,10901.17,-0.22184630256162396,-0.5166399277404525,1609.9533352841943,1491.7666666666667,118.23333333333335,1226.3333333333333,1086.5497380853456,1609.9533352841943,117.49484710303128,0
Gambela,Millet,2020,58318.95,0,0,24,2020,1,4,485.2197802197802,-0.1133742964865565,2,702.5423076923076,0.050681203459444796,64289.84447004608,1,Gambela_Millet,Gambela_2020,Millet_2020,44.19,-1.0,-1.0,0.0,462.8839779005525,-462.8839779005525,1226.3333333333333,1086.5497380853456,0.0,-464.8839779005525,2
Harari,Millet,2020,58318.95,0,0,24,2020,1,5,12684.181318681318,-1.0,2,702.5423076923076,0.050681203459444796,64289.84447004608,1,Harari_Millet,Harari_2020,Millet_2020,11020.445,0.0,0.0,0.0,536.2277777777778,-536.2277777777778,536.6666666666666,929.5339333952975,0.0,-536.2277777777778,1
Dire Dawa,Millet,2020,58318.95,0,0,24,2020,1,3,361.5824175824176,-1.0,2,702.5423076923076,0.050681203459444796,64289.84447004608,1,DIRE DAWA_Millet,DIRE DAWA_2020,Millet_2020,11020.445,0.0,0.0,0.0,361.5824175824176,-361.5824175824176,0.0,0.0,0.0,-361.5824175824176,1
Tigray,Millet,2021,9199.73,215725616,2392,25,2020,1,9,1323.2252747252746,-0.692196981549465,2,702.5423076923076,0.0085059125626163,90186.29431438127,0,Tigray_Millet,Tigray_2021,Millet_2021,9199.73,inf,inf,23449.124702572793,1323.2252747252746,1068.7747252747254,797.3333333333334,1381.0218439015848,23449.124702572793,inf,0
Afar,Millet,2021,58318.95,0,0,25,2020,1,0,454.0164835164835,-1.0,2,702.5423076923076,0.050681203459444796,64289.84447004608,1,Afar_Millet,Afar_2021,Millet_2021,11020.445,-1.0,-1.0,0.0,425.4088397790055,-425.4088397790055,797.3333333333334,1381.0218439015848,0.0,-427.4088397790055,2
Amhara,Millet,2021,259903.48,660446344,2541,25,2020,1,1,1654.5824175824175,-0.584152112940571,2,702.5423076923076,0.1570146792330946,259915.9165682802,0,Amhara_Millet,Amhara_2021,Millet_2021,259903.48,inf,inf,2541.121588675919,1625.4222222222222,915.5777777777778,1644.3333333333333,1425.9818839428967,2541.121588675919,inf,0
Oromia,Millet,2021,97266.93,251563241,2586,25,2020,1,6,1857.7087912087911,-0.863028690620575,2,702.5423076923076,0.4657632450652553,97278.90216550656,0,Oromiya_Millet,Oromiya_2021,Millet_2021,97266.93,0.017709563164108655,-0.6191011680428047,2586.3182995494976,1817.2122905027934,768.7877094972066,1709.0,1480.208431269056,2586.3182995494976,768.1863178923279,0
Somali,Millet,2021,58318.95,0,0,25,2020,1,8,549.7857142857143,-1.0,2,702.5423076923076,0.050681203459444796,64289.84447004608,1,Somalia_Millet,Somalia_2021,Millet_2021,11020.445,-1.0,-1.0,0.0,549.7857142857143,-549.7857142857143,1709.0,1480.2084312690563,0.0,-551.7857142857143,2
Benishangul Gumuz,Millet,2021,23553.74,52537630,2231,25,2020,1,2,1183.4835164835165,inf,2,702.5423076923076,0.4469544173925266,23548.915284625728,0,Benushangul Gumuz_Millet,Benushangul Gumuz_2021,Millet_2021,23553.74,inf,inf,2230.543005059918,1148.8333333333333,1082.1666666666667,1605.6666666666667,1401.8310644772193,2230.543005059918,inf,0
SNNPR,Millet,2021,9362.3,22601497,2414,25,2020,1,7,1521.2747252747254,-0.860301657476566,2,702.5423076923076,0.287807069649509,9362.674813587408,0,S.N.N.P.R_Millet,S.N.N.P.R_2021,Millet_2021,9362.3,0.08202599731062299,-0.5698036435979317,2414.096642918941,1491.7666666666667,922.2333333333333,1548.3333333333333,1344.0142608370395,2414.096642918941,921.745555687046,0
Gambela,Millet,2021,58318.95,0,0,25,2020,1,4,485.2197802197802,-1.0,2,702.5423076923076,0.050681203459444796,64289.84447004608,1,Gambela_Millet,Gambela_2021,Millet_2021,44.19,-1.0,-1.0,0.0,462.8839779005525,-462.8839779005525,1548.3333333333333,1344.0142608370395,0.0,-464.8839779005525,2
Harari,Millet,2021,58318.95,0,0,25,2020,1,5,12684.181318681318,-1.0,2,702.5423076923076,0.050681203459444796,64289.84447004608,1,Harari_Millet,Harari_2021,Millet_2021,11020.445,0.0,0.0,0.0,536.2277777777778,-536.2277777777778,804.6666666666666,1393.7235498237571,0.0,-536.2277777777778,1
Dire Dawa,Millet,2021,58318.95,0,0,25,2020,1,3,361.5824175824176,-1.0,2,702.5423076923076,0.050681203459444796,64289.84447004608,1,DIRE DAWA_Millet,DIRE DAWA_2021,Millet_2021,11020.445,0.0,0.0,0.0,361.5824175824176,-361.5824175824176,0.0,0.0,0.0,-361.5824175824176,1
Tigray,Millet,2022,58318.95,0,0,26,2020,1,9,1323.2252747252746,-0.1133742964865565,2,702.5423076923076,-1.0,64289.84447004608,1,Tigray_Millet,Tigray_2022,Millet_2022,64998.11916666666,0.0,0.0,0.0,1323.2252747252746,-1323.2252747252746,0.0,0.0,0.0,-1323.2252747252746,1
Afar,Millet,2022,58318.95,0,0,26,2020,1,0,454.0164835164835,-1.0,2,702.5423076923076,0.050681203459444796,64289.84447004608,1,Afar_Millet,Afar_2022,Millet_2022,11020.445,0.0,0.0,0.0,425.4088397790055,-425.4088397790055,0.0,0.0,0.0,-425.4088397790055,1
Amhara,Millet,2022,243448.48,632893061,2600,26,2020,1,1,1654.5824175824175,-0.586127473966905,2,702.5423076923076,-0.0417191846851983,243420.40807692308,0,Amhara_Millet,Amhara_2022,Millet_2022,243448.48,inf,inf,2599.700195293887,1625.4222222222222,974.5777777777778,866.6666666666666,1501.1106998930275,2599.700195293887,inf,0
Oromia,Millet,2022,90123.82,235107600,2609,26,2020,1,6,1857.7087912087911,-0.858787002941408,2,702.5423076923076,-0.0654135355172976,90114.06669221925,0,Oromiya_Millet,Oromiya_2022,Millet_2022,90123.82,0.003461538461538405,-0.6285192325722149,2608.7176508940697,1817.2122905027934,791.7877094972066,1736.3333333333333,1503.715509440976,2608.7176508940697,791.162651803096,0
Somali,Millet,2022,58318.95,0,0,26,2020,1,8,549.7857142857143,-1.0,2,702.5423076923076,0.050681203459444796,64289.84447004608,1,Somalia_Millet,Somalia_2022,Millet_2022,11020.445,-1.0,-1.0,0.0,549.7857142857143,-549.7857142857143,1736.3333333333333,1503.715509440976,0.0,-551.7857142857143,2
Benishangul Gumuz,Millet,2022,23553.74,52537630,2231,26,2020,1,2,1183.4835164835165,inf,2,702.5423076923076,0.0,23548.915284625728,0,Benushangul Gumuz_Millet,Benushangul Gumuz_2022,Millet_2022,23553.74,inf,inf,2230.543005059918,1148.8333333333333,1082.1666666666667,1613.3333333333333,1409.9128814693954,2230.543005059918,inf,0
SNNPR,Millet,2022,9157.31,21567919,2355,26,2020,1,7,1521.2747252747254,-0.890859978174848,2,702.5423076923076,-0.0457305106825446,9158.352016985138,0,S.N.N.P.R_Millet,S.N.N.P.R_2022,Millet_2022,9157.31,0.055580457194083444,-0.5894767426699682,2355.2679771679677,1491.7666666666667,863.2333333333333,1528.6666666666667,1325.3151826389578,2355.2679771679677,862.6994370478575,0
Gambela,Millet,2022,58318.95,0,0,26,2020,1,4,485.2197802197802,-1.0,2,702.5423076923076,0.050681203459444796,64289.84447004608,1,Gambela_Millet,Gambela_2022,Millet_2022,44.19,-1.0,-1.0,0.0,462.8839779005525,-462.8839779005525,1528.6666666666667,1325.3151826389578,0.0,-464.8839779005525,2
Harari,Millet,2022,58318.95,0,0,26,2020,1,5,12684.181318681318,-1.0,2,702.5423076923076,0.050681203459444796,64289.84447004608,1,Harari_Millet,Harari_2022,Millet_2022,11020.445,0.0,0.0,0.0,536.2277777777778,-536.2277777777778,785.0,1359.6598839415697,0.0,-536.2277777777778,1
Dire Dawa,Millet,2022,58318.95,0,0,26,2020,1,3,361.5824175824176,-1.0,2,702.5423076923076,0.050681203459444796,64289.84447004608,1,DIRE DAWA_Millet,DIRE DAWA_2022,Millet_2022,11020.445,0.0,0.0,0.0,361.5824175824176,-361.5824175824176,0.0,0.0,0.0,-361.5824175824176,1
Tigray,Oats,1996,35781.0,0,0,0,1990,0,9,1323.2252747252746,-1.0,3,382.8538461538462,0.050681203459444796,64289.84447004608,1,Tigray_Oats,Tigray_1996,Oats_1996,436.4225,0.0,0.0,0.0,1323.2252747252746,-1323.2252747252746,0.0,0.0,0.0,-1323.2252747252746,1
Afar,Oats,1996,58318.95,0,0,0,1990,0,0,454.0164835164835,-0.1133742964865565,3,382.8538461538462,0.050681203459444796,64289.84447004608,1,Afar_Oats,Afar_1996,Oats_1996,11020.445,0.0,0.0,0.0,425.4088397790055,-425.4088397790055,0.0,0.0,0.0,-425.4088397790055,1
Amhara,Oats,1996,7990.0,7397000,926,0,1990,0,1,1654.5824175824175,-0.953763548399194,3,382.8538461538462,inf,7988.120950323974,0,Amhara_Oats,Amhara_1996,Oats_1996,7990.0,inf,inf,925.7822277847309,1625.4222222222222,-699.4222222222222,308.6666666666667,534.6263492695934,925.7822277847309,inf,1
Oromia,Oats,1996,36800.0,57662000,1567,0,1990,0,6,1857.7087912087911,0.3559872072241556,3,382.8538461538462,12.889946109071078,36797.70261646458,0,Oromiya_Oats,Oromiya_1996,Oats_1996,36800.0,0.6922246220302375,6.795322428011356,1566.9021739130435,1817.2122905027934,-250.2122905027934,831.0,787.8077176570436,1566.9021739130435,-242.7247434527518,1
Somali,Oats,1996,58318.95,0,0,0,1990,0,8,549.7857142857143,-0.1133742964865565,3,382.8538461538462,-1.0,64289.84447004608,1,Somalia_Oats,Somalia_1996,Oats_1996,321.82,-1.0,-1.0,0.0,549.7857142857143,-549.7857142857143,831.0,787.8077176570436,0.0,-551.7857142857143,2
Benishangul Gumuz,Oats,1996,58318.95,0,0,0,1990,0,2,1183.4835164835165,-1.0,3,382.8538461538462,0.050681203459444796,64289.84447004608,1,Benushangul Gumuz_Oats,Benushangul Gumuz_1996,Oats_1996,50.75666666666666,0.0,0.0,0.0,1148.8333333333333,-1148.8333333333333,522.3333333333334,904.7078718201435,0.0,-1148.8333333333333,1
SNNPR,Oats,1996,58318.95,0,0,0,1990,0,7,1521.2747252747254,-0.1133742964865565,3,382.8538461538462,0.050681203459444796,64289.84447004608,1,S.N.N.P.R_Oats,S.N.N.P.R_1996,Oats_1996,380.15,0.0,0.0,0.0,1491.7666666666667,-1491.7666666666667,0.0,0.0,0.0,-1491.7666666666667,1
Gambela,Oats,1996,58318.95,0,0,0,1990,0,4,485.2197802197802,-0.1133742964865565,3,382.8538461538462,-1.0,64289.84447004608,1,Gambela_Oats,Gambela_1996,Oats_1996,11020.445,0.0,0.0,0.0,462.8839779005525,-462.8839779005525,0.0,0.0,0.0,-462.8839779005525,1
Harari,Oats,1996,58318.95,0,0,0,1990,0,5,12684.181318681318,-0.1133742964865565,3,382.8538461538462,0.050681203459444796,64289.84447004608,1,Harari_Oats,Harari_1996,Oats_1996,14.5,0.0,0.0,0.0,536.2277777777778,-536.2277777777778,0.0,0.0,0.0,-536.2277777777778,1
Dire Dawa,Oats,1996,58318.95,0,0,0,1990,0,3,361.5824175824176,-0.1133742964865565,3,382.8538461538462,0.050681203459444796,64289.84447004608,1,DIRE DAWA_Oats,DIRE DAWA_1996,Oats_1996,11020.445,0.0,0.0,0.0,361.5824175824176,-361.5824175824176,0.0,0.0,0.0,-361.5824175824176,1
Tigray,Oats,1997,55431.0,0,0,1,1990,0,9,1323.2252747252746,-1.0,3,382.8538461538462,0.050681203459444796,64289.84447004608,1,Tigray_Oats,Tigray_1997,Oats_1997,436.4225,0.0,0.0,0.0,1323.2252747252746,-1323.2252747252746,0.0,0.0,0.0,-1323.2252747252746,1
Afar,Oats,1997,58318.95,0,0,1,1990,0,0,454.0164835164835,-0.1133742964865565,3,382.8538461538462,0.050681203459444796,64289.84447004608,1,Afar_Oats,Afar_1997,Oats_1997,11020.445,0.0,0.0,0.0,425.4088397790055,-425.4088397790055,0.0,0.0,0.0,-425.4088397790055,1
Amhara,Oats,1997,9230.0,7289000,790,1,1990,0,1,1654.5824175824175,-0.961658031088082,3,382.8538461538462,-0.014600513721779,9226.582278481012,0,Amhara_Oats,Amhara_1997,Oats_1997,9230.0,inf,inf,789.7074756229686,1625.4222222222222,-835.4222222222222,263.3333333333333,456.1067126598043,789.7074756229686,inf,1
Oromia,Oats,1997,33900.0,40451000,1193,1,1990,0,6,1857.7087912087911,-0.0300915935357023,3,382.8538461538462,-0.298480801914605,33906.957250628664,0,Oromiya_Oats,Oromiya_1997,Oats_1997,33900.0,0.5101265822784811,4.549595280559748,1193.244837758112,1817.2122905027934,-624.2122905027934,661.0,606.8714855716983,1193.244837758112,-619.1525686399551,1
Somali,Oats,1997,130.0,0,0,1,1990,0,8,549.7857142857143,-0.1133742964865565,3,382.8538461538462,0.050681203459444796,64289.84447004608,0,Somalia_Oats,Somalia_1997,Oats_1997,130.0,-1.0,-1.0,0.0,549.7857142857143,-549.7857142857143,661.0,606.8714855716983,0.0,-551.7857142857143,2
Benishangul Gumuz,Oats,1997,58318.95,0,0,1,1990,0,2,1183.4835164835165,-1.0,3,382.8538461538462,0.050681203459444796,64289.84447004608,1,Benushangul Gumuz_Oats,Benushangul Gumuz_1997,Oats_1997,50.75666666666666,0.0,0.0,0.0,1148.8333333333333,-1148.8333333333333,397.6666666666667,688.7788711432236,0.0,-1148.8333333333333,1
SNNPR,Oats,1997,58318.95,0,0,1,1990,0,7,1521.2747252747254,-0.1133742964865565,3,382.8538461538462,0.050681203459444796,64289.84447004608,1,S.N.N.P.R_Oats,S.N.N.P.R_1997,Oats_1997,380.15,0.0,0.0,0.0,1491.7666666666667,-1491.7666666666667,0.0,0.0,0.0,-1491.7666666666667,1
Gambela,Oats,1997,58318.95,0,0,1,1990,0,4,485.2197802197802,-0.1133742964865565,3,382.8538461538462,0.050681203459444796,64289.84447004608,1,Gambela_Oats,Gambela_1997,Oats_1997,11020.445,0.0,0.0,0.0,462.8839779005525,-462.8839779005525,0.0,0.0,0.0,-462.8839779005525,1
Harari,Oats,1997,58318.95,0,0,1,1990,0,5,12684.181318681318,-0.1133742964865565,3,382.8538461538462,0.050681203459444796,64289.84447004608,1,Harari_Oats,Harari_1997,Oats_1997,14.5,0.0,0.0,0.0,536.2277777777778,-536.2277777777778,0.0,0.0,0.0,-536.2277777777778,1
Dire Dawa,Oats,1997,58318.95,0,0,1,1990,0,3,361.5824175824176,-0.1133742964865565,3,382.8538461538462,0.050681203459444796,64289.84447004608,1,DIRE DAWA_Oats,DIRE DAWA_1997,Oats_1997,11020.445,0.0,0.0,0.0,361.5824175824176,-361.5824175824176,0.0,0.0,0.0,-361.5824175824176,1
Tigray,Oats,1998,58318.95,0,0,2,1990,0,9,1323.2252747252746,-1.0,3,382.8538461538462,0.050681203459444796,64289.84447004608,1,Tigray_Oats,Tigray_1998,Oats_1998,436.4225,0.0,0.0,0.0,1323.2252747252746,-1323.2252747252746,0.0,0.0,0.0,-1323.2252747252746,1
Afar,Oats,1998,58318.95,0,0,2,1990,0,0,454.0164835164835,-0.1133742964865565,3,382.8538461538462,0.050681203459444796,64289.84447004608,1,Afar_Oats,Afar_1998,Oats_1998,11020.445,0.0,0.0,0.0,425.4088397790055,-425.4088397790055,0.0,0.0,0.0,-425.4088397790055,1
Amhara,Oats,1998,8020.0,6883000,858,2,1990,0,1,1654.5824175824175,-0.951855685967292,3,382.8538461538462,-0.0557003704211825,8022.144522144522,0,Amhara_Oats,Amhara_1998,Oats_1998,8020.0,inf,inf,858.2294264339153,1625.4222222222222,-767.4222222222222,286.0,495.3665309646988,858.2294264339153,inf,1
Oromia,Oats,1998,31600.0,33998000,1076,2,1990,0,6,1857.7087912087911,-0.113087939895129,3,382.8538461538462,-0.159526340510741,31596.654275092937,0,Oromiya_Oats,Oromiya_1998,Oats_1998,31600.0,0.254079254079254,3.9394159523463603,1075.886075949367,1817.2122905027934,-741.2122905027934,644.6666666666666,568.8385828451982,1075.886075949367,-737.0187952963678,1
Somali,Oats,1998,58318.95,0,0,2,1990,0,8,549.7857142857143,-0.1133742964865565,3,382.8538461538462,0.050681203459444796,64289.84447004608,1,Somalia_Oats,Somalia_1998,Oats_1998,321.82,-1.0,-1.0,0.0,549.7857142857143,-549.7857142857143,644.6666666666666,568.8385828451982,0.0,-551.7857142857143,2
Benishangul Gumuz,Oats,1998,58318.95,3000,0,2,1990,0,2,1183.4835164835165,inf,3,382.8538461538462,inf,inf,1,Benushangul Gumuz_Oats,Benushangul Gumuz_1998,Oats_1998,50.75666666666666,0.0,inf,0.05144125537239611,1148.8333333333333,-1148.8333333333333,358.6666666666667,621.2288896480375,0.05144125537239611,inf,1
SNNPR,Oats,1998,58318.95,0,0,2,1990,0,7,1521.2747252747254,-1.0,3,382.8538461538462,0.050681203459444796,64289.84447004608,1,S.N.N.P.R_Oats,S.N.N.P.R_1998,Oats_1998,380.15,0.0,-1.0,0.0,1491.7666666666667,-1491.7666666666667,0.0,0.0,0.0,-1492.7666666666667,1
Gambela,Oats,1998,58318.95,0,0,2,1990,0,4,485.2197802197802,-0.1133742964865565,3,382.8538461538462,0.050681203459444796,64289.84447004608,1,Gambela_Oats,Gambela_1998,Oats_1998,11020.445,0.0,0.0,0.0,462.8839779005525,-462.8839779005525,0.0,0.0,0.0,-462.8839779005525,1
Harari,Oats,1998,58318.95,0,0,2,1990,0,5,12684.181318681318,-0.1133742964865565,3,382.8538461538462,0.050681203459444796,64289.84447004608,1,Harari_Oats,Harari_1998,Oats_1998,14.5,0.0,0.0,0.0,536.2277777777778,-536.2277777777778,0.0,0.0,0.0,-536.2277777777778,1
Dire Dawa,Oats,1998,58318.95,0,0,2,1990,0,3,361.5824175824176,-0.1133742964865565,3,382.8538461538462,0.050681203459444796,64289.84447004608,1,DIRE DAWA_Oats,DIRE DAWA_1998,Oats_1998,11020.445,0.0,0.0,0.0,361.5824175824176,-361.5824175824176,0.0,0.0,0.0,-361.5824175824176,1
Tigray,Oats,1999,460.0,0,0,3,1990,0,9,1323.2252747252746,-1.0,3,382.8538461538462,0.050681203459444796,64289.84447004608,0,Tigray_Oats,Tigray_1999,Oats_1999,460.0,0.0,0.0,0.0,1323.2252747252746,-1323.2252747252746,0.0,0.0,0.0,-1323.2252747252746,1
Afar,Oats,1999,58318.95,0,0,3,1990,0,0,454.0164835164835,-0.1133742964865565,3,382.8538461538462,0.050681203459444796,64289.84447004608,1,Afar_Oats,Afar_1999,Oats_1999,11020.445,0.0,0.0,0.0,425.4088397790055,-425.4088397790055,0.0,0.0,0.0,-425.4088397790055,1
Amhara,Oats,1999,58318.95,8235000,0,3,1990,0,1,1654.5824175824175,-0.962227889440321,3,382.8538461538462,0.1964259770448932,inf,1,Amhara_Oats,Amhara_1999,Oats_1999,6400.261600000001,0.0,inf,141.2062459972273,1625.4222222222222,-1625.4222222222222,0.0,0.0,141.2062459972273,inf,1
Oromia,Oats,1999,58318.95,30670000,0,3,1990,0,6,1857.7087912087911,-0.466877574788367,3,382.8538461538462,-0.0978881110653567,inf,1,Oromiya_Oats,Oromiya_1999,Oats_1999,23732.12958333333,0.0,2.72434729811779,525.9011007571296,1817.2122905027934,-1817.2122905027934,0.0,0.0,525.9011007571296,-1814.4879432046755,1
Somali,Oats,1999,58318.95,0,0,3,1990,0,8,549.7857142857143,-0.1133742964865565,3,382.8538461538462,0.050681203459444796,64289.84447004608,1,Somalia_Oats,Somalia_1999,Oats_1999,321.82,0.0,-1.0,0.0,549.7857142857143,-549.7857142857143,0.0,0.0,0.0,-550.7857142857143,1
Benishangul Gumuz,Oats,1999,58318.95,0,0,3,1990,0,2,1183.4835164835165,-1.0,3,382.8538461538462,-1.0,64289.84447004608,1,Benushangul Gumuz_Oats,Benushangul Gumuz_1999,Oats_1999,50.75666666666666,0.0,0.0,0.0,1148.8333333333333,-1148.8333333333333,0.0,0.0,0.0,-1148.8333333333333,1
SNNPR,Oats,1999,58318.95,0,0,3,1990,0,7,1521.2747252747254,-1.0,3,382.8538461538462,0.050681203459444796,64289.84447004608,1,S.N.N.P.R_Oats,S.N.N.P.R_1999,Oats_1999,380.15,0.0,0.0,0.0,1491.7666666666667,-1491.7666666666667,0.0,0.0,0.0,-1491.7666666666667,1
Gambela,Oats,1999,58318.95,0,0,3,1990,0,4,485.2197802197802,-0.1133742964865565,3,382.8538461538462,0.050681203459444796,64289.84447004608,1,Gambela_Oats,Gambela_1999,Oats_1999,11020.445,0.0,0.0,0.0,462.8839779005525,-462.8839779005525,0.0,0.0,0.0,-462.8839779005525,1
Harari,Oats,1999,58318.95,0,0,3,1990,0,5,12684.181318681318,-0.1133742964865565,3,382.8538461538462,0.050681203459444796,64289.84447004608,1,Harari_Oats,Harari_1999,Oats_1999,14.5,0.0,0.0,0.0,536.2277777777778,-536.2277777777778,0.0,0.0,0.0,-536.2277777777778,1
Dire Dawa,Oats,1999,58318.95,0,0,3,1990,0,3,361.5824175824176,-0.1133742964865565,3,382.8538461538462,0.050681203459444796,64289.84447004608,1,DIRE DAWA_Oats,DIRE DAWA_1999,Oats_1999,11020.445,0.0,0.0,0.0,361.5824175824176,-361.5824175824176,0.0,0.0,0.0,-361.5824175824176,1
Tigray,Oats,2000,57211.0,0,0,4,2000,0,9,1323.2252747252746,-1.0,3,382.8538461538462,0.050681203459444796,64289.84447004608,1,Tigray_Oats,Tigray_2000,Oats_2000,436.4225,0.0,0.0,0.0,1323.2252747252746,-1323.2252747252746,0.0,0.0,0.0,-1323.2252747252746,1
Afar,Oats,2000,58318.95,0,0,4,2000,0,0,454.0164835164835,-0.1133742964865565,3,382.8538461538462,0.050681203459444796,64289.84447004608,1,Afar_Oats,Afar_2000,Oats_2000,11020.445,0.0,0.0,0.0,425.4088397790055,-425.4088397790055,0.0,0.0,0.0,-425.4088397790055,1
Amhara,Oats,2000,11460.0,9663000,843,4,2000,0,1,1654.5824175824175,-0.941716477776504,3,382.8538461538462,0.1734061930783241,11462.633451957296,0,Amhara_Oats,Amhara_2000,Oats_2000,11460.0,inf,inf,843.1937172774869,1625.4222222222222,-782.4222222222222,281.0,486.7062769268547,843.1937172774869,inf,1
Oromia,Oats,2000,29650.0,32974000,1112,4,2000,0,6,1857.7087912087911,-0.489708749883933,3,382.8538461538462,0.0751222693185522,29652.877697841726,0,Oromiya_Oats,Oromiya_2000,Oats_2000,29650.0,0.31909845788849345,2.4123978060643694,1112.1079258010118,1817.2122905027934,-705.2122905027934,651.6666666666666,580.1657809051939,1112.1079258010118,-702.4807942388405,1
Somali,Oats,2000,58318.95,0,0,4,2000,0,8,549.7857142857143,-0.1133742964865565,3,382.8538461538462,0.050681203459444796,64289.84447004608,1,Somalia_Oats,Somalia_2000,Oats_2000,321.82,-1.0,-1.0,0.0,549.7857142857143,-549.7857142857143,651.6666666666666,580.1657809051939,0.0,-551.7857142857143,2
Benishangul Gumuz,Oats,2000,58318.95,0,0,4,2000,0,2,1183.4835164835165,-1.0,3,382.8538461538462,0.050681203459444796,64289.84447004608,1,Benushangul Gumuz_Oats,Benushangul Gumuz_2000,Oats_2000,50.75666666666666,0.0,0.0,0.0,1148.8333333333333,-1148.8333333333333,370.6666666666667,642.0134993388639,0.0,-1148.8333333333333,1
SNNPR,Oats,2000,60.0,0,0,4,2000,0,7,1521.2747252747254,-1.0,3,382.8538461538462,0.050681203459444796,64289.84447004608,0,S.N.N.P.R_Oats,S.N.N.P.R_2000,Oats_2000,60.0,0.0,0.0,0.0,1491.7666666666667,-1491.7666666666667,0.0,0.0,0.0,-1491.7666666666667,1
Gambela,Oats,2000,58318.95,0,0,4,2000,0,4,485.2197802197802,-0.1133742964865565,3,382.8538461538462,0.050681203459444796,64289.84447004608,1,Gambela_Oats,Gambela_2000,Oats_2000,11020.445,0.0,0.0,0.0,462.8839779005525,-462.8839779005525,0.0,0.0,0.0,-462.8839779005525,1
Harari,Oats,2000,58318.95,0,0,4,2000,0,5,12684.181318681318,-0.1133742964865565,3,382.8538461538462,0.050681203459444796,64289.84447004608,1,Harari_Oats,Harari_2000,Oats_2000,14.5,0.0,0.0,0.0,536.2277777777778,-536.2277777777778,0.0,0.0,0.0,-536.2277777777778,1
Dire Dawa,Oats,2000,58318.95,0,0,4,2000,0,3,361.5824175824176,-0.1133742964865565,3,382.8538461538462,0.050681203459444796,64289.84447004608,1,DIRE DAWA_Oats,DIRE DAWA_2000,Oats_2000,11020.445,0.0,0.0,0.0,361.5824175824176,-361.5824175824176,0.0,0.0,0.0,-361.5824175824176,1
Tigray,Oats,2001,65091.0,0,0,5,2000,0,9,1323.2252747252746,-1.0,3,382.8538461538462,0.050681203459444796,64289.84447004608,1,Tigray_Oats,Tigray_2001,Oats_2001,436.4225,0.0,0.0,0.0,1323.2252747252746,-1323.2252747252746,0.0,0.0,0.0,-1323.2252747252746,1
Afar,Oats,2001,58318.95,0,0,5,2000,0,0,454.0164835164835,-0.1133742964865565,3,382.8538461538462,0.050681203459444796,64289.84447004608,1,Afar_Oats,Afar_2001,Oats_2001,11020.445,0.0,0.0,0.0,425.4088397790055,-425.4088397790055,0.0,0.0,0.0,-425.4088397790055,1
Amhara,Oats,2001,12910.0,12873000,997,5,2000,0,1,1654.5824175824175,-0.928062900954467,3,382.8538461538462,0.332194970506054,12911.735205616853,0,Amhara_Oats,Amhara_2001,Oats_2001,12910.0,inf,inf,997.13400464756,1625.4222222222222,-628.4222222222222,332.3333333333333,575.6182183820569,997.13400464756,inf,1
Oromia,Oats,2001,27410.0,36350000,1326,5,2000,0,6,1857.7087912087911,-0.251780494833477,3,382.8538461538462,0.1023836962455266,27413.273001508296,0,Oromiya_Oats,Oromiya_2001,Oats_2001,27410.0,0.3299899699097293,1.8237396100365104,1326.1583363735863,1817.2122905027934,-491.2122905027934,774.3333333333334,690.4739917863186,1326.1583363735863,-489.05856092284716,1
Somali,Oats,2001,150.0,0,0,5,2000,0,8,549.7857142857143,-0.1133742964865565,3,382.8538461538462,0.050681203459444796,64289.84447004608,0,Somalia_Oats,Somalia_2001,Oats_2001,150.0,-1.0,-1.0,0.0,549.7857142857143,-549.7857142857143,774.3333333333334,690.4739917863186,0.0,-551.7857142857143,2
Benishangul Gumuz,Oats,2001,58318.95,0,0,5,2000,0,2,1183.4835164835165,-1.0,3,382.8538461538462,0.050681203459444796,64289.84447004608,1,Benushangul Gumuz_Oats,Benushangul Gumuz_2001,Oats_2001,50.75666666666666,0.0,0.0,0.0,1148.8333333333333,-1148.8333333333333,442.0,765.5664569454437,0.0,-1148.8333333333333,1
SNNPR,Oats,2001,90.0,44000,489,5,2000,0,7,1521.2747252747254,-0.987935289278859,3,382.8538461538462,inf,89.97955010224949,0,S.N.N.P.R_Oats,S.N.N.P.R_2001,Oats_2001,90.0,inf,inf,488.8888888888889,1491.7666666666667,-1002.7666666666667,163.0,282.3242816337273,488.8888888888889,inf,1
Gambela,Oats,2001,58318.95,0,0,5,2000,0,4,485.2197802197802,-0.1133742964865565,3,382.8538461538462,0.050681203459444796,64289.84447004608,1,Gambela_Oats,Gambela_2001,Oats_2001,11020.445,-1.0,-1.0,0.0,462.8839779005525,-462.8839779005525,163.0,282.3242816337273,0.0,-464.8839779005525,2
Harari,Oats,2001,58318.95,0,0,5,2000,0,5,12684.181318681318,-0.1133742964865565,3,382.8538461538462,0.050681203459444796,64289.84447004608,1,Harari_Oats,Harari_2001,Oats_2001,14.5,0.0,0.0,0.0,536.2277777777778,-536.2277777777778,163.0,282.3242816337273,0.0,-536.2277777777778,1
Dire Dawa,Oats,2001,58318.95,0,0,5,2000,0,3,361.5824175824176,-0.1133742964865565,3,382.8538461538462,0.050681203459444796,64289.84447004608,1,DIRE DAWA_Oats,DIRE DAWA_2001,Oats_2001,11020.445,0.0,0.0,0.0,361.5824175824176,-361.5824175824176,0.0,0.0,0.0,-361.5824175824176,1
Tigray,Oats,2002,404.09,315376,780,6,2000,0,9,1323.2252747252746,-0.994616085200021,3,382.8538461538462,inf,404.3282051282051,0,Tigray_Oats,Tigray_2002,Oats_2002,404.09,inf,inf,780.4597985597269,1323.2252747252746,-543.2252747252746,260.0,450.3332099679082,780.4597985597269,inf,1
Afar,Oats,2002,58318.95,0,0,6,2000,0,0,454.0164835164835,-0.1133742964865565,3,382.8538461538462,0.050681203459444796,64289.84447004608,1,Afar_Oats,Afar_2002,Oats_2002,11020.445,-1.0,-1.0,0.0,425.4088397790055,-425.4088397790055,260.0,450.3332099679082,0.0,-427.4088397790055,2
Amhara,Oats,2002,8996.12,9433917,1049,6,2000,0,1,1654.5824175824175,-0.943802835643078,3,382.8538461538462,-0.267154742484269,8993.247855100095,0,Amhara_Oats,Amhara_2002,Oats_2002,8996.12,inf,inf,1048.6650911726388,1625.4222222222222,-576.4222222222222,609.6666666666666,544.8489087199619,1048.6650911726388,inf,1
Oromia,Oats,2002,19366.68,24358790,1258,6,2000,0,6,1857.7087912087911,-0.554277530694896,3,382.8538461538462,-0.329881980742778,19363.108108108107,0,Oromiya_Oats,Oromiya_2002,Oats_2002,19366.68,0.19923736892278354,1.5820441286477291,1257.7679808826292,1817.2122905027934,-559.2122905027934,769.0,674.1223924481369,1257.7679808826292,-557.4310090052229,1
Somali,Oats,2002,432.63,395460,914,6,2000,0,8,549.7857142857143,inf,3,382.8538461538462,inf,432.6695842450766,0,Somalia_Oats,Somalia_2002,Oats_2002,432.63,-0.27344992050874406,-0.9837652034440134,914.0836280424381,549.7857142857143,364.21428571428567,1073.6666666666667,173.32147395326734,914.0836280424381,362.95707059033293,0
Benishangul Gumuz,Oats,2002,27.6,21381,775,6,2000,0,2,1183.4835164835165,-0.99892442356352,3,382.8538461538462,inf,27.588387096774195,0,Benushangul Gumuz_Oats,Benushangul Gumuz_2002,Oats_2002,27.6,-0.15207877461706787,-0.945933849188287,774.6739130434783,1148.8333333333333,-373.83333333333326,982.3333333333334,248.64499458732953,774.6739130434783,-374.9313459571386,2
SNNPR,Oats,2002,626.57,627942,1002,6,2000,0,7,1521.2747252747254,-0.87811327544732,3,382.8538461538462,13.27140909090909,626.688622754491,0,S.N.N.P.R_Oats,S.N.N.P.R_2002,Oats_2002,626.57,0.2929032258064517,28.36915953416585,1002.1896994749189,1491.7666666666667,-489.76666666666665,897.0,114.45086281893991,1002.1896994749189,-461.10460390669436,1
Gambela,Oats,2002,58318.95,0,0,6,2000,0,4,485.2197802197802,-1.0,3,382.8538461538462,0.050681203459444796,64289.84447004608,1,Gambela_Oats,Gambela_2002,Oats_2002,11020.445,-1.0,-1.0,0.0,462.8839779005525,-462.8839779005525,592.3333333333334,525.3820831864493,0.0,-464.8839779005525,2
Harari,Oats,2002,58318.95,0,0,6,2000,0,5,12684.181318681318,-0.1133742964865565,3,382.8538461538462,0.050681203459444796,64289.84447004608,1,Harari_Oats,Harari_2002,Oats_2002,14.5,0.0,0.0,0.0,536.2277777777778,-536.2277777777778,334.0,578.5049697280048,0.0,-536.2277777777778,1
Dire Dawa,Oats,2002,58318.95,0,0,6,2000,0,3,361.5824175824176,-0.1133742964865565,3,382.8538461538462,0.050681203459444796,64289.84447004608,1,DIRE DAWA_Oats,DIRE DAWA_2002,Oats_2002,11020.445,0.0,0.0,0.0,361.5824175824176,-361.5824175824176,0.0,0.0,0.0,-361.5824175824176,1
Tigray,Oats,2004,51710.0,0,0,8,2000,0,9,1323.2252747252746,-1.0,3,382.8538461538462,-1.0,64289.84447004608,1,Tigray_Oats,Tigray_2004,Oats_2004,436.4225,0.0,0.0,0.0,1323.2252747252746,-1323.2252747252746,0.0,0.0,0.0,-1323.2252747252746,1
Afar,Oats,2004,58318.95,0,0,8,2000,0,0,454.0164835164835,-0.1133742964865565,3,382.8538461538462,0.050681203459444796,64289.84447004608,1,Afar_Oats,Afar_2004,Oats_2004,11020.445,0.0,0.0,0.0,425.4088397790055,-425.4088397790055,0.0,0.0,0.0,-425.4088397790055,1
Amhara,Oats,2004,8776.0,8386200,956,8,2000,0,1,1654.5824175824175,-0.946097565835438,3,382.8538461538462,-0.11105853485885,8772.175732217573,0,Amhara_Oats,Amhara_2004,Oats_2004,8776.0,inf,inf,955.5834092980857,1625.4222222222222,-669.4222222222222,318.6666666666667,551.9468573452821,955.5834092980857,inf,1
Oromia,Oats,2004,19998.0,29206100,1460,8,2000,0,6,1857.7087912087911,-0.566462164653561,3,382.8538461538462,0.1989963376670187,20004.178082191786,0,Oromiya_Oats,Oromiya_2004,Oats_2004,19998.0,0.5271966527196652,2.4826381436168945,1460.4510451045105,1817.2122905027934,-357.2122905027934,805.3333333333334,741.5695067445353,1460.4510451045105,-354.2024557064568,1
Somali,Oats,2004,470.0,632100,1345,8,2000,0,8,549.7857142857143,inf,3,382.8538461538462,0.5983917463207404,469.9628252788104,0,Somalia_Oats,Somalia_2004,Oats_2004,470.0,-0.07876712328767121,-0.9783572609831508,1344.8936170212767,549.7857142857143,795.2142857142857,1253.6666666666667,264.1218153302246,1344.8936170212767,794.1571613300148,0
Benishangul Gumuz,Oats,2004,58318.95,0,0,8,2000,0,2,1183.4835164835165,-1.0,3,382.8538461538462,-1.0,64289.84447004608,1,Benushangul Gumuz_Oats,Benushangul Gumuz_2004,Oats_2004,50.75666666666666,-1.0,-1.0,0.0,1148.8333333333333,-1148.8333333333333,935.0,811.7727514520303,0.0,-1150.8333333333333,2
SNNPR,Oats,2004,372.0,325500,875,8,2000,0,7,1521.2747252747254,-0.958794860434204,3,382.8538461538462,-0.481640024078656,372.0,0,S.N.N.P.R_Oats,S.N.N.P.R_2004,Oats_2004,372.0,inf,inf,875.0,1491.7666666666667,-616.7666666666667,740.0,682.5869907931149,875.0,inf,1
Gambela,Oats,2004,58318.95,0,0,8,2000,0,4,485.2197802197802,-0.1133742964865565,3,382.8538461538462,0.050681203459444796,64289.84447004608,1,Gambela_Oats,Gambela_2004,Oats_2004,11020.445,-1.0,-1.0,0.0,462.8839779005525,-462.8839779005525,291.6666666666667,505.18148554092244,0.0,-464.8839779005525,2
Harari,Oats,2004,58318.95,0,0,8,2000,0,5,12684.181318681318,-0.1133742964865565,3,382.8538461538462,0.050681203459444796,64289.84447004608,1,Harari_Oats,Harari_2004,Oats_2004,14.5,0.0,0.0,0.0,536.2277777777778,-536.2277777777778,291.6666666666667,505.18148554092244,0.0,-536.2277777777778,1
Dire Dawa,Oats,2004,58318.95,0,0,8,2000,0,3,361.5824175824176,-0.1133742964865565,3,382.8538461538462,0.050681203459444796,64289.84447004608,1,DIRE DAWA_Oats,DIRE DAWA_2004,Oats_2004,11020.445,0.0,0.0,0.0,361.5824175824176,-361.5824175824176,0.0,0.0,0.0,-361.5824175824176,1
Tigray,Oats,2005,58318.95,0,0,9,2000,0,9,1323.2252747252746,-1.0,3,382.8538461538462,0.050681203459444796,64289.84447004608,1,Tigray_Oats,Tigray_2005,Oats_2005,436.4225,0.0,0.0,0.0,1323.2252747252746,-1323.2252747252746,0.0,0.0,0.0,-1323.2252747252746,1
Afar,Oats,2005,58318.95,0,0,9,2000,0,0,454.0164835164835,-0.1133742964865565,3,382.8538461538462,0.050681203459444796,64289.84447004608,1,Afar_Oats,Afar_2005,Oats_2005,11020.445,0.0,0.0,0.0,425.4088397790055,-425.4088397790055,0.0,0.0,0.0,-425.4088397790055,1
Amhara,Oats,2005,8496.0,10313600,1214,9,2000,0,1,1654.5824175824175,-0.93098685795348,3,382.8538461538462,0.2298299587417422,8495.551894563427,0,Amhara_Oats,Amhara_2005,Oats_2005,8496.0,inf,inf,1213.9359698681733,1625.4222222222222,-411.4222222222222,404.6666666666667,700.9032267962057,1213.9359698681733,inf,1
Oromia,Oats,2005,34807.0,45354900,1303,9,2000,0,6,1857.7087912087911,-0.585052336310082,3,382.8538461538462,0.5529255874628931,34808.05832693783,0,Oromiya_Oats,Oromiya_2005,Oats_2005,34807.0,0.0733113673805601,3.397581833695315,1303.0396184675496,1817.2122905027934,-514.2122905027934,839.0,727.9567294832846,1303.0396184675496,-510.74139730171754,1
Somali,Oats,2005,490.0,391600,799,9,2000,0,8,549.7857142857143,inf,3,382.8538461538462,-0.38047777250435,490.1126408010013,0,Somalia_Oats,Somalia_2005,Oats_2005,490.0,-0.3867996930161166,-0.9913658722651797,799.1836734693877,549.7857142857143,249.21428571428567,1105.3333333333333,268.99876083977284,799.1836734693877,247.83612014900436,0
Benishangul Gumuz,Oats,2005,58318.95,0,0,9,2000,0,2,1183.4835164835165,-1.0,3,382.8538461538462,0.050681203459444796,64289.84447004608,1,Benushangul Gumuz_Oats,Benushangul Gumuz_2005,Oats_2005,50.75666666666666,-1.0,-1.0,0.0,1148.8333333333333,-1148.8333333333333,700.6666666666666,657.0421092542954,0.0,-1150.8333333333333,2
SNNPR,Oats,2005,506.0,486200,962,9,2000,0,7,1521.2747252747254,-0.915358100344695,3,382.8538461538462,0.4937019969278033,505.4054054054054,0,S.N.N.P.R_Oats,S.N.N.P.R_2005,Oats_2005,506.0,inf,inf,960.8695652173913,1491.7666666666667,-529.7666666666667,587.0,514.8485214118809,960.8695652173913,inf,1
Gambela,Oats,2005,58318.95,0,0,9,2000,0,4,485.2197802197802,-0.1133742964865565,3,382.8538461538462,0.050681203459444796,64289.84447004608,1,Gambela_Oats,Gambela_2005,Oats_2005,11020.445,-1.0,-1.0,0.0,462.8839779005525,-462.8839779005525,320.6666666666667,555.4109589604201,0.0,-464.8839779005525,2
Harari,Oats,2005,58318.95,0,0,9,2000,0,5,12684.181318681318,-0.1133742964865565,3,382.8538461538462,0.050681203459444796,64289.84447004608,1,Harari_Oats,Harari_2005,Oats_2005,14.5,0.0,0.0,0.0,536.2277777777778,-536.2277777777778,320.6666666666667,555.4109589604201,0.0,-536.2277777777778,1
Dire Dawa,Oats,2005,58318.95,0,0,9,2000,0,3,361.5824175824176,-0.1133742964865565,3,382.8538461538462,0.050681203459444796,64289.84447004608,1,DIRE DAWA_Oats,DIRE DAWA_2005,Oats_2005,11020.445,0.0,0.0,0.0,361.5824175824176,-361.5824175824176,0.0,0.0,0.0,-361.5824175824176,1
Tigray,Oats,2006,677.77,567289,837,10,2000,0,9,1323.2252747252746,0.0,3,382.8538461538462,inf,677.7646356033453,0,Tigray_Oats,Tigray_2006,Oats_2006,677.77,inf,inf,836.9933753338154,1323.2252747252746,-486.22527472527463,279.0,483.24217531171695,836.9933753338154,inf,1
Afar,Oats,2006,58318.95,0,0,10,2000,0,0,454.0164835164835,-0.1133742964865565,3,382.8538461538462,0.050681203459444796,64289.84447004608,1,Afar_Oats,Afar_2006,Oats_2006,11020.445,-1.0,-1.0,0.0,425.4088397790055,-425.4088397790055,279.0,483.24217531171695,0.0,-427.4088397790055,2
Amhara,Oats,2006,8300.75,7401725,892,10,2000,0,1,1654.5824175824175,-0.959921248445889,3,382.8538461538462,-0.282333520788085,8297.897982062781,0,Amhara_Oats,Amhara_2006,Oats_2006,8300.75,inf,inf,891.6935216697286,1625.4222222222222,-733.4222222222222,576.3333333333334,499.87631803610526,891.6935216697286,inf,1
Oromia,Oats,2006,34794.57,31798337,914,10,2000,0,6,1857.7087912087911,-0.721425270908818,3,382.8538461538462,-0.298899633777166,34790.30306345733,0,Oromiya_Oats,Oromiya_2006,Oats_2006,34794.57,0.024663677130044803,3.2960711185568226,913.887914119933,1817.2122905027934,-903.2122905027934,602.0,521.4633256519581,913.887914119933,-899.8915557071065,1
Somali,Oats,2006,258.29,80211,311,10,2000,0,8,549.7857142857143,inf,3,382.8538461538462,-0.795171092951991,257.9131832797428,0,Somalia_Oats,Somalia_2006,Oats_2006,258.29,-0.6597374179431073,-0.997477509594291,310.54628518332106,549.7857142857143,-238.78571428571433,705.6666666666666,341.96832211965693,310.54628518332106,-240.44292921325174,2
Benishangul Gumuz,Oats,2006,37.07,37332,1007,10,2000,0,2,1183.4835164835165,-0.99846317327713,3,382.8538461538462,inf,37.07249255213505,0,Benushangul Gumuz_Oats,Benushangul Gumuz_2006,Oats_2006,37.07,2.237942122186495,-0.5345775517073719,1007.0677097383328,1148.8333333333333,-141.83333333333326,744.0,377.8610855856952,1007.0677097383328,-140.12996876285413,1
SNNPR,Oats,2006,315.3,257541,817,10,2000,0,7,1521.2747252747254,-0.940397783196794,3,382.8538461538462,-0.470298231180584,315.2276621787026,0,S.N.N.P.R_Oats,S.N.N.P.R_2006,Oats_2006,315.3,-0.18867924528301883,5.898666023786564,816.8125594671741,1491.7666666666667,-674.7666666666667,711.6666666666666,359.7573256145501,816.8125594671741,-669.0566798881631,2
Gambela,Oats,2006,58318.95,0,0,10,2000,0,4,485.2197802197802,-0.1133742964865565,3,382.8538461538462,0.050681203459444796,64289.84447004608,1,Gambela_Oats,Gambela_2006,Oats_2006,11020.445,-1.0,-1.0,0.0,462.8839779005525,-462.8839779005525,608.0,535.0448579324916,0.0,-464.8839779005525,2
Harari,Oats,2006,14.5,16236,1120,10,2000,0,5,12684.181318681318,inf,3,382.8538461538462,inf,14.496428571428572,0,Harari_Oats,Harari_2006,Oats_2006,14.5,inf,inf,1119.7241379310344,536.2277777777778,583.7722222222222,645.6666666666666,579.3240313791009,1119.7241379310344,inf,0
Dire Dawa,Oats,2006,58318.95,0,0,10,2000,0,3,361.5824175824176,-0.1133742964865565,3,382.8538461538462,0.050681203459444796,64289.84447004608,1,DIRE DAWA_Oats,DIRE DAWA_2006,Oats_2006,11020.445,-1.0,-1.0,0.0,361.5824175824176,-361.5824175824176,373.3333333333333,646.6323014923811,0.0,-363.5824175824176,2
Tigray,Oats,2007,58318.95,576380,0,11,2000,0,9,1323.2252747252746,-0.994061407812732,3,382.8538461538462,0.0160253415807463,inf,1,Tigray_Oats,Tigray_2007,Oats_2007,436.4225,0.0,inf,9.883236923847223,1323.2252747252746,-1323.2252747252746,373.3333333333333,646.6323014923811,9.883236923847223,inf,1
Afar,Oats,2007,58318.95,0,0,11,2000,0,0,454.0164835164835,-0.1133742964865565,3,382.8538461538462,0.050681203459444796,64289.84447004608,1,Afar_Oats,Afar_2007,Oats_2007,11020.445,0.0,-1.0,0.0,425.4088397790055,-425.4088397790055,0.0,0.0,0.0,-426.4088397790055,1
Amhara,Oats,2007,7657.62,7583392,990,11,2000,0,1,1654.5824175824175,-0.965204086434124,3,382.8538461538462,0.0245438732187428,7659.991919191919,0,Amhara_Oats,Amhara_2007,Oats_2007,7657.62,inf,inf,990.3066488021083,1625.4222222222222,-635.4222222222222,330.0,571.5767664977297,990.3066488021083,inf,1
Oromia,Oats,2007,23921.43,27683287,1157,11,2000,0,6,1857.7087912087911,-0.779061675894348,3,382.8538461538462,-0.129410855668332,23926.78219533276,0,Oromiya_Oats,Oromiya_2007,Oats_2007,23921.43,0.16868686868686877,2.650515099311759,1157.2588678854065,1817.2122905027934,-660.2122905027934,715.6666666666666,625.3849481186236,1157.2588678854065,-657.3930885347947,1
Somali,Oats,2007,58318.95,0,0,11,2000,0,8,549.7857142857143,-0.1133742964865565,3,382.8538461538462,-1.0,64289.84447004608,1,Somalia_Oats,Somalia_2007,Oats_2007,321.82,-1.0,-1.0,0.0,549.7857142857143,-549.7857142857143,715.6666666666666,625.3849481186235,0.0,-551.7857142857143,2
Benishangul Gumuz,Oats,2007,58318.95,0,0,11,2000,0,2,1183.4835164835165,-1.0,3,382.8538461538462,-1.0,64289.84447004608,1,Benushangul Gumuz_Oats,Benushangul Gumuz_2007,Oats_2007,50.75666666666666,0.0,0.0,0.0,1148.8333333333333,-1148.8333333333333,385.6666666666667,667.9942614523972,0.0,-1148.8333333333333,1
SNNPR,Oats,2007,460.99,332400,721,11,2000,0,7,1521.2747252747254,-0.954729007347683,3,382.8538461538462,0.2906682819434576,461.0263522884882,0,S.N.N.P.R_Oats,S.N.N.P.R_2007,Oats_2007,460.99,inf,inf,721.056855897091,1491.7666666666667,-770.7666666666667,240.33333333333334,416.2695440857203,721.056855897091,inf,1
Gambela,Oats,2007,58318.95,0,0,11,2000,0,4,485.2197802197802,-0.1133742964865565,3,382.8538461538462,0.050681203459444796,64289.84447004608,1,Gambela_Oats,Gambela_2007,Oats_2007,11020.445,-1.0,-1.0,0.0,462.8839779005525,-462.8839779005525,240.33333333333334,416.2695440857203,0.0,-464.8839779005525,2
Harari,Oats,2007,58318.95,0,0,11,2000,0,5,12684.181318681318,-0.1133742964865565,3,382.8538461538462,-1.0,64289.84447004608,1,Harari_Oats,Harari_2007,Oats_2007,14.5,0.0,0.0,0.0,536.2277777777778,-536.2277777777778,240.33333333333334,416.2695440857203,0.0,-536.2277777777778,1
Dire Dawa,Oats,2007,58318.95,0,0,11,2000,0,3,361.5824175824176,-0.1133742964865565,3,382.8538461538462,0.050681203459444796,64289.84447004608,1,DIRE DAWA_Oats,DIRE DAWA_2007,Oats_2007,11020.445,0.0,0.0,0.0,361.5824175824176,-361.5824175824176,0.0,0.0,0.0,-361.5824175824176,1
Tigray,Oats,2008,58318.95,0,0,12,2000,0,9,1323.2252747252746,-1.0,3,382.8538461538462,-1.0,64289.84447004608,1,Tigray_Oats,Tigray_2008,Oats_2008,436.4225,0.0,0.0,0.0,1323.2252747252746,-1323.2252747252746,0.0,0.0,0.0,-1323.2252747252746,1
Afar,Oats,2008,58318.95,0,0,12,2000,0,0,454.0164835164835,-0.1133742964865565,3,382.8538461538462,0.050681203459444796,64289.84447004608,1,Afar_Oats,Afar_2008,Oats_2008,11020.445,0.0,0.0,0.0,425.4088397790055,-425.4088397790055,0.0,0.0,0.0,-425.4088397790055,1
Amhara,Oats,2008,8116.94,8307228,1023,12,2000,0,1,1654.5824175824175,-0.968727011059447,3,382.8538461538462,0.0954501626712689,8120.457478005865,0,Amhara_Oats,Amhara_2008,Oats_2008,8116.94,inf,inf,1023.4433173092324,1625.4222222222222,-602.4222222222222,341.0,590.6293253809872,1023.4433173092324,inf,1
Oromia,Oats,2008,58318.95,0,0,12,2000,0,6,1857.7087912087911,-0.1133742964865565,3,382.8538461538462,-1.0,64289.84447004608,1,Oromiya_Oats,Oromiya_2008,Oats_2008,23732.12958333333,-1.0,-1.0,0.0,1817.2122905027934,-1817.2122905027934,341.0,590.6293253809872,0.0,-1819.2122905027934,2
Somali,Oats,2008,58318.95,0,0,12,2000,0,8,549.7857142857143,-0.1133742964865565,3,382.8538461538462,0.050681203459444796,64289.84447004608,1,Somalia_Oats,Somalia_2008,Oats_2008,321.82,0.0,0.0,0.0,549.7857142857143,-549.7857142857143,341.0,590.6293253809872,0.0,-549.7857142857143,1
Benishangul Gumuz,Oats,2008,58318.95,0,0,12,2000,0,2,1183.4835164835165,-1.0,3,382.8538461538462,0.050681203459444796,64289.84447004608,1,Benushangul Gumuz_Oats,Benushangul Gumuz_2008,Oats_2008,50.75666666666666,0.0,0.0,0.0,1148.8333333333333,-1148.8333333333333,0.0,0.0,0.0,-1148.8333333333333,1
SNNPR,Oats,2008,574.87,393423,684,12,2000,0,7,1521.2747252747254,-0.941200752717886,3,382.8538461538462,0.1835830324909746,575.1798245614035,0,S.N.N.P.R_Oats,S.N.N.P.R_2008,Oats_2008,574.87,inf,inf,684.3686398664046,1491.7666666666667,-807.7666666666667,228.0,394.90758412570415,684.3686398664046,inf,1
Gambela,Oats,2008,58318.95,0,0,12,2000,0,4,485.2197802197802,-0.1133742964865565,3,382.8538461538462,0.050681203459444796,64289.84447004608,1,Gambela_Oats,Gambela_2008,Oats_2008,11020.445,-1.0,-1.0,0.0,462.8839779005525,-462.8839779005525,228.0,394.90758412570415,0.0,-464.8839779005525,2
Harari,Oats,2008,58318.95,0,0,12,2000,0,5,12684.181318681318,-0.1133742964865565,3,382.8538461538462,0.050681203459444796,64289.84447004608,1,Harari_Oats,Harari_2008,Oats_2008,14.5,0.0,0.0,0.0,536.2277777777778,-536.2277777777778,228.0,394.90758412570415,0.0,-536.2277777777778,1
Dire Dawa,Oats,2008,58318.95,0,0,12,2000,0,3,361.5824175824176,-0.1133742964865565,3,382.8538461538462,0.050681203459444796,64289.84447004608,1,DIRE DAWA_Oats,DIRE DAWA_2008,Oats_2008,11020.445,0.0,0.0,0.0,361.5824175824176,-361.5824175824176,0.0,0.0,0.0,-361.5824175824176,1
Tigray,Oats,2009,58318.95,0,0,13,2000,0,9,1323.2252747252746,-1.0,3,382.8538461538462,0.050681203459444796,64289.84447004608,1,Tigray_Oats,Tigray_2009,Oats_2009,436.4225,0.0,0.0,0.0,1323.2252747252746,-1323.2252747252746,0.0,0.0,0.0,-1323.2252747252746,1
Afar,Oats,2009,58318.95,0,0,13,2000,0,0,454.0164835164835,-0.1133742964865565,3,382.8538461538462,0.050681203459444796,64289.84447004608,1,Afar_Oats,Afar_2009,Oats_2009,11020.445,0.0,0.0,0.0,425.4088397790055,-425.4088397790055,0.0,0.0,0.0,-425.4088397790055,1
Amhara,Oats,2009,7382.67,8220211,1113,13,2000,0,1,1654.5824175824175,-0.968598461142529,3,382.8538461538462,-0.0104748539464668,7385.634321653189,0,Amhara_Oats,Amhara_2009,Oats_2009,7382.67,inf,inf,1113.4468965834853,1625.4222222222222,-512.4222222222222,371.0,642.5908496080535,1113.4468965834853,inf,1
Oromia,Oats,2009,21899.1,33696832,1539,13,2000,0,6,1857.7087912087911,-0.756077219748541,3,382.8538461538462,inf,21895.27745289149,0,Oromiya_Oats,Oromiya_2009,Oats_2009,21899.1,0.38274932614555257,3.09926606506816,1538.7313633893632,1817.2122905027934,-278.2122905027934,884.0,794.6452038488623,1538.7313633893632,-274.73027511157966,1
Somali,Oats,2009,58318.95,0,0,13,2000,0,8,549.7857142857143,-0.1133742964865565,3,382.8538461538462,0.050681203459444796,64289.84447004608,1,Somalia_Oats,Somalia_2009,Oats_2009,321.82,-1.0,-1.0,0.0,549.7857142857143,-549.7857142857143,884.0,794.6452038488623,0.0,-551.7857142857143,2
Benishangul Gumuz,Oats,2009,58318.95,0,0,13,2000,0,2,1183.4835164835165,-1.0,3,382.8538461538462,0.050681203459444796,64289.84447004608,1,Benushangul Gumuz_Oats,Benushangul Gumuz_2009,Oats_2009,50.75666666666666,0.0,0.0,0.0,1148.8333333333333,-1148.8333333333333,513.0,888.5420642828342,0.0,-1148.8333333333333,1
SNNPR,Oats,2009,485.59,418615,862,13,2000,0,7,1521.2747252747254,-0.946988917585663,3,382.8538461538462,0.0640328603055744,485.6322505800464,0,S.N.N.P.R_Oats,S.N.N.P.R_2009,Oats_2009,485.59,inf,inf,862.0750015445129,1491.7666666666667,-629.7666666666667,287.3333333333333,497.67593204145794,862.0750015445129,inf,1
Gambela,Oats,2009,58318.95,0,0,13,2000,0,4,485.2197802197802,-0.1133742964865565,3,382.8538461538462,0.050681203459444796,64289.84447004608,1,Gambela_Oats,Gambela_2009,Oats_2009,11020.445,-1.0,-1.0,0.0,462.8839779005525,-462.8839779005525,287.3333333333333,497.67593204145794,0.0,-464.8839779005525,2
Harari,Oats,2009,58318.95,0,0,13,2000,0,5,12684.181318681318,-0.1133742964865565,3,382.8538461538462,0.050681203459444796,64289.84447004608,1,Harari_Oats,Harari_2009,Oats_2009,14.5,0.0,0.0,0.0,536.2277777777778,-536.2277777777778,287.3333333333333,497.67593204145794,0.0,-536.2277777777778,1
Dire Dawa,Oats,2009,58318.95,0,0,13,2000,0,3,361.5824175824176,-0.1133742964865565,3,382.8538461538462,0.050681203459444796,64289.84447004608,1,DIRE DAWA_Oats,DIRE DAWA_2009,Oats_2009,11020.445,0.0,0.0,0.0,361.5824175824176,-361.5824175824176,0.0,0.0,0.0,-361.5824175824176,1
Tigray,Oats,2010,58318.95,0,0,14,2010,1,9,1323.2252747252746,-1.0,3,382.8538461538462,0.050681203459444796,64289.84447004608,1,Tigray_Oats,Tigray_2010,Oats_2010,436.4225,0.0,0.0,0.0,1323.2252747252746,-1323.2252747252746,0.0,0.0,0.0,-1323.2252747252746,1
Afar,Oats,2010,58318.95,0,0,14,2010,1,0,454.0164835164835,-0.1133742964865565,3,382.8538461538462,0.050681203459444796,64289.84447004608,1,Afar_Oats,Afar_2010,Oats_2010,11020.445,0.0,0.0,0.0,425.4088397790055,-425.4088397790055,0.0,0.0,0.0,-425.4088397790055,1
Amhara,Oats,2010,8742.51,12363949,1414,14,2010,1,1,1654.5824175824175,-0.950446931524795,3,382.8538461538462,0.5040914399885843,8743.95261669024,0,Amhara_Oats,Amhara_2010,Oats_2010,8742.51,inf,inf,1414.2333265846994,1625.4222222222222,-211.42222222222222,471.3333333333333,816.3732806341311,1414.2333265846994,inf,1
Oromia,Oats,2010,14147.33,19355740,1368,14,2010,1,6,1857.7087912087911,-0.868485234011199,3,382.8538461538462,-0.425591699540182,14148.93274853801,0,Oromiya_Oats,Oromiya_2010,Oats_2010,14147.33,-0.032531824611032545,0.5654982077328206,1368.1549804804158,1817.2122905027934,-449.2122905027934,927.3333333333334,803.4235080786057,1368.1549804804158,-448.6793241196716,1
Somali,Oats,2010,58318.95,0,0,14,2010,1,8,549.7857142857143,-0.1133742964865565,3,382.8538461538462,0.050681203459444796,64289.84447004608,1,Somalia_Oats,Somalia_2010,Oats_2010,321.82,-1.0,-1.0,0.0,549.7857142857143,-549.7857142857143,927.3333333333334,803.4235080786057,0.0,-551.7857142857143,2
Benishangul Gumuz,Oats,2010,87.6,0,0,14,2010,1,2,1183.4835164835165,-1.0,3,382.8538461538462,0.050681203459444796,64289.84447004608,0,Benushangul Gumuz_Oats,Benushangul Gumuz_2010,Oats_2010,87.6,0.0,0.0,0.0,1148.8333333333333,-1148.8333333333333,456.0,789.8151682514084,0.0,-1148.8333333333333,1
SNNPR,Oats,2010,769.24,1112835,1447,14,2010,1,7,1521.2747252747254,-0.876324870388584,3,382.8538461538462,1.658373445767591,769.063579820318,0,S.N.N.P.R_Oats,S.N.N.P.R_2010,Oats_2010,769.24,inf,inf,1446.66813998232,1491.7666666666667,-44.76666666666665,482.3333333333333,835.4258395173888,1446.66813998232,inf,1
Gambela,Oats,2010,58318.95,0,0,14,2010,1,4,485.2197802197802,-0.1133742964865565,3,382.8538461538462,0.050681203459444796,64289.84447004608,1,Gambela_Oats,Gambela_2010,Oats_2010,11020.445,-1.0,-1.0,0.0,462.8839779005525,-462.8839779005525,482.3333333333333,835.4258395173888,0.0,-464.8839779005525,2
Harari,Oats,2010,58318.95,0,0,14,2010,1,5,12684.181318681318,-0.1133742964865565,3,382.8538461538462,0.050681203459444796,64289.84447004608,1,Harari_Oats,Harari_2010,Oats_2010,14.5,0.0,0.0,0.0,536.2277777777778,-536.2277777777778,482.3333333333333,835.4258395173888,0.0,-536.2277777777778,1
Dire Dawa,Oats,2010,58318.95,0,0,14,2010,1,3,361.5824175824176,-0.1133742964865565,3,382.8538461538462,0.050681203459444796,64289.84447004608,1,DIRE DAWA_Oats,DIRE DAWA_2010,Oats_2010,11020.445,0.0,0.0,0.0,361.5824175824176,-361.5824175824176,0.0,0.0,0.0,-361.5824175824176,1
Tigray,Oats,2011,58318.95,0,0,15,2010,1,9,1323.2252747252746,-1.0,3,382.8538461538462,0.050681203459444796,64289.84447004608,1,Tigray_Oats,Tigray_2011,Oats_2011,436.4225,0.0,0.0,0.0,1323.2252747252746,-1323.2252747252746,0.0,0.0,0.0,-1323.2252747252746,1
Afar,Oats,2011,58318.95,0,0,15,2010,1,0,454.0164835164835,-0.1133742964865565,3,382.8538461538462,0.050681203459444796,64289.84447004608,1,Afar_Oats,Afar_2011,Oats_2011,11020.445,0.0,0.0,0.0,425.4088397790055,-425.4088397790055,0.0,0.0,0.0,-425.4088397790055,1
Amhara,Oats,2011,5769.06,7340443,1272,15,2010,1,1,1654.5824175824175,-0.978153506846222,3,382.8538461538462,-0.406302711213059,5770.788522012579,0,Amhara_Oats,Amhara_2011,Oats_2011,5769.06,inf,inf,1272.3811158143612,1625.4222222222222,-353.4222222222222,424.0,734.3895424092044,1272.3811158143612,inf,1
Oromia,Oats,2011,24494.31,39462124,1611,15,2010,1,6,1857.7087912087911,-0.691287519211056,3,382.8538461538462,1.0387814674096676,24495.421477343265,0,Oromiya_Oats,Oromiya_2011,Oats_2011,24494.31,0.26650943396226423,4.375986708159167,1611.073102283755,1817.2122905027934,-206.2122905027934,961.0,849.3356227075373,1611.073102283755,-201.56979436067195,1
Somali,Oats,2011,58318.95,0,0,15,2010,1,8,549.7857142857143,-0.1133742964865565,3,382.8538461538462,0.050681203459444796,64289.84447004608,1,Somalia_Oats,Somalia_2011,Oats_2011,321.82,-1.0,-1.0,0.0,549.7857142857143,-549.7857142857143,961.0,849.3356227075373,0.0,-551.7857142857143,2
Benishangul Gumuz,Oats,2011,58318.95,0,0,15,2010,1,2,1183.4835164835165,-1.0,3,382.8538461538462,0.050681203459444796,64289.84447004608,1,Benushangul Gumuz_Oats,Benushangul Gumuz_2011,Oats_2011,50.75666666666666,0.0,0.0,0.0,1148.8333333333333,-1148.8333333333333,537.0,930.1112836644875,0.0,-1148.8333333333333,1
SNNPR,Oats,2011,301.95,288563,956,15,2010,1,7,1521.2747252747254,-0.932366736480519,3,382.8538461538462,-0.740695610759906,301.84414225941424,0,S.N.N.P.R_Oats,S.N.N.P.R_2011,Oats_2011,301.95,inf,inf,955.664845173042,1491.7666666666667,-535.7666666666667,318.6666666666667,551.946857345283,955.664845173042,inf,1
Gambela,Oats,2011,58318.95,0,0,15,2010,1,4,485.2197802197802,-0.1133742964865565,3,382.8538461538462,0.050681203459444796,64289.84447004608,1,Gambela_Oats,Gambela_2011,Oats_2011,11020.445,-1.0,-1.0,0.0,462.8839779005525,-462.8839779005525,318.6666666666667,551.946857345283,0.0,-464.8839779005525,2
Harari,Oats,2011,58318.95,0,0,15,2010,1,5,12684.181318681318,-0.1133742964865565,3,382.8538461538462,0.050681203459444796,64289.84447004608,1,Harari_Oats,Harari_2011,Oats_2011,14.5,0.0,0.0,0.0,536.2277777777778,-536.2277777777778,318.6666666666667,551.946857345283,0.0,-536.2277777777778,1
Dire Dawa,Oats,2011,58318.95,0,0,15,2010,1,3,361.5824175824176,-0.1133742964865565,3,382.8538461538462,0.050681203459444796,64289.84447004608,1,DIRE DAWA_Oats,DIRE DAWA_2011,Oats_2011,11020.445,0.0,0.0,0.0,361.5824175824176,-361.5824175824176,0.0,0.0,0.0,-361.5824175824176,1
Tigray,Oats,2012,58318.95,0,0,16,2010,1,9,1323.2252747252746,-1.0,3,382.8538461538462,0.050681203459444796,64289.84447004608,1,Tigray_Oats,Tigray_2012,Oats_2012,436.4225,0.0,0.0,0.0,1323.2252747252746,-1323.2252747252746,0.0,0.0,0.0,-1323.2252747252746,1
Afar,Oats,2012,58318.95,0,0,16,2010,1,0,454.0164835164835,-0.1133742964865565,3,382.8538461538462,0.050681203459444796,64289.84447004608,1,Afar_Oats,Afar_2012,Oats_2012,11020.445,0.0,0.0,0.0,425.4088397790055,-425.4088397790055,0.0,0.0,0.0,-425.4088397790055,1
Amhara,Oats,2012,2534.32,3242602,1279,16,2010,1,1,1654.5824175824175,-0.990827918269849,3,382.8538461538462,-0.558255271514266,2535.2634870992965,0,Amhara_Oats,Amhara_2012,Oats_2012,2534.32,inf,inf,1279.4761513936676,1625.4222222222222,-346.4222222222222,426.3333333333333,738.4309942935317,1279.4761513936676,inf,1
Oromia,Oats,2012,27343.84,45043286,1647,16,2010,1,6,1857.7087912087911,-0.619447024883391,3,382.8538461538462,0.1414308565854185,27348.686095932,0,Oromiya_Oats,Oromiya_2012,Oats_2012,27343.84,0.28772478498827203,12.891093017274398,1647.2918946278212,1817.2122905027934,-170.2122905027934,975.3333333333334,864.4722860412202,1647.2918946278212,-157.03347270053072,1
Somali,Oats,2012,58318.95,0,0,16,2010,1,8,549.7857142857143,-0.1133742964865565,3,382.8538461538462,0.050681203459444796,64289.84447004608,1,Somalia_Oats,Somalia_2012,Oats_2012,321.82,-1.0,-1.0,0.0,549.7857142857143,-549.7857142857143,975.3333333333334,864.4722860412202,0.0,-551.7857142857143,2
Benishangul Gumuz,Oats,2012,58318.95,0,0,16,2010,1,2,1183.4835164835165,-1.0,3,382.8538461538462,0.050681203459444796,64289.84447004608,1,Benushangul Gumuz_Oats,Benushangul Gumuz_2012,Oats_2012,50.75666666666666,0.0,0.0,0.0,1148.8333333333333,-1148.8333333333333,549.0,950.8958933553139,0.0,-1148.8333333333333,1
SNNPR,Oats,2012,450.16,667083,1482,16,2010,1,7,1521.2747252747254,-0.869495401312356,3,382.8538461538462,1.3117412835325388,450.1234817813765,0,S.N.N.P.R_Oats,S.N.N.P.R_2012,Oats_2012,450.16,inf,inf,1481.879776079616,1491.7666666666667,-9.766666666666652,494.0,855.6330989390257,1481.879776079616,inf,1
Gambela,Oats,2012,58318.95,0,0,16,2010,1,4,485.2197802197802,-0.1133742964865565,3,382.8538461538462,0.050681203459444796,64289.84447004608,1,Gambela_Oats,Gambela_2012,Oats_2012,11020.445,-1.0,-1.0,0.0,462.8839779005525,-462.8839779005525,494.0,855.6330989390257,0.0,-464.8839779005525,2
Harari,Oats,2012,58318.95,0,0,16,2010,1,5,12684.181318681318,-0.1133742964865565,3,382.8538461538462,0.050681203459444796,64289.84447004608,1,Harari_Oats,Harari_2012,Oats_2012,14.5,0.0,0.0,0.0,536.2277777777778,-536.2277777777778,494.0,855.6330989390257,0.0,-536.2277777777778,1
Dire Dawa,Oats,2012,58318.95,0,0,16,2010,1,3,361.5824175824176,-0.1133742964865565,3,382.8538461538462,0.050681203459444796,64289.84447004608,1,DIRE DAWA_Oats,DIRE DAWA_2012,Oats_2012,11020.445,0.0,0.0,0.0,361.5824175824176,-361.5824175824176,0.0,0.0,0.0,-361.5824175824176,1
Tigray,Oats,2013,58318.95,0,0,17,2010,1,9,1323.2252747252746,-1.0,3,382.8538461538462,0.050681203459444796,64289.84447004608,1,Tigray_Oats,Tigray_2013,Oats_2013,436.4225,0.0,0.0,0.0,1323.2252747252746,-1323.2252747252746,0.0,0.0,0.0,-1323.2252747252746,1
Afar,Oats,2013,58318.95,0,0,17,2010,1,0,454.0164835164835,-0.1133742964865565,3,382.8538461538462,0.050681203459444796,64289.84447004608,1,Afar_Oats,Afar_2013,Oats_2013,11020.445,0.0,0.0,0.0,425.4088397790055,-425.4088397790055,0.0,0.0,0.0,-425.4088397790055,1
Amhara,Oats,2013,3476.78,4294195,1235,17,2010,1,1,1654.5824175824175,-0.989465817953682,3,382.8538461538462,0.3243052955620209,3477.080971659919,0,Amhara_Oats,Amhara_2013,Oats_2013,3476.78,inf,inf,1235.1069092666203,1625.4222222222222,-390.4222222222222,411.6666666666667,713.0275824491882,1235.1069092666203,inf,1
Oromia,Oats,2013,21889.32,37806207,1727,17,2010,1,6,1857.7087912087911,-0.753232795209366,3,382.8538461538462,-0.160669428069701,21891.26056745802,0,Oromiya_Oats,Oromiya_2013,Oats_2013,21889.32,0.3983805668016194,7.804026598698941,1727.1531048017937,1817.2122905027934,-90.2122905027934,987.3333333333334,889.7394749775539,1727.1531048017937,-82.00988333729283,1
Somali,Oats,2013,58318.95,0,0,17,2010,1,8,549.7857142857143,-0.1133742964865565,3,382.8538461538462,0.050681203459444796,64289.84447004608,1,Somalia_Oats,Somalia_2013,Oats_2013,321.82,-1.0,-1.0,0.0,549.7857142857143,-549.7857142857143,987.3333333333334,889.7394749775539,0.0,-551.7857142857143,2
Benishangul Gumuz,Oats,2013,58318.95,0,0,17,2010,1,2,1183.4835164835165,-1.0,3,382.8538461538462,0.050681203459444796,64289.84447004608,1,Benushangul Gumuz_Oats,Benushangul Gumuz_2013,Oats_2013,50.75666666666666,0.0,0.0,0.0,1148.8333333333333,-1148.8333333333333,575.6666666666666,997.0839148904838,0.0,-1148.8333333333333,1
SNNPR,Oats,2013,504.7,401405,795,17,2010,1,7,1521.2747252747254,-0.929627701165143,3,382.8538461538462,-0.398268281458229,504.9119496855346,0,S.N.N.P.R_Oats,S.N.N.P.R_2013,Oats_2013,504.7,inf,inf,795.3338617000198,1491.7666666666667,-696.7666666666667,265.0,458.99346400575314,795.3338617000198,inf,1
Gambela,Oats,2013,58318.95,0,0,17,2010,1,4,485.2197802197802,-0.1133742964865565,3,382.8538461538462,0.050681203459444796,64289.84447004608,1,Gambela_Oats,Gambela_2013,Oats_2013,11020.445,-1.0,-1.0,0.0,462.8839779005525,-462.8839779005525,265.0,458.9934640057532,0.0,-464.8839779005525,2
Harari,Oats,2013,58318.95,0,0,17,2010,1,5,12684.181318681318,-0.1133742964865565,3,382.8538461538462,0.050681203459444796,64289.84447004608,1,Harari_Oats,Harari_2013,Oats_2013,14.5,0.0,0.0,0.0,536.2277777777778,-536.2277777777778,265.0,458.9934640057532,0.0,-536.2277777777778,1
Dire Dawa,Oats,2013,58318.95,0,0,17,2010,1,3,361.5824175824176,-0.1133742964865565,3,382.8538461538462,0.050681203459444796,64289.84447004608,1,DIRE DAWA_Oats,DIRE DAWA_2013,Oats_2013,11020.445,0.0,0.0,0.0,361.5824175824176,-361.5824175824176,0.0,0.0,0.0,-361.5824175824176,1
Tigray,Oats,2014,58318.95,0,0,18,2010,1,9,1323.2252747252746,-1.0,3,382.8538461538462,0.050681203459444796,64289.84447004608,1,Tigray_Oats,Tigray_2014,Oats_2014,436.4225,0.0,0.0,0.0,1323.2252747252746,-1323.2252747252746,0.0,0.0,0.0,-1323.2252747252746,1
Afar,Oats,2014,58318.95,0,0,18,2010,1,0,454.0164835164835,-0.1133742964865565,3,382.8538461538462,0.050681203459444796,64289.84447004608,1,Afar_Oats,Afar_2014,Oats_2014,11020.445,0.0,0.0,0.0,425.4088397790055,-425.4088397790055,0.0,0.0,0.0,-425.4088397790055,1
Amhara,Oats,2014,4662.35,6096457,1308,18,2010,1,1,1654.5824175824175,-0.986799619581255,3,382.8538461538462,0.4196972890145882,4660.899847094801,0,Amhara_Oats,Amhara_2014,Oats_2014,4662.35,inf,inf,1307.5931665361886,1625.4222222222222,-317.4222222222222,436.0,755.1741521000308,1307.5931665361886,inf,1
Oromia,Oats,2014,29979.5,54504707,3393,18,2010,1,6,1857.7087912087911,1.9800405917554265,3,382.8538461538462,0.4416867314935877,16063.86884762747,0,Oromiya_Oats,Oromiya_2014,Oats_2014,29979.5,1.5940366972477062,7.940390623603184,1818.0659117063326,1817.2122905027934,1575.7877094972066,1567.0,1711.2635682442371,1818.0659117063326,1585.3221368180575,0
Somali,Oats,2014,58318.95,0,0,18,2010,1,8,549.7857142857143,-0.1133742964865565,3,382.8538461538462,0.050681203459444796,64289.84447004608,1,Somalia_Oats,Somalia_2014,Oats_2014,321.82,-1.0,-1.0,0.0,549.7857142857143,-549.7857142857143,1567.0,1711.2635682442371,0.0,-551.7857142857143,2
Benishangul Gumuz,Oats,2014,58318.95,0,0,18,2010,1,2,1183.4835164835165,-1.0,3,382.8538461538462,0.050681203459444796,64289.84447004608,1,Benushangul Gumuz_Oats,Benushangul Gumuz_2014,Oats_2014,50.75666666666666,0.0,0.0,0.0,1148.8333333333333,-1148.8333333333333,1131.0,1958.9494633604002,0.0,-1148.8333333333333,1
SNNPR,Oats,2014,420.28,329579,784,18,2010,1,7,1521.2747252747254,-0.92524727694269,3,382.8538461538462,-0.178936485594349,420.3813775510204,0,S.N.N.P.R_Oats,S.N.N.P.R_2014,Oats_2014,420.28,inf,inf,784.1891120205578,1491.7666666666667,-707.7666666666667,261.3333333333333,452.6426110446683,784.1891120205578,inf,1
Gambela,Oats,2014,58318.95,0,0,18,2010,1,4,485.2197802197802,-0.1133742964865565,3,382.8538461538462,0.050681203459444796,64289.84447004608,1,Gambela_Oats,Gambela_2014,Oats_2014,11020.445,-1.0,-1.0,0.0,462.8839779005525,-462.8839779005525,261.3333333333333,452.6426110446683,0.0,-464.8839779005525,2
Harari,Oats,2014,58318.95,0,0,18,2010,1,5,12684.181318681318,-0.1133742964865565,3,382.8538461538462,0.050681203459444796,64289.84447004608,1,Harari_Oats,Harari_2014,Oats_2014,14.5,0.0,0.0,0.0,536.2277777777778,-536.2277777777778,261.3333333333333,452.6426110446683,0.0,-536.2277777777778,1
Dire Dawa,Oats,2014,58318.95,0,0,18,2010,1,3,361.5824175824176,-0.1133742964865565,3,382.8538461538462,0.050681203459444796,64289.84447004608,1,DIRE DAWA_Oats,DIRE DAWA_2014,Oats_2014,11020.445,0.0,0.0,0.0,361.5824175824176,-361.5824175824176,0.0,0.0,0.0,-361.5824175824176,1
Tigray,Oats,2015,58318.95,0,0,19,2010,1,9,1323.2252747252746,-1.0,3,382.8538461538462,0.050681203459444796,64289.84447004608,1,Tigray_Oats,Tigray_2015,Oats_2015,436.4225,0.0,0.0,0.0,1323.2252747252746,-1323.2252747252746,0.0,0.0,0.0,-1323.2252747252746,1
Afar,Oats,2015,58318.95,0,0,19,2010,1,0,454.0164835164835,-0.1133742964865565,3,382.8538461538462,0.050681203459444796,64289.84447004608,1,Afar_Oats,Afar_2015,Oats_2015,11020.445,0.0,0.0,0.0,425.4088397790055,-425.4088397790055,0.0,0.0,0.0,-425.4088397790055,1
Amhara,Oats,2015,4497.67,6070167,1350,19,2010,1,1,1654.5824175824175,-0.987616963386049,3,382.8538461538462,-0.00431234075791886,4496.42,0,Amhara_Oats,Amhara_2015,Oats_2015,4497.67,inf,inf,1349.6248057327462,1625.4222222222222,-275.4222222222222,450.0,779.4228634059956,1349.6248057327462,inf,1
Oromia,Oats,2015,22369.93,42990350,1922,19,2010,1,6,1857.7087912087911,-0.765654582529275,3,382.8538461538462,-0.211254360105082,22367.50780437045,0,Oromiya_Oats,Oromiya_2015,Oats_2015,22369.93,0.4237037037037037,6.082235134552311,1921.7918875919593,1817.2122905027934,104.7877094972066,1090.6666666666667,986.8947934472719,1921.7918875919593,111.29364833546262,0
Somali,Oats,2015,58318.95,0,0,19,2010,1,8,549.7857142857143,-0.1133742964865565,3,382.8538461538462,0.050681203459444796,64289.84447004608,1,Somalia_Oats,Somalia_2015,Oats_2015,321.82,-1.0,-1.0,0.0,549.7857142857143,-549.7857142857143,1090.6666666666667,986.8947934472719,0.0,-551.7857142857143,2
Benishangul Gumuz,Oats,2015,58318.95,0,0,19,2010,1,2,1183.4835164835165,-1.0,3,382.8538461538462,0.050681203459444796,64289.84447004608,1,Benushangul Gumuz_Oats,Benushangul Gumuz_2015,Oats_2015,50.75666666666666,0.0,0.0,0.0,1148.8333333333333,-1148.8333333333333,640.6666666666666,1109.6672173824613,0.0,-1148.8333333333333,1
SNNPR,Oats,2015,301.49,415278,1377,19,2010,1,7,1521.2747252747254,-0.935784198735934,3,382.8538461538462,0.2600256691111995,301.58169934640523,0,S.N.N.P.R_Oats,S.N.N.P.R_2015,Oats_2015,301.49,inf,inf,1377.4188198613551,1491.7666666666667,-114.76666666666665,459.0,795.0113206741157,1377.4188198613551,inf,1
Gambela,Oats,2015,58318.95,0,0,19,2010,1,4,485.2197802197802,-0.1133742964865565,3,382.8538461538462,0.050681203459444796,64289.84447004608,1,Gambela_Oats,Gambela_2015,Oats_2015,11020.445,-1.0,-1.0,0.0,462.8839779005525,-462.8839779005525,459.0,795.0113206741157,0.0,-464.8839779005525,2
Harari,Oats,2015,58318.95,0,0,19,2010,1,5,12684.181318681318,-0.1133742964865565,3,382.8538461538462,0.050681203459444796,64289.84447004608,1,Harari_Oats,Harari_2015,Oats_2015,14.5,0.0,0.0,0.0,536.2277777777778,-536.2277777777778,459.0,795.0113206741157,0.0,-536.2277777777778,1
Dire Dawa,Oats,2015,58318.95,0,0,19,2010,1,3,361.5824175824176,-0.1133742964865565,3,382.8538461538462,0.050681203459444796,64289.84447004608,1,DIRE DAWA_Oats,DIRE DAWA_2015,Oats_2015,11020.445,0.0,0.0,0.0,361.5824175824176,-361.5824175824176,0.0,0.0,0.0,-361.5824175824176,1
Tigray,Oats,2016,58318.95,0,0,20,2010,1,9,1323.2252747252746,-1.0,3,382.8538461538462,0.050681203459444796,64289.84447004608,1,Tigray_Oats,Tigray_2016,Oats_2016,436.4225,0.0,0.0,0.0,1323.2252747252746,-1323.2252747252746,0.0,0.0,0.0,-1323.2252747252746,1
Afar,Oats,2016,58318.95,0,0,20,2010,1,0,454.0164835164835,-0.1133742964865565,3,382.8538461538462,0.050681203459444796,64289.84447004608,1,Afar_Oats,Afar_2016,Oats_2016,11020.445,0.0,0.0,0.0,425.4088397790055,-425.4088397790055,0.0,0.0,0.0,-425.4088397790055,1
Amhara,Oats,2016,2872.6,3780234,1316,20,2010,1,1,1654.5824175824175,-0.9303506462065,3,382.8538461538462,-0.377243822122192,2872.5182370820667,0,Amhara_Oats,Amhara_2016,Oats_2016,2872.6,inf,inf,1315.9625426442944,1625.4222222222222,-309.4222222222222,438.6666666666667,759.7929542535487,1315.9625426442944,inf,1
Oromia,Oats,2016,18685.46,35777129,1915,20,2010,1,6,1857.7087912087911,-0.804771634274728,3,382.8538461538462,-0.167786980101348,18682.573890339427,0,Oromiya_Oats,Oromiya_2016,Oats_2016,18685.46,0.45516717325227973,8.46426305884768,1914.704213864684,1817.2122905027934,97.7877094972066,1077.0,979.6157409923546,1914.704213864684,106.70713972930656,0
Somali,Oats,2016,58318.95,0,0,20,2010,1,8,549.7857142857143,-0.1133742964865565,3,382.8538461538462,0.050681203459444796,64289.84447004608,1,Somalia_Oats,Somalia_2016,Oats_2016,321.82,-1.0,-1.0,0.0,549.7857142857143,-549.7857142857143,1077.0,979.6157409923546,0.0,-551.7857142857143,2
Benishangul Gumuz,Oats,2016,58318.95,0,0,20,2010,1,2,1183.4835164835165,-1.0,3,382.8538461538462,0.050681203459444796,64289.84447004608,1,Benushangul Gumuz_Oats,Benushangul Gumuz_2016,Oats_2016,50.75666666666666,0.0,0.0,0.0,1148.8333333333333,-1148.8333333333333,638.3333333333334,1105.625765498134,0.0,-1148.8333333333333,1
SNNPR,Oats,2016,258.42,0,0,20,2010,1,7,1521.2747252747254,-1.0,3,382.8538461538462,-1.0,64289.84447004608,0,S.N.N.P.R_Oats,S.N.N.P.R_2016,Oats_2016,258.42,0.0,0.0,0.0,1491.7666666666667,-1491.7666666666667,0.0,0.0,0.0,-1491.7666666666667,1
Gambela,Oats,2016,58318.95,0,0,20,2010,1,4,485.2197802197802,-0.1133742964865565,3,382.8538461538462,0.050681203459444796,64289.84447004608,1,Gambela_Oats,Gambela_2016,Oats_2016,11020.445,0.0,0.0,0.0,462.8839779005525,-462.8839779005525,0.0,0.0,0.0,-462.8839779005525,1
Harari,Oats,2016,58318.95,0,0,20,2010,1,5,12684.181318681318,-0.1133742964865565,3,382.8538461538462,0.050681203459444796,64289.84447004608,1,Harari_Oats,Harari_2016,Oats_2016,14.5,0.0,0.0,0.0,536.2277777777778,-536.2277777777778,0.0,0.0,0.0,-536.2277777777778,1
Dire Dawa,Oats,2016,58318.95,0,0,20,2010,1,3,361.5824175824176,-0.1133742964865565,3,382.8538461538462,0.050681203459444796,64289.84447004608,1,DIRE DAWA_Oats,DIRE DAWA_2016,Oats_2016,11020.445,0.0,0.0,0.0,361.5824175824176,-361.5824175824176,0.0,0.0,0.0,-361.5824175824176,1
Tigray,Oats,2017,58318.95,0,0,21,2010,1,9,1323.2252747252746,-1.0,3,382.8538461538462,0.050681203459444796,64289.84447004608,1,Tigray_Oats,Tigray_2017,Oats_2017,436.4225,0.0,0.0,0.0,1323.2252747252746,-1323.2252747252746,0.0,0.0,0.0,-1323.2252747252746,1
Afar,Oats,2017,58318.95,0,0,21,2010,1,0,454.0164835164835,-0.1133742964865565,3,382.8538461538462,0.050681203459444796,64289.84447004608,1,Afar_Oats,Afar_2017,Oats_2017,11020.445,0.0,0.0,0.0,425.4088397790055,-425.4088397790055,0.0,0.0,0.0,-425.4088397790055,1
Amhara,Oats,2017,3002.02,4480834,1493,21,2010,1,1,1654.5824175824175,-0.991960194162565,3,382.8538461538462,0.1853324423831963,3001.228399196249,0,Amhara_Oats,Amhara_2017,Oats_2017,3002.02,inf,inf,1492.6063117500883,1625.4222222222222,-132.42222222222222,497.6666666666667,861.9839519001123,1492.6063117500883,inf,1
Oromia,Oats,2017,20656.17,44128318,2136,21,2010,1,6,1857.7087912087911,-0.783247112857416,3,382.8538461538462,0.2334225588643514,20659.32490636704,0,Oromiya_Oats,Oromiya_2017,Oats_2017,20656.17,0.4306764902880107,8.848237627191724,2136.326240537331,1817.2122905027934,318.7877094972066,1209.6666666666667,1095.8249556080266,2136.326240537331,328.06662361468636,0
Somali,Oats,2017,58318.95,0,0,21,2010,1,8,549.7857142857143,-0.1133742964865565,3,382.8538461538462,0.050681203459444796,64289.84447004608,1,Somalia_Oats,Somalia_2017,Oats_2017,321.82,-1.0,-1.0,0.0,549.7857142857143,-549.7857142857143,1209.6666666666667,1095.8249556080266,0.0,-551.7857142857143,2
Benishangul Gumuz,Oats,2017,58318.95,0,0,21,2010,1,2,1183.4835164835165,-1.0,3,382.8538461538462,0.050681203459444796,64289.84447004608,1,Benushangul Gumuz_Oats,Benushangul Gumuz_2017,Oats_2017,50.75666666666666,0.0,0.0,0.0,1148.8333333333333,-1148.8333333333333,712.0,1233.2201749890412,0.0,-1148.8333333333333,1
SNNPR,Oats,2017,58318.95,0,0,21,2010,1,7,1521.2747252747254,-1.0,3,382.8538461538462,0.050681203459444796,64289.84447004608,1,S.N.N.P.R_Oats,S.N.N.P.R_2017,Oats_2017,380.15,0.0,0.0,0.0,1491.7666666666667,-1491.7666666666667,0.0,0.0,0.0,-1491.7666666666667,1
Gambela,Oats,2017,58318.95,0,0,21,2010,1,4,485.2197802197802,-0.1133742964865565,3,382.8538461538462,0.050681203459444796,64289.84447004608,1,Gambela_Oats,Gambela_2017,Oats_2017,11020.445,0.0,0.0,0.0,462.8839779005525,-462.8839779005525,0.0,0.0,0.0,-462.8839779005525,1
Harari,Oats,2017,58318.95,0,0,21,2010,1,5,12684.181318681318,-0.1133742964865565,3,382.8538461538462,0.050681203459444796,64289.84447004608,1,Harari_Oats,Harari_2017,Oats_2017,14.5,0.0,0.0,0.0,536.2277777777778,-536.2277777777778,0.0,0.0,0.0,-536.2277777777778,1
Dire Dawa,Oats,2017,58318.95,0,0,21,2010,1,3,361.5824175824176,-0.1133742964865565,3,382.8538461538462,0.050681203459444796,64289.84447004608,1,DIRE DAWA_Oats,DIRE DAWA_2017,Oats_2017,11020.445,0.0,0.0,0.0,361.5824175824176,-361.5824175824176,0.0,0.0,0.0,-361.5824175824176,1
Tigray,Oats,2018,58318.95,0,0,22,2010,1,9,1323.2252747252746,-1.0,3,382.8538461538462,0.050681203459444796,64289.84447004608,1,Tigray_Oats,Tigray_2018,Oats_2018,436.4225,0.0,0.0,0.0,1323.2252747252746,-1323.2252747252746,0.0,0.0,0.0,-1323.2252747252746,1
Afar,Oats,2018,58318.95,0,0,22,2010,1,0,454.0164835164835,-0.1133742964865565,3,382.8538461538462,0.050681203459444796,64289.84447004608,1,Afar_Oats,Afar_2018,Oats_2018,11020.445,0.0,0.0,0.0,425.4088397790055,-425.4088397790055,0.0,0.0,0.0,-425.4088397790055,1
Amhara,Oats,2018,4094.8,6189357,1512,22,2010,1,1,1654.5824175824175,-0.988956776343181,3,382.8538461538462,0.3812957587806198,4093.49007936508,0,Amhara_Oats,Amhara_2018,Oats_2018,4094.8,inf,inf,1511.5163133730584,1625.4222222222222,-113.42222222222222,504.0,872.9536070147151,1511.5163133730584,inf,1
Oromia,Oats,2018,21253.56,45913699,2160,22,2010,1,6,1857.7087912087911,-0.790861604321563,3,382.8538461538462,0.0404588500291354,21256.34212962963,0,Oromiya_Oats,Oromiya_2018,Oats_2018,21253.56,0.4285714285714286,6.4181694479733515,2160.282747925524,1817.2122905027934,342.7877094972066,1224.0,1108.425910920527,2160.282747925524,349.6344503737514,0
Somali,Oats,2018,58318.95,0,0,22,2010,1,8,549.7857142857143,-0.1133742964865565,3,382.8538461538462,0.050681203459444796,64289.84447004608,1,Somalia_Oats,Somalia_2018,Oats_2018,321.82,-1.0,-1.0,0.0,549.7857142857143,-549.7857142857143,1224.0,1108.4259109205268,0.0,-551.7857142857143,2
Benishangul Gumuz,Oats,2018,58318.95,0,0,22,2010,1,2,1183.4835164835165,-1.0,3,382.8538461538462,0.050681203459444796,64289.84447004608,1,Benushangul Gumuz_Oats,Benushangul Gumuz_2018,Oats_2018,50.75666666666666,0.0,0.0,0.0,1148.8333333333333,-1148.8333333333333,720.0,1247.076581449592,0.0,-1148.8333333333333,1
SNNPR,Oats,2018,337.6,501864,1487,22,2010,1,7,1521.2747252747254,-0.930345221851601,3,382.8538461538462,inf,337.5010087424344,0,S.N.N.P.R_Oats,S.N.N.P.R_2018,Oats_2018,337.6,inf,inf,1486.563981042654,1491.7666666666667,-4.7666666666666515,495.6666666666667,858.519850284974,1486.563981042654,inf,1
Gambela,Oats,2018,58318.95,0,0,22,2010,1,4,485.2197802197802,-0.1133742964865565,3,382.8538461538462,0.050681203459444796,64289.84447004608,1,Gambela_Oats,Gambela_2018,Oats_2018,11020.445,-1.0,-1.0,0.0,462.8839779005525,-462.8839779005525,495.6666666666667,858.519850284974,0.0,-464.8839779005525,2
Harari,Oats,2018,58318.95,0,0,22,2010,1,5,12684.181318681318,-0.1133742964865565,3,382.8538461538462,0.050681203459444796,64289.84447004608,1,Harari_Oats,Harari_2018,Oats_2018,14.5,0.0,0.0,0.0,536.2277777777778,-536.2277777777778,495.6666666666667,858.519850284974,0.0,-536.2277777777778,1
Dire Dawa,Oats,2018,58318.95,0,0,22,2010,1,3,361.5824175824176,-0.1133742964865565,3,382.8538461538462,0.050681203459444796,64289.84447004608,1,DIRE DAWA_Oats,DIRE DAWA_2018,Oats_2018,11020.445,0.0,0.0,0.0,361.5824175824176,-361.5824175824176,0.0,0.0,0.0,-361.5824175824176,1
Tigray,Oats,2019,203.83,408743,2005,23,2010,1,9,1323.2252747252746,-0.998010242846486,3,382.8538461538462,inf,203.86184538653367,0,Tigray_Oats,Tigray_2019,Oats_2019,203.83,inf,inf,2005.3132512387772,1323.2252747252746,681.7747252747254,668.3333333333334,1157.5872897252,2005.3132512387772,inf,0
Afar,Oats,2019,58318.95,0,0,23,2010,1,0,454.0164835164835,-0.1133742964865565,3,382.8538461538462,0.050681203459444796,64289.84447004608,1,Afar_Oats,Afar_2019,Oats_2019,11020.445,-1.0,-1.0,0.0,425.4088397790055,-425.4088397790055,668.3333333333334,1157.5872897252,0.0,-427.4088397790055,2
Amhara,Oats,2019,3055.08,4518212,1479,23,2010,1,1,1654.5824175824175,-0.992088510612689,3,382.8538461538462,-0.27000300677437,3054.9100743745776,0,Amhara_Oats,Amhara_2019,Oats_2019,3055.08,inf,inf,1478.91773701507,1625.4222222222222,-146.42222222222222,1161.3333333333333,1039.5625682628888,1478.91773701507,inf,1
Oromia,Oats,2019,11212.68,24678517,2201,23,2010,1,6,1857.7087912087911,-0.877266689252013,3,382.8538461538462,-0.462502095507486,11212.411176737847,0,Oromiya_Oats,Oromiya_2019,Oats_2019,11212.68,0.4881676808654496,4.462009529433325,2200.947231170425,1817.2122905027934,383.7877094972066,1226.6666666666667,1121.9867794824204,2200.947231170425,388.73788670750537,0
Somali,Oats,2019,58318.95,0,0,23,2010,1,8,549.7857142857143,-0.1133742964865565,3,382.8538461538462,0.050681203459444796,64289.84447004608,1,Somalia_Oats,Somalia_2019,Oats_2019,321.82,-1.0,-1.0,0.0,549.7857142857143,-549.7857142857143,1226.6666666666667,1121.9867794824204,0.0,-551.7857142857143,2
Benishangul Gumuz,Oats,2019,58318.95,0,0,23,2010,1,2,1183.4835164835165,-1.0,3,382.8538461538462,0.050681203459444796,64289.84447004608,1,Benushangul Gumuz_Oats,Benushangul Gumuz_2019,Oats_2019,50.75666666666666,0.0,0.0,0.0,1148.8333333333333,-1148.8333333333333,733.6666666666666,1270.7479424863666,0.0,-1148.8333333333333,1
SNNPR,Oats,2019,368.68,538295,1460,23,2010,1,7,1521.2747252747254,-0.965003060228973,3,382.8538461538462,0.0725913793378285,368.69520547945206,0,S.N.N.P.R_Oats,S.N.N.P.R_2019,Oats_2019,368.68,inf,inf,1460.0602148204405,1491.7666666666667,-31.76666666666665,486.6666666666667,842.9313930168541,1460.0602148204405,inf,1
Gambela,Oats,2019,58318.95,0,0,23,2010,1,4,485.2197802197802,-0.1133742964865565,3,382.8538461538462,0.050681203459444796,64289.84447004608,1,Gambela_Oats,Gambela_2019,Oats_2019,11020.445,-1.0,-1.0,0.0,462.8839779005525,-462.8839779005525,486.6666666666667,842.9313930168541,0.0,-464.8839779005525,2
Harari,Oats,2019,58318.95,0,0,23,2010,1,5,12684.181318681318,-0.1133742964865565,3,382.8538461538462,0.050681203459444796,64289.84447004608,1,Harari_Oats,Harari_2019,Oats_2019,14.5,0.0,0.0,0.0,536.2277777777778,-536.2277777777778,486.6666666666667,842.9313930168541,0.0,-536.2277777777778,1
Dire Dawa,Oats,2019,58318.95,0,0,23,2010,1,3,361.5824175824176,-0.1133742964865565,3,382.8538461538462,0.050681203459444796,64289.84447004608,1,DIRE DAWA_Oats,DIRE DAWA_2019,Oats_2019,11020.445,0.0,0.0,0.0,361.5824175824176,-361.5824175824176,0.0,0.0,0.0,-361.5824175824176,1
Tigray,Oats,2020,58318.95,0,0,24,2020,1,9,1323.2252747252746,-1.0,3,382.8538461538462,-1.0,64289.84447004608,1,Tigray_Oats,Tigray_2020,Oats_2020,436.4225,0.0,0.0,0.0,1323.2252747252746,-1323.2252747252746,0.0,0.0,0.0,-1323.2252747252746,1
Afar,Oats,2020,58318.95,0,0,24,2020,1,0,454.0164835164835,-0.1133742964865565,3,382.8538461538462,0.050681203459444796,64289.84447004608,1,Afar_Oats,Afar_2020,Oats_2020,11020.445,0.0,0.0,0.0,425.4088397790055,-425.4088397790055,0.0,0.0,0.0,-425.4088397790055,1
Amhara,Oats,2020,2469.16,3793179,1536,24,2020,1,1,1654.5824175824175,-0.993354851875811,3,382.8538461538462,-0.160469008537005,2469.517578125,0,Amhara_Oats,Amhara_2020,Oats_2020,2469.16,inf,inf,1536.2224400200878,1625.4222222222222,-89.42222222222222,512.0,886.8100134752657,1536.2224400200878,inf,1
Oromia,Oats,2020,8310.97,18329366,2205,24,2020,1,6,1857.7087912087911,-0.893201761587462,3,382.8538461538462,-0.257274414017665,8312.637641723357,0,Oromiya_Oats,Oromiya_2020,Oats_2020,8310.97,0.435546875,3.832191151538064,2205.4424453463316,1817.2122905027934,387.7877094972066,1247.0,1130.5516352648385,2205.4424453463316,392.05544752374465,0
Somali,Oats,2020,58318.95,0,0,24,2020,1,8,549.7857142857143,-0.1133742964865565,3,382.8538461538462,0.050681203459444796,64289.84447004608,1,Somalia_Oats,Somalia_2020,Oats_2020,321.82,-1.0,-1.0,0.0,549.7857142857143,-549.7857142857143,1247.0,1130.5516352648385,0.0,-551.7857142857143,2
Benishangul Gumuz,Oats,2020,58318.95,0,0,24,2020,1,2,1183.4835164835165,-1.0,3,382.8538461538462,0.050681203459444796,64289.84447004608,1,Benushangul Gumuz_Oats,Benushangul Gumuz_2020,Oats_2020,50.75666666666666,0.0,0.0,0.0,1148.8333333333333,-1148.8333333333333,735.0,1273.0573435631254,0.0,-1148.8333333333333,1
SNNPR,Oats,2020,58318.95,0,0,24,2020,1,7,1521.2747252747254,-1.0,3,382.8538461538462,-1.0,64289.84447004608,1,S.N.N.P.R_Oats,S.N.N.P.R_2020,Oats_2020,380.15,0.0,0.0,0.0,1491.7666666666667,-1491.7666666666667,0.0,0.0,0.0,-1491.7666666666667,1
Gambela,Oats,2020,58318.95,0,0,24,2020,1,4,485.2197802197802,-0.1133742964865565,3,382.8538461538462,0.050681203459444796,64289.84447004608,1,Gambela_Oats,Gambela_2020,Oats_2020,11020.445,0.0,0.0,0.0,462.8839779005525,-462.8839779005525,0.0,0.0,0.0,-462.8839779005525,1
Harari,Oats,2020,58318.95,0,0,24,2020,1,5,12684.181318681318,-0.1133742964865565,3,382.8538461538462,0.050681203459444796,64289.84447004608,1,Harari_Oats,Harari_2020,Oats_2020,14.5,0.0,0.0,0.0,536.2277777777778,-536.2277777777778,0.0,0.0,0.0,-536.2277777777778,1
Dire Dawa,Oats,2020,58318.95,0,0,24,2020,1,3,361.5824175824176,-0.1133742964865565,3,382.8538461538462,0.050681203459444796,64289.84447004608,1,DIRE DAWA_Oats,DIRE DAWA_2020,Oats_2020,11020.445,0.0,0.0,0.0,361.5824175824176,-361.5824175824176,0.0,0.0,0.0,-361.5824175824176,1
Tigray,Oats,2021,58318.95,0,0,25,2020,1,9,1323.2252747252746,-1.0,3,382.8538461538462,0.050681203459444796,64289.84447004608,1,Tigray_Oats,Tigray_2021,Oats_2021,436.4225,0.0,0.0,0.0,1323.2252747252746,-1323.2252747252746,0.0,0.0,0.0,-1323.2252747252746,1
Afar,Oats,2021,58318.95,0,0,25,2020,1,0,454.0164835164835,-0.1133742964865565,3,382.8538461538462,0.050681203459444796,64289.84447004608,1,Afar_Oats,Afar_2021,Oats_2021,11020.445,0.0,0.0,0.0,425.4088397790055,-425.4088397790055,0.0,0.0,0.0,-425.4088397790055,1
Amhara,Oats,2021,4561.04,6837950,1499,25,2020,1,1,1654.5824175824175,-0.989646471568627,3,382.8538461538462,0.802696366293286,4561.674449633088,0,Amhara_Oats,Amhara_2021,Oats_2021,4561.04,inf,inf,1499.208513847719,1625.4222222222222,-126.42222222222222,499.6666666666667,865.4480535152501,1499.208513847719,inf,1
Oromia,Oats,2021,10582.3,23103277,2183,25,2020,1,6,1857.7087912087911,-0.90816115697921,3,382.8538461538462,0.260451507160695,10583.269354099864,0,Oromiya_Oats,Oromiya_2021,Oats_2021,10582.3,0.456304202801868,2.3786846935119446,2183.1999659809308,1817.2122905027934,365.7877094972066,1227.3333333333333,1116.5681051030135,2183.1999659809308,368.6226983935204,0
Somali,Oats,2021,58318.95,0,0,25,2020,1,8,549.7857142857143,-0.1133742964865565,3,382.8538461538462,0.050681203459444796,64289.84447004608,1,Somalia_Oats,Somalia_2021,Oats_2021,321.82,-1.0,-1.0,0.0,549.7857142857143,-549.7857142857143,1227.3333333333333,1116.5681051030133,0.0,-551.7857142857143,2
Benishangul Gumuz,Oats,2021,58318.95,0,0,25,2020,1,2,1183.4835164835165,-1.0,3,382.8538461538462,0.050681203459444796,64289.84447004608,1,Benushangul Gumuz_Oats,Benushangul Gumuz_2021,Oats_2021,50.75666666666666,0.0,0.0,0.0,1148.8333333333333,-1148.8333333333333,727.6666666666666,1260.3556376409533,0.0,-1148.8333333333333,1
SNNPR,Oats,2021,300.75,488326,1624,25,2020,1,7,1521.2747252747254,-0.978394086020054,3,382.8538461538462,inf,300.6933497536946,0,S.N.N.P.R_Oats,S.N.N.P.R_2021,Oats_2021,300.75,inf,inf,1623.6940980881132,1491.7666666666667,132.23333333333335,541.3333333333334,937.6168371639527,1623.6940980881132,inf,0
Gambela,Oats,2021,58318.95,0,0,25,2020,1,4,485.2197802197802,-0.1133742964865565,3,382.8538461538462,0.050681203459444796,64289.84447004608,1,Gambela_Oats,Gambela_2021,Oats_2021,11020.445,-1.0,-1.0,0.0,462.8839779005525,-462.8839779005525,541.3333333333334,937.6168371639527,0.0,-464.8839779005525,2
Harari,Oats,2021,58318.95,0,0,25,2020,1,5,12684.181318681318,-0.1133742964865565,3,382.8538461538462,0.050681203459444796,64289.84447004608,1,Harari_Oats,Harari_2021,Oats_2021,14.5,0.0,0.0,0.0,536.2277777777778,-536.2277777777778,541.3333333333334,937.6168371639527,0.0,-536.2277777777778,1
Dire Dawa,Oats,2021,58318.95,0,0,25,2020,1,3,361.5824175824176,-0.1133742964865565,3,382.8538461538462,0.050681203459444796,64289.84447004608,1,DIRE DAWA_Oats,DIRE DAWA_2021,Oats_2021,11020.445,0.0,0.0,0.0,361.5824175824176,-361.5824175824176,0.0,0.0,0.0,-361.5824175824176,1
Tigray,Oats,2022,58318.95,0,0,26,2020,1,9,1323.2252747252746,-0.1133742964865565,3,382.8538461538462,0.050681203459444796,64289.84447004608,1,Tigray_Oats,Tigray_2022,Oats_2022,436.4225,0.0,0.0,0.0,1323.2252747252746,-1323.2252747252746,0.0,0.0,0.0,-1323.2252747252746,1
Afar,Oats,2022,58318.95,0,0,26,2020,1,0,454.0164835164835,-0.1133742964865565,3,382.8538461538462,0.050681203459444796,64289.84447004608,1,Afar_Oats,Afar_2022,Oats_2022,11020.445,0.0,0.0,0.0,425.4088397790055,-425.4088397790055,0.0,0.0,0.0,-425.4088397790055,1
Amhara,Oats,2022,2933.05,4151348,1415,26,2020,1,1,1654.5824175824175,-0.993440680178353,3,382.8538461538462,-0.39289582404083,2933.8148409893997,0,Amhara_Oats,Amhara_2022,Oats_2022,2933.05,inf,inf,1415.368984504185,1625.4222222222222,-210.42222222222222,471.6666666666667,816.950630903321,1415.368984504185,inf,1
Oromia,Oats,2022,24498.96,54715830,2233,26,2020,1,6,1857.7087912087911,-0.767273239997345,3,382.8538461538462,1.3683146767447751,24503.282579489474,0,Oromiya_Oats,Oromiya_2022,Oats_2022,24498.96,0.5780918727915194,12.180256148123453,2233.393988969328,1817.2122905027934,415.7877094972066,1216.0,1129.7225323060527,2233.393988969328,428.5460575181216,0
Somali,Oats,2022,58318.95,0,0,26,2020,1,8,549.7857142857143,-0.1133742964865565,3,382.8538461538462,0.050681203459444796,64289.84447004608,1,Somalia_Oats,Somalia_2022,Oats_2022,321.82,-1.0,-1.0,0.0,549.7857142857143,-549.7857142857143,1216.0,1129.722532306053,0.0,-551.7857142857143,2
Benishangul Gumuz,Oats,2022,58318.95,0,0,26,2020,1,2,1183.4835164835165,-1.0,3,382.8538461538462,0.050681203459444796,64289.84447004608,1,Benushangul Gumuz_Oats,Benushangul Gumuz_2022,Oats_2022,50.75666666666666,0.0,0.0,0.0,1148.8333333333333,-1148.8333333333333,744.3333333333334,1289.2231511004347,0.0,-1148.8333333333333,1
SNNPR,Oats,2022,98.41,143726,1460,26,2020,1,7,1521.2747252747254,-0.99333612111581,3,382.8538461538462,-0.705676126194386,98.44246575342466,0,S.N.N.P.R_Oats,S.N.N.P.R_2022,Oats_2022,98.41,inf,inf,1460.481658368052,1491.7666666666667,-31.76666666666665,486.6666666666667,842.9313930168545,1460.481658368052,inf,1
Gambela,Oats,2022,58318.95,0,0,26,2020,1,4,485.2197802197802,-0.1133742964865565,3,382.8538461538462,0.050681203459444796,64289.84447004608,1,Gambela_Oats,Gambela_2022,Oats_2022,11020.445,-1.0,-1.0,0.0,462.8839779005525,-462.8839779005525,486.6666666666667,842.9313930168545,0.0,-464.8839779005525,2
Harari,Oats,2022,58318.95,0,0,26,2020,1,5,12684.181318681318,-0.1133742964865565,3,382.8538461538462,0.050681203459444796,64289.84447004608,1,Harari_Oats,Harari_2022,Oats_2022,14.5,0.0,0.0,0.0,536.2277777777778,-536.2277777777778,486.6666666666667,842.9313930168545,0.0,-536.2277777777778,1
Dire Dawa,Oats,2022,58318.95,0,0,26,2020,1,3,361.5824175824176,-0.1133742964865565,3,382.8538461538462,0.050681203459444796,64289.84447004608,1,DIRE DAWA_Oats,DIRE DAWA_2022,Oats_2022,11020.445,0.0,0.0,0.0,361.5824175824176,-361.5824175824176,0.0,0.0,0.0,-361.5824175824176,1
Tigray,Sorghum,1996,96140.0,172968000,1799,0,1990,0,9,1323.2252747252746,1.545031855568471,4,1501.899613899614,0.050681203459444796,96146.7481934408,0,Tigray_Sorghum,Tigray_1996,Sorghum_1996,96140.0,0.0,0.0,1799.1262741834823,1323.2252747252746,475.77472527472537,1799.0,0.0,1799.1262741834823,475.77472527472537,0
Afar,Sorghum,1996,13160.0,11564000,879,0,1990,0,0,454.0164835164835,2.1804180418041805,4,1501.899613899614,inf,13155.858930602955,0,Afar_Sorghum,Afar_1996,Sorghum_1996,13160.0,-0.5113952195664258,-0.9331437028814579,878.7234042553191,425.4088397790055,453.5911602209945,1339.0,650.5382386916237,878.7234042553191,452.1466212985466,0
Amhara,Sorghum,1996,471890.0,567886000,1203,0,1990,0,1,1654.5824175824175,0.0020415401364672,4,1501.899613899614,472.3326054105776,472058.1878636741,0,Amhara_Sorghum,Amhara_1996,Sorghum_1996,471890.0,0.3686006825938566,48.108094085091665,1203.4287651783254,1625.4222222222222,-422.4222222222222,1293.6666666666667,466.6533331428517,1203.4287651783254,-373.9455274545367,1
Oromia,Sorghum,1996,452110.0,731963000,1619,0,1990,0,6,1857.7087912087911,-0.500716903087799,4,1501.899613899614,-0.521341922608372,452108.09141445335,0,Oromiya_Sorghum,Oromiya_1996,Sorghum_1996,452110.0,0.3458021612635078,0.28892594640473623,1618.9931653801066,1817.2122905027934,-198.2122905027934,1233.6666666666667,370.951928601717,1618.9931653801066,-197.57756239512514,1
Somali,Sorghum,1996,29150.0,16322000,560,0,1990,0,8,549.7857142857143,-0.171934452843589,4,1501.899613899614,-0.990196494975107,29146.42857142857,0,Somalia_Sorghum,Somalia_1996,Sorghum_1996,29150.0,-0.6541074737492278,-0.9777010586600688,559.9313893653516,549.7857142857143,10.214285714285666,1127.3333333333333,533.5394393419602,559.9313893653516,8.582477181876369,0
Benishangul Gumuz,Sorghum,1996,35070.0,38884000,1109,0,1990,0,2,1183.4835164835165,-0.0279243018924526,4,1501.899613899614,1.7007695428987135,35062.218214607754,0,Benushangul Gumuz_Sorghum,Benushangul Gumuz_1996,Sorghum_1996,35070.0,0.9803571428571429,1.3823060899399584,1108.7539207299687,1148.8333333333333,-39.83333333333326,1096.0,529.6196748611214,1108.7539207299687,-37.470670100536154,1
SNNPR,Sorghum,1996,140370.0,167762000,1195,0,1990,0,7,1521.2747252747254,-0.533544833492282,4,1501.899613899614,inf,140386.6108786611,0,S.N.N.P.R_Sorghum,S.N.N.P.R_1996,Sorghum_1996,140370.0,0.07754733994589724,3.314422384528341,1195.1414119826175,1491.7666666666667,-296.76666666666665,954.6666666666666,344.4856068594642,1195.1414119826175,-293.37469694219243,1
Gambela,Sorghum,1996,4440.0,7813000,1760,0,1990,0,4,485.2197802197802,-0.47170194063155,4,1501.899613899614,-0.960463919095768,4439.204545454545,0,Gambela_Sorghum,Gambela_1996,Sorghum_1996,4440.0,0.4728033472803348,-0.9534280707192332,1759.6846846846847,462.8839779005525,1297.1160220994475,1354.6666666666667,353.65284295949516,1759.6846846846847,1296.6353973760085,0
Dire Dawa,Sorghum,1996,7160.0,4329000,605,0,1990,0,3,361.5824175824176,inf,4,1501.899613899614,-0.712863363156011,7155.371900826446,0,DIRE DAWA_Sorghum,DIRE DAWA_1996,Sorghum_1996,7160.0,-0.65625,-0.44592346089850254,604.608938547486,361.5824175824176,243.41758241758242,1186.6666666666667,577.5450920346682,604.608938547486,242.3154089566839,0
Tigray,Sorghum,1997,141190.0,234032000,1658,1,1990,0,9,1323.2252747252746,1.828010392121322,4,1501.899613899614,0.3530363997964942,141153.19662243666,0,Tigray_Sorghum,Tigray_1997,Sorghum_1997,141190.0,1.7404958677685949,53.06144606144606,1657.5678164175933,1323.2252747252746,334.77472527472537,1341.0,639.4317790038278,1657.5678164175933,389.57666720394,0
Afar,Sorghum,1997,19860.0,0,0,1,1990,0,0,454.0164835164835,-1.0,4,1501.899613899614,-1.0,64289.84447004608,0,Afar_Sorghum,Afar_1997,Sorghum_1997,19860.0,-1.0,-1.0,0.0,425.4088397790055,-425.4088397790055,754.3333333333334,839.0270158542771,0.0,-427.4088397790055,2
Amhara,Sorghum,1997,26220.0,802120000,1281,1,1990,0,1,1654.5824175824175,0.5130771044564961,4,1501.899613899614,0.4124665866036494,626167.0569867291,0,Amhara_Sorghum,Amhara_1997,Sorghum_1997,26220.0,inf,inf,30591.914569031273,1625.4222222222222,-344.4222222222222,979.6666666666666,869.1043282214935,30591.914569031273,inf,1
Oromia,Sorghum,1997,426420.0,734956000,1724,1,1990,0,6,1857.7087912087911,3.7674573984341047,4,1501.899613899614,0.0040890044988612,426308.5846867749,0,Oromiya_Sorghum,Oromiya_1997,Sorghum_1997,426420.0,0.345823575331772,-0.08373310726574579,1723.549552084799,1817.2122905027934,-93.2122905027934,1001.6666666666666,895.3012528380228,1723.549552084799,-92.95020003472737,1
Somali,Sorghum,1997,24950.0,16796000,673,1,1990,0,8,549.7857142857143,0.1766024518388791,4,1501.899613899614,0.0290405587550546,24956.90936106984,0,Somalia_Sorghum,Somalia_1997,Sorghum_1997,24950.0,-0.6096287703016241,-0.9771469312448636,673.186372745491,549.7857142857143,123.21428571428567,1226.0,527.6542428522677,673.186372745491,121.62751001273918,0
Benishangul Gumuz,Sorghum,1997,38340.0,44884000,1171,1,1990,0,2,1183.4835164835165,0.0114020460588579,4,1501.899613899614,0.1543051126427321,38329.632792485056,0,Benushangul Gumuz_Sorghum,Benushangul Gumuz_1997,Sorghum_1997,38340.0,0.7399702823179792,1.6723029292688736,1170.6833594157538,1148.8333333333333,22.166666666666742,1189.3333333333333,525.7397962236959,1170.6833594157538,24.578939878253596,0
SNNPR,Sorghum,1997,111760.0,131422000,1176,1,1990,0,7,1521.2747252747254,-0.577888123747366,4,1501.899613899614,-0.216616397038661,111753.40136054422,0,S.N.N.P.R_Sorghum,S.N.N.P.R_1997,Sorghum_1997,111760.0,0.004269854824936026,1.928036716870154,1175.9305654974946,1491.7666666666667,-315.76666666666665,1006.6666666666666,288.9746240300922,1175.9305654974946,-313.83436009497154,1
Gambela,Sorghum,1997,2100.0,4251000,2024,1,1990,0,4,485.2197802197802,-0.102027883396704,4,1501.899613899614,-0.455906821963394,2100.296442687747,0,Gambela_Sorghum,Gambela_1997,Sorghum_1997,2100.0,0.7210884353741496,-0.9676538174734823,2024.2857142857142,462.8839779005525,1561.1160220994475,1457.0,491.04276799480493,2024.2857142857142,1560.8694567173482,0
Harari,Sorghum,1997,3580.0,3445000,962,1,1990,0,5,12684.181318681318,1.7104642014162077,4,1501.899613899614,0.140728476821192,3581.0810810810813,0,Harari_Sorghum,Harari_1997,Sorghum_1997,3580.0,-0.5247035573122529,-0.18960244648318048,962.2905027932961,536.2277777777778,425.77222222222224,1387.3333333333333,561.655885158638,962.2905027932961,425.0579162184268,0
Dire Dawa,Sorghum,1997,5460.0,6419000,1176,1,1990,0,3,361.5824175824176,inf,4,1501.899613899614,0.4827904827904827,5458.333333333333,0,DIRE DAWA_Sorghum,DIRE DAWA_1997,Sorghum_1997,5460.0,0.22245322245322252,0.8632801161103048,1175.6410256410256,361.5824175824176,814.4175824175825,1387.3333333333333,561.655885158638,1175.6410256410256,815.503315756146,0
Tigray,Sorghum,1998,124330.0,126829000,1020,2,1990,0,9,1323.2252747252746,0.3299323651234729,4,1501.899613899614,-0.458069836603541,124342.1568627451,0,Tigray_Sorghum,Tigray_1998,Sorghum_1998,124330.0,-0.13265306122448983,18.75837357843901,1020.0997345773345,1323.2252747252746,-303.22527472527463,1052.6666666666667,110.67670637190602,1020.0997345773345,-284.5995542080601,1
Afar,Sorghum,1998,4310.0,2775000,644,2,1990,0,0,454.0164835164835,-0.532355915065722,4,1501.899613899614,inf,4309.006211180124,0,Afar_Sorghum,Afar_1998,Sorghum_1998,4310.0,-0.3686274509803922,-0.9781201460233858,643.8515081206497,425.4088397790055,218.59116022099448,946.6666666666666,273.47638533031164,643.8515081206497,217.2444126239907,0
Amhara,Sorghum,1998,352600.0,359035000,1018,2,1990,0,1,1654.5824175824175,-0.048382009547058,4,1501.899613899614,-0.5523924101132,352686.64047151274,0,Amhara_Sorghum,Amhara_1998,Sorghum_1998,352600.0,0.5807453416149069,128.381981981982,1018.2501418037436,1625.4222222222222,-607.4222222222222,894.0,216.50866033486918,1018.2501418037436,-478.4594948986253,1
Oromia,Sorghum,1998,326700.0,412395000,1262,2,1990,0,6,1857.7087912087911,-0.600174707544224,4,1501.899613899614,-0.438884776775752,326778.9223454834,0,Oromiya_Sorghum,Oromiya_1998,Sorghum_1998,326700.0,0.2396856581532416,0.1486206080187169,1262.3048668503213,1817.2122905027934,-555.2122905027934,974.6666666666666,311.27051471884243,1262.3048668503213,-554.8239842366214,1
Somali,Sorghum,1998,20650.0,14136000,685,2,1990,0,8,549.7857142857143,-0.563717169223172,4,1501.899613899614,-0.158371040723981,20636.496350364963,0,Somalia_Sorghum,Somalia_1998,Sorghum_1998,20650.0,-0.4572107765451664,-0.965722183828611,684.5520581113801,549.7857142857143,135.21428571428567,988.3333333333334,289.64173272049925,684.5520581113801,133.7913527539119,0
Benishangul Gumuz,Sorghum,1998,45830.0,63780000,1392,2,1990,0,2,1183.4835164835165,0.6107687645216688,4,1501.899613899614,0.4209963461367079,45818.96551724138,0,Benushangul Gumuz_Sorghum,Benushangul Gumuz_1998,Sorghum_1998,45830.0,1.0321167883211677,3.51188455008489,1391.6648483526074,1148.8333333333333,243.16666666666674,1113.0,376.3150276032034,1391.6648483526074,247.7106680050728,0
SNNPR,Sorghum,1998,69590.0,80746000,1160,2,1990,0,7,1521.2747252747254,-0.75127372642759,4,1501.899613899614,-0.385597540746602,69608.62068965517,0,S.N.N.P.R_Sorghum,S.N.N.P.R_1998,Sorghum_1998,69590.0,-0.16666666666666663,0.266008153026027,1160.3103894237677,1491.7666666666667,-331.76666666666665,1079.0,360.39284121635905,1160.3103894237677,-331.6673251803073,1
Gambela,Sorghum,1998,3290.0,4384000,1333,2,1990,0,4,485.2197802197802,-0.797430921356621,4,1501.899613899614,0.0312867560573981,3288.822205551388,0,Gambela_Sorghum,Gambela_1998,Sorghum_1998,3290.0,0.1491379310344827,-0.945706288856414,1332.5227963525836,462.8839779005525,870.1160220994475,1295.0,120.57777573002318,1332.5227963525836,869.3194537416256,0
Harari,Sorghum,1998,2990.0,2284000,764,2,1990,0,5,12684.181318681318,3.2771535580524347,4,1501.899613899614,-0.337010159651669,2989.528795811518,0,Harari_Sorghum,Harari_1998,Sorghum_1998,2990.0,-0.42685671417854465,-0.47901459854014594,763.8795986622074,536.2277777777778,227.77222222222224,1085.6666666666667,291.69218935949095,763.8795986622074,226.86635090950355,0
Dire Dawa,Sorghum,1998,4430.0,3350000,756,2,1990,0,3,361.5824175824176,inf,4,1501.899613899614,-0.478111855429194,4431.216931216931,0,DIRE DAWA_Sorghum,DIRE DAWA_1998,Sorghum_1998,4430.0,-0.010471204188481686,0.4667250437828372,756.2076749435666,361.5824175824176,394.4175824175824,951.0,330.8458855721192,756.2076749435666,394.8738362571768,0
Tigray,Sorghum,1999,108690.0,145627000,1340,3,1990,0,9,1323.2252747252746,0.1049257196619068,4,1501.899613899614,0.148215313532394,108676.8656716418,0,Tigray_Sorghum,Tigray_1999,Sorghum_1999,108690.0,0.7724867724867726,42.47074626865672,1339.838071579722,1323.2252747252746,16.77472527472537,953.3333333333334,334.8870456337974,1339.838071579722,60.01795831586886,0
Afar,Sorghum,1999,58318.95,6434000,3507,3,1990,0,0,454.0164835164835,0.1181786583246438,4,1501.899613899614,1.3185585585585584,1834.616481323068,1,Afar_Sorghum,Afar_1999,Sorghum_1999,4836.765333333333,1.6171641791044777,-0.9558186325338021,110.32434568866553,425.4088397790055,3081.5911602209944,1867.6666666666667,1449.422068734064,110.32434568866553,3082.2525057675653,0
Amhara,Sorghum,1999,414080.0,506189000,1222,3,1990,0,1,1654.5824175824175,-0.0421631461329004,4,1501.899613899614,0.4098597629757545,414229.9509001637,0,Amhara_Sorghum,Amhara_1999,Sorghum_1999,414080.0,-0.6515540347875677,77.67407522536524,1222.442523183926,1625.4222222222222,-403.4222222222222,2023.0,1286.5352696292473,1222.442523183926,-326.39970103164455,1
Oromia,Sorghum,1999,351260.0,493269000,1404,3,1990,0,6,1857.7087912087911,-0.641975478896056,4,1501.899613899614,0.1961081002436984,351331.19658119656,0,Oromiya_Sorghum,Oromiya_1999,Sorghum_1999,351260.0,0.14893617021276606,-0.025524063146374232,1404.284575528099,1817.2122905027934,-413.2122905027934,2044.3333333333333,1269.9709970441584,1404.284575528099,-413.088878395727,1
Somali,Sorghum,1999,58318.95,7234000,0,3,1990,0,8,549.7857142857143,-0.491887335815129,4,1501.899613899614,-0.488256932654216,inf,1,Somalia_Sorghum,Somalia_1999,Sorghum_1999,29972.79363636364,-1.0,-0.9853345740356682,124.04201378797116,549.7857142857143,-549.7857142857143,875.3333333333334,763.503328960217,124.04201378797116,-551.77104885975,2
Benishangul Gumuz,Sorghum,1999,52140.0,66651000,1278,3,1990,0,2,1183.4835164835165,0.2058727746417716,4,1501.899613899614,0.0450141110065851,52152.58215962441,0,Benushangul Gumuz_Sorghum,Benushangul Gumuz_1999,Sorghum_1999,52140.0,inf,8.213574785734034,1278.3084004602993,1148.8333333333333,129.16666666666674,894.0,776.7856847290635,1278.3084004602993,inf,0
SNNPR,Sorghum,1999,82910.0,79245000,956,3,1990,0,7,1521.2747252747254,-0.725158672354593,4,1501.899613899614,-0.0185891561191885,82892.25941422595,0,S.N.N.P.R_Sorghum,S.N.N.P.R_1999,Sorghum_1999,82910.0,-0.2519561815336463,0.18895440428500687,955.7954408394645,1491.7666666666667,-535.7666666666667,744.6666666666666,664.6934130359148,955.7954408394645,-535.8296684439152,2
Gambela,Sorghum,1999,58318.95,8294000,0,3,1990,0,4,485.2197802197802,-0.390460792239288,4,1501.899613899614,0.8918795620437956,inf,1,Gambela_Sorghum,Gambela_1999,Sorghum_1999,3359.7313636363638,-1.0,-0.8953372452520664,142.2179240195511,462.8839779005525,-462.8839779005525,744.6666666666666,664.6934130359148,142.2179240195511,-464.77931514580456,2
Harari,Sorghum,1999,3260.0,2545000,781,3,1990,0,5,12684.181318681318,1.0118577075098814,4,1501.899613899614,0.1142732049036776,3258.642765685019,0,Harari_Sorghum,Harari_1999,Sorghum_1999,3260.0,inf,-0.6931516759102966,780.6748466257669,536.2277777777778,244.77222222222224,579.0,509.005893875503,780.6748466257669,inf,0
Dire Dawa,Sorghum,1999,4940.0,5336000,1080,3,1990,0,3,361.5824175824176,39.732824427480914,4,1501.899613899614,0.5928358208955224,4940.740740740741,0,DIRE DAWA_Sorghum,DIRE DAWA_1999,Sorghum_1999,4940.0,0.382842509603073,1.0966601178781925,1080.161943319838,361.5824175824176,718.4175824175825,620.3333333333334,557.6381742073736,1080.161943319838,719.8970850450637,0
Tigray,Sorghum,2000,81570.0,104165000,1277,4,2000,0,9,1323.2252747252746,-0.225492966124379,4,1501.899613899614,-0.284713686335638,81570.0861393892,0,Tigray_Sorghum,Tigray_2000,Sorghum_2000,81570.0,0.18240740740740735,18.521176911544227,1277.0013485350007,1323.2252747252746,-46.22527472527463,1046.0,249.7418667344342,1277.0013485350007,-27.521690406322996,1
Afar,Sorghum,2000,4310.0,5290000,1227,4,2000,0,0,454.0164835164835,-0.566037735849056,4,1501.899613899614,-0.17780540876593,4311.328443357783,0,Afar_Sorghum,Afar_2000,Sorghum_2000,4310.0,-0.03915426781519182,-0.949215187442999,1227.3781902552205,425.4088397790055,801.5911602209944,1194.6666666666667,102.4027994409002,1227.3781902552205,800.6027907657362,0
Amhara,Sorghum,2000,356850.0,36944000,1037,4,2000,0,1,1654.5824175824175,-0.929617740353016,4,1501.899613899614,-0.927015403337488,35625.84378013501,0,Amhara_Sorghum,Amhara_2000,Sorghum_2000,356850.0,-0.15484922575387128,5.9837429111531195,103.52809303628976,1625.4222222222222,-588.4222222222222,1180.3333333333333,126.62279942148339,103.52809303628976,-582.5933285368229,2
Oromia,Sorghum,2000,368030.0,513295000,1395,4,2000,0,6,1857.7087912087911,-0.644483061700416,4,1501.899613899614,0.0405985375119863,367953.4050179211,0,Oromiya_Sorghum,Oromiya_2000,Sorghum_2000,368030.0,0.3452266152362584,12.893866392377653,1394.7096704073037,1817.2122905027934,-422.2122905027934,1219.6666666666667,179.11262750943385,1394.7096704073037,-408.9731974951795,1
Somali,Sorghum,2000,16250.0,7702000,474,4,2000,0,8,549.7857142857143,-0.262472469596859,4,1501.899613899614,0.0646944982029305,16248.945147679326,0,Somalia_Sorghum,Somalia_2000,Sorghum_2000,16250.0,-0.6602150537634408,-0.984994983391617,473.96923076923076,549.7857142857143,-75.78571428571433,968.6666666666666,464.2869084233726,473.96923076923076,-77.43092432286939,1
Benishangul Gumuz,Sorghum,2000,60350.0,74359000,1232,4,2000,0,2,1183.4835164835165,0.5066458645702476,4,1501.899613899614,0.1156471770866154,60356.331168831166,0,Benushangul Gumuz_Sorghum,Benushangul Gumuz_2000,Sorghum_2000,60350.0,1.5991561181434597,8.654505323292652,1232.129246064623,1148.8333333333333,83.16666666666674,1033.6666666666667,491.48991173098676,1232.129246064623,93.42032810810285,0
SNNPR,Sorghum,2000,93240.0,87370000,937,4,2000,0,7,1521.2747252747254,-0.738357555049127,4,1501.899613899614,0.1025301280837907,93244.3970117396,0,S.N.N.P.R_Sorghum,S.N.N.P.R_2000,Sorghum_2000,93240.0,-0.23944805194805197,0.17497545690501481,937.0441870441871,1491.7666666666667,-554.7666666666667,881.0,382.09030346241434,937.0441870441871,-554.8311392617097,2
Gambela,Sorghum,2000,5310.0,10133000,1908,4,2000,0,4,485.2197802197802,-0.298317291046326,4,1501.899613899614,0.2217265493127562,5310.796645702306,0,Gambela_Sorghum,Gambela_2000,Sorghum_2000,5310.0,1.0362860192102454,-0.8840219755064668,1908.2862523540489,462.8839779005525,1445.1160220994475,1359.0,497.80216954127434,1908.2862523540489,1445.2682861431513,0
Harari,Sorghum,2000,3910.0,3184000,814,4,2000,0,5,12684.181318681318,0.9569760295021512,4,1501.899613899614,0.2510805500982318,3911.547911547912,0,Harari_Sorghum,Harari_2000,Sorghum_2000,3910.0,-0.5733752620545074,-0.6857791374716273,814.3222506393862,536.2277777777778,277.77222222222224,1219.6666666666667,599.278176920646,814.3222506393862,276.5130678226961,0
Dire Dawa,Sorghum,2000,5590.0,5701000,1020,4,2000,0,3,361.5824175824176,20.11481481481481,4,1501.899613899614,0.0684032983508244,5589.21568627451,0,DIRE DAWA_Sorghum,DIRE DAWA_2000,Sorghum_2000,5590.0,0.2530712530712531,0.7905150753768844,1019.8568872987478,361.5824175824176,658.4175824175825,1247.3333333333333,581.3512994165688,1019.8568872987478,659.4611687460306,0
Tigray,Sorghum,2001,134360.0,171080000,1273,5,2000,0,9,1323.2252747252746,0.9879385073031292,4,1501.899613899614,0.6423942783084529,134391.2018853103,0,Tigray_Sorghum,Tigray_2001,Sorghum_2001,134360.0,0.24803921568627452,29.008770391159445,1273.295623697529,1323.2252747252746,-50.22527472527463,1035.6666666666667,229.90070320321627,1273.295623697529,-20.96846511842891,1
Afar,Sorghum,2001,11250.0,0,0,5,2000,0,0,454.0164835164835,-1.0,4,1501.899613899614,-1.0,64289.84447004608,0,Afar_Sorghum,Afar_2001,Sorghum_2001,11250.0,-1.0,-1.0,0.0,425.4088397790055,-425.4088397790055,764.3333333333334,673.9112206613967,0.0,-427.4088397790055,2
Amhara,Sorghum,2001,520870.0,570791000,1096,5,2000,0,1,1654.5824175824175,-0.120348352476486,4,1501.899613899614,14.450167821567778,520794.70802919706,0,Amhara_Sorghum,Amhara_2001,Sorghum_2001,520870.0,inf,inf,1095.8415727532781,1625.4222222222222,-529.4222222222222,789.6666666666666,689.5740230992852,1095.8415727532781,inf,1
Oromia,Sorghum,2001,410420.0,536990000,1308,5,2000,0,6,1857.7087912087911,-0.688651633536728,4,1501.899613899614,0.0461625381116121,410542.8134556575,0,Oromiya_Sorghum,Oromiya_2001,Sorghum_2001,410420.0,0.1934306569343065,-0.05921782228521477,1308.3914039276838,1817.2122905027934,-509.2122905027934,801.3333333333334,702.0237412889492,1308.3914039276838,-509.0780776681443,1
Somali,Sorghum,2001,24510.0,21283000,868,5,2000,0,8,549.7857142857143,0.1172764974539346,4,1501.899613899614,1.7633082316281483,24519.585253456225,0,Somalia_Sorghum,Somalia_2001,Sorghum_2001,24510.0,-0.33639143730886845,-0.9603661148252295,868.3394532843737,549.7857142857143,318.21428571428567,1090.6666666666667,220.0484795069784,868.3394532843737,316.91752816215154,0
Benishangul Gumuz,Sorghum,2001,61070.0,75467000,1236,5,2000,0,2,1183.4835164835165,0.5928701084891721,4,1501.899613899614,0.0149006845170054,61057.44336569579,0,Benushangul Gumuz_Sorghum,Benushangul Gumuz_2001,Sorghum_2001,61070.0,0.42396313364055294,2.545881689611427,1235.7458654003603,1148.8333333333333,87.16666666666674,1137.3333333333333,236.0112991645379,1235.7458654003603,90.13651148991872,0
SNNPR,Sorghum,2001,153800.0,146571000,953,5,2000,0,7,1521.2747252747254,-0.746974661386494,4,1501.899613899614,0.6775895616344283,153799.58027282267,0,S.N.N.P.R_Sorghum,S.N.N.P.R_2001,Sorghum_2001,153800.0,-0.22896440129449835,0.9421866511190322,952.997399219766,1491.7666666666667,-538.7666666666667,1019.0,192.67329861711477,952.997399219766,-538.0534444168421,2
Gambela,Sorghum,2001,4540.0,5720000,1260,5,2000,0,4,485.2197802197802,-0.765765765765765,4,1501.899613899614,-0.43550774696536,4539.68253968254,0,Gambela_Sorghum,Gambela_2001,Sorghum_2001,4540.0,0.3221406086044072,-0.9609745447598774,1259.9118942731277,462.8839779005525,797.1160220994475,1149.6666666666667,170.74054390604766,1259.9118942731277,796.477188163292,0
Harari,Sorghum,2001,4990.0,3781000,758,5,2000,0,5,12684.181318681318,2.9385416666666666,4,1501.899613899614,0.1875,4988.126649076517,0,Harari_Sorghum,Harari_2001,Sorghum_2001,4990.0,-0.39841269841269844,-0.338986013986014,757.7154308617235,536.2277777777778,221.77222222222224,990.3333333333334,253.07377053604995,757.7154308617235,221.03482350982353,0
Dire Dawa,Sorghum,2001,7060.0,6424000,910,5,2000,0,3,361.5824175824176,14.668292682926827,4,1501.899613899614,0.1268198561655849,7059.340659340659,0,DIRE DAWA_Sorghum,DIRE DAWA_2001,Sorghum_2001,7060.0,0.20052770448548807,0.6990214229039937,909.915014164306,361.5824175824176,548.4175824175825,976.0,257.4257174409736,909.915014164306,549.317131544972,0
Tigray,Sorghum,2002,114058.73,192349234,1686,6,2000,0,9,1323.2252747252746,1.149220666688783,4,1501.899613899614,0.1243233224222586,114086.14116251485,0,Tigray_Sorghum,Tigray_2002,Sorghum_2002,114058.73,0.8527472527472528,28.942284246575344,1686.4051879238004,1323.2252747252746,362.77472527472537,1118.0,497.7388873696726,1686.4051879238004,392.56975677404796,0
Afar,Sorghum,2002,1404.78,1094059,779,6,2000,0,0,454.0164835164835,-0.819210537970019,4,1501.899613899614,inf,1404.4403080872914,0,Afar_Sorghum,Afar_2002,Sorghum_2002,1404.78,-0.5379596678529063,-0.9943121218772308,778.8116288671536,425.4088397790055,353.5911602209945,1125.0,490.2356576178437,778.8116288671536,352.05888843126434,0
Amhara,Sorghum,2002,409473.2,522628511,1276,6,2000,0,1,1654.5824175824175,-0.180177172181893,4,1501.899613899614,-0.0843785010625605,409583.4725705329,0,Amhara_Sorghum,Amhara_2002,Sorghum_2002,409473.2,0.637997432605905,476.6968253083243,1276.3436312803865,1625.4222222222222,-349.4222222222222,1247.0,454.1948920892874,1276.3436312803865,127.91260051870802,1
Oromia,Sorghum,2002,437397.55,635585291,1453,6,2000,0,6,1857.7087912087911,-0.617206633937983,4,1501.899613899614,0.1836073129853441,437429.6565726084,0,Oromiya_Sorghum,Oromiya_2002,Sorghum_2002,437397.55,0.13871473354231978,0.21613206631966553,1453.1066554899542,1817.2122905027934,-364.2122905027934,1169.3333333333333,349.43144296604584,1453.1066554899542,-363.8574437029314,1
Somali,Sorghum,2002,20824.36,27905426,1340,6,2000,0,8,549.7857142857143,0.0592414588027978,4,1501.899613899614,0.3111603627308179,20824.9447761194,0,Somalia_Sorghum,Somalia_2002,Sorghum_2002,20824.36,-0.07777013076393668,-0.9560949153557425,1340.037629007566,549.7857142857143,790.2142857142857,1356.3333333333333,89.62328566467863,1340.037629007566,789.180420668166,0
Benishangul Gumuz,Sorghum,2002,52375.42,67039074,1280,6,2000,0,2,1183.4835164835165,0.6250889763048864,4,1501.899613899614,-0.111676971391469,52374.2765625,0,Benushangul Gumuz_Sorghum,Benushangul Gumuz_2002,Sorghum_2002,52375.42,-0.04477611940298509,1.402366980529163,1279.9720555940173,1148.8333333333333,131.16666666666674,1357.6666666666667,87.84266237616312,1279.9720555940173,132.5242575277929,0
SNNPR,Sorghum,2002,84276.06,84200946,999,6,2000,0,7,1521.2747252747254,-0.742534452952188,4,1501.899613899614,-0.425527928444235,84285.23123123123,0,S.N.N.P.R_Sorghum,S.N.N.P.R_2002,Sorghum_2002,84276.06,-0.21953124999999996,0.2559980467510634,999.1087148592376,1491.7666666666667,-492.76666666666665,1206.3333333333333,182.04486626470094,999.1087148592376,-492.73019986991557,2
Gambela,Sorghum,2002,2664.26,3321791,1247,6,2000,0,4,485.2197802197802,-0.697654756439303,4,1501.899613899614,-0.419267307692307,2663.825982357658,0,Gambela_Sorghum,Gambela_2002,Sorghum_2002,2664.26,0.2482482482482482,-0.9605492437103973,1246.7968591653967,462.8839779005525,784.1160220994475,1175.3333333333333,153.59796005589695,1246.7968591653967,783.4037211039854,0
Harari,Sorghum,2002,3834.52,3489212,910,6,2000,0,5,12684.181318681318,3.2204465732878536,4,1501.899613899614,-0.0771721766728378,3834.298901098901,0,Harari_Sorghum,Harari_2002,Sorghum_2002,3834.52,-0.2702485966319166,0.050400822929558275,909.947529286586,536.2277777777778,373.77222222222224,1052.0,174.63962895059018,909.947529286586,373.55237444851986,0
Dire Dawa,Sorghum,2002,6160.24,8574942,1392,6,2000,0,3,361.5824175824176,24.985696406222065,4,1501.899613899614,0.3348290784557908,6160.1594827586205,0,DIRE DAWA_Sorghum,DIRE DAWA_2002,Sorghum_2002,6160.24,0.5296703296703296,1.4575583254901106,1391.981805903666,361.5824175824176,1030.4175824175825,1183.0,247.29132617218818,1391.981805903666,1032.4048110727429,0
Tigray,Sorghum,2004,128927.0,194205000,1506,8,2000,0,9,1323.2252747252746,2.0447147652321966,4,1501.899613899614,0.0096478990917114,128954.18326693228,0,Tigray_Sorghum,Tigray_2004,Sorghum_2004,128927.0,0.0818965517241379,21.64796659849128,1506.3175285238933,1323.2252747252746,182.77472527472537,1269.3333333333333,316.36898288759716,1506.3175285238933,204.50458842494078,0
Afar,Sorghum,2004,3045.0,2863500,940,8,2000,0,0,454.0164835164835,-0.865450940222345,4,1501.899613899614,1.6173177132129073,3046.276595744681,0,Afar_Sorghum,Afar_2004,Sorghum_2004,3045.0,-0.3758300132802125,-0.9852552714914652,940.3940886699507,425.4088397790055,514.5911602209944,1279.3333333333333,299.34818077505116,940.3940886699507,513.2300749362228,0
Amhara,Sorghum,2004,457450.0,603949400,1320,8,2000,0,1,1654.5824175824175,0.3004617672043004,4,1501.899613899614,0.1555997946694491,457537.42424242425,0,Amhara_Sorghum,Amhara_2004,Sorghum_2004,457450.0,0.4042553191489362,209.913008555963,1320.2522680074326,1625.4222222222222,-305.4222222222222,1255.3333333333333,288.4880124603668,1320.2522680074326,-95.10495834711028,1
Oromia,Sorghum,2004,500943.0,756626600,1510,8,2000,0,6,1857.7087912087911,-0.51234401083659,4,1501.899613899614,0.1904407020017082,501077.2185430463,0,Oromiya_Sorghum,Oromiya_2004,Sorghum_2004,500943.0,0.14393939393939403,0.2527979993025906,1510.4045769678387,1817.2122905027934,-307.2122905027934,1256.6666666666667,290.2297940138689,1510.4045769678387,-306.8155531095514,1
Somali,Sorghum,2004,31008.0,27036800,872,8,2000,0,8,549.7857142857143,1.3278488096775585,4,1501.899613899614,-0.0311274947030014,31005.504587155963,0,Somalia_Sorghum,Somalia_2004,Sorghum_2004,31008.0,-0.42251655629139073,-0.9642666541197468,871.9298245614035,549.7857142857143,322.21428571428567,1234.0,327.5789981057997,871.9298245614035,320.82750250387454,0
Benishangul Gumuz,Sorghum,2004,48006.0,54012800,1125,8,2000,0,2,1183.4835164835165,0.2272456681677928,4,1501.899613899614,-0.194308680337678,48011.37777777778,0,Benushangul Gumuz_Sorghum,Benushangul Gumuz_2004,Sorghum_2004,48006.0,0.290137614678899,0.9977512131613209,1125.1260259134274,1148.8333333333333,-23.833333333333258,1169.0,321.26780106322457,1125.1260259134274,-22.545444505493037,1
SNNPR,Sorghum,2004,99624.0,92417200,928,8,2000,0,7,1521.2747252747254,-0.759857146791961,4,1501.899613899614,0.0975791174602718,99587.5,0,S.N.N.P.R_Sorghum,S.N.N.P.R_2004,Sorghum_2004,99624.0,-0.1751111111111111,0.7110240535576753,927.6600016060387,1491.7666666666667,-563.7666666666667,975.0,132.88717018583867,927.6600016060387,-563.2307537242201,2
Gambela,Sorghum,2004,2945.0,0,0,8,2000,0,4,485.2197802197802,-0.1133742964865565,4,1501.899613899614,-1.0,64289.84447004608,0,Gambela_Sorghum,Gambela_2004,Sorghum_2004,2945.0,-1.0,-1.0,0.0,462.8839779005525,-462.8839779005525,684.3333333333334,600.7797710753366,0.0,-464.8839779005525,2
Harari,Sorghum,2004,5053.0,4029700,797,8,2000,0,5,12684.181318681318,2.3433170165104125,4,1501.899613899614,0.1549025969187312,5056.085319949812,0,Harari_Sorghum,Harari_2004,Sorghum_2004,5053.0,inf,inf,797.48664159905,536.2277777777778,260.77222222222224,575.0,502.25391984533155,797.48664159905,inf,0
Dire Dawa,Sorghum,2004,6647.0,7302600,1099,8,2000,0,3,361.5824175824176,30.088122605363985,4,1501.899613899614,-0.148379079415347,6644.767970882621,0,DIRE DAWA_Sorghum,DIRE DAWA_2004,Sorghum_2004,6647.0,0.3789209535759097,0.8121944561629899,1098.630961335941,361.5824175824176,737.4175824175825,632.0,567.7754837961927,1098.630961335941,738.6086978273214,0
Tigray,Sorghum,2005,142038.0,183866700,1294,9,2000,0,9,1323.2252747252746,2.410098241227932,4,1501.899613899614,-0.0532339538116938,142091.73106646058,0,Tigray_Sorghum,Tigray_2005,Sorghum_2005,142038.0,0.17743403093721555,24.178251581628462,1294.4895028091075,1323.2252747252746,-29.22527472527463,1063.3333333333333,250.41232664015,1294.4895028091075,-4.869589112708951,1
Afar,Sorghum,2005,1725.0,1077900,625,9,2000,0,0,454.0164835164835,-0.917912436886475,4,1501.899613899614,-0.62357255107386,1724.64,0,Afar_Sorghum,Afar_2005,Sorghum_2005,1725.0,-0.5170015455950541,-0.9941376007727337,624.8695652173913,425.4088397790055,199.59116022099448,1006.0,344.0595878623352,624.8695652173913,198.0800210746267,0
Amhara,Sorghum,2005,411949.0,566553200,1375,9,2000,0,1,1654.5824175824175,0.1395297010187022,4,1501.899613899614,-0.0619194257002324,412038.6909090909,0,Amhara_Sorghum,Amhara_2005,Sorghum_2005,411949.0,1.2000000000000002,524.6083124594118,1375.299369582157,1625.4222222222222,-250.42222222222222,1098.0,411.6272585726069,1375.299369582157,275.3860902371896,1
Oromia,Sorghum,2005,522499.0,794826600,1521,9,2000,0,6,1857.7087912087911,-0.452842870790841,4,1501.899613899614,0.0504872548757868,522568.44181459566,0,Oromiya_Sorghum,Oromiya_2005,Sorghum_2005,522499.0,0.10618181818181816,0.402916089786449,1521.2021458414274,1817.2122905027934,-296.2122905027934,1173.6666666666667,480.73416077218076,1521.2021458414274,-295.7031925948251,1
Somali,Sorghum,2005,21994.0,13838900,629,9,2000,0,8,549.7857142857143,0.335659341189642,4,1501.899613899614,-0.488145786483607,22001.430842607315,0,Somalia_Sorghum,Somalia_2005,Sorghum_2005,21994.0,-0.5864562787639711,-0.9825887809995287,629.21251250341,549.7857142857143,79.21428571428567,1175.0,478.45166945053035,629.21251250341,77.64524065452217,0
Benishangul Gumuz,Sorghum,2005,49862.0,51159300,1026,9,2000,0,2,1183.4835164835165,0.0228014266635745,4,1501.899613899614,-0.0528300699093547,49862.865497076025,0,Benushangul Gumuz_Sorghum,Benushangul Gumuz_2005,Sorghum_2005,49862.0,0.631160572337043,2.6967750326976856,1026.017809153263,1148.8333333333333,-122.83333333333326,1058.6666666666667,446.89633398958773,1026.017809153263,-119.50539772829853,1
SNNPR,Sorghum,2005,92009.0,97593400,1061,9,2000,0,7,1521.2747252747254,-0.690740375148421,4,1501.899613899614,0.0560090545915694,91982.46936852028,0,S.N.N.P.R_Sorghum,S.N.N.P.R_2005,Sorghum_2005,92009.0,0.034113060428849984,0.9076375165414694,1060.6940625373604,1491.7666666666667,-430.76666666666665,905.3333333333334,239.9506893787417,1060.6940625373604,-429.82491608969633,1
Gambela,Sorghum,2005,58318.95,0,0,9,2000,0,4,485.2197802197802,-0.1133742964865565,4,1501.899613899614,0.050681203459444796,64289.84447004608,1,Gambela_Sorghum,Gambela_2005,Sorghum_2005,3359.7313636363638,-1.0,-1.0,0.0,462.8839779005525,-462.8839779005525,695.6666666666666,602.7191164492244,0.0,-464.8839779005525,2
Harari,Sorghum,2005,4649.0,2605500,561,9,2000,0,5,12684.181318681318,1.5675009854158457,4,1501.899613899614,-0.35342581333598,4644.385026737968,0,Harari_Sorghum,Harari_2005,Sorghum_2005,4649.0,inf,inf,560.4431060443106,536.2277777777778,24.77222222222224,540.6666666666666,530.7921752751579,560.4431060443106,inf,0
Dire Dawa,Sorghum,2005,6892.0,4426100,642,9,2000,0,3,361.5824175824176,13.412569195701726,4,1501.899613899614,-0.39390080245392,6894.236760124611,0,DIRE DAWA_Sorghum,DIRE DAWA_2005,Sorghum_2005,6892.0,0.14438502673796783,0.6987526386490117,642.2083575159605,361.5824175824176,280.4175824175824,401.0,349.6298042215521,642.2083575159605,281.2607200829694,0
Tigray,Sorghum,2006,184010.83,69563027,1595,10,2000,0,9,1323.2252747252746,-0.762974466451942,4,1501.899613899614,-0.621665984106964,43613.18307210031,0,Tigray_Sorghum,Tigray_2006,Sorghum_2006,184010.83,1.4844236760124612,14.716551139829647,378.0376785431597,1323.2252747252746,271.77472527472537,932.6666666666666,575.0255066806457,378.0376785431597,287.9757000905675,0
Afar,Sorghum,2006,2265.28,1451898,641,10,2000,0,0,454.0164835164835,-0.958192000657917,4,1501.899613899614,0.3469691065961591,2265.0514820592825,0,Afar_Sorghum,Afar_2006,Sorghum_2006,2265.28,-0.5981191222570532,-0.9791283090656765,640.9353369119932,425.4088397790055,215.59116022099448,959.3333333333334,550.5037087371286,640.9353369119932,214.01391278967176,0
Amhara,Sorghum,2006,537623.62,851540211,1584,10,2000,0,1,1654.5824175824175,0.1734373743398694,4,1501.899613899614,0.5030189768586604,537588.5170454546,0,Amhara_Sorghum,Amhara_2006,Sorghum_2006,537623.62,1.4711388455538223,585.5014009248583,1583.8965761958152,1625.4222222222222,-41.42222222222222,1273.3333333333333,547.6443493119715,1583.8965761958152,545.5503175481899,1
Oromia,Sorghum,2006,542045.77,817642891,1508,10,2000,0,6,1857.7087912087911,-0.597566864416165,4,1501.899613899614,0.0287059982642754,542203.5086206896,0,Oromiya_Sorghum,Oromiya_2006,Sorghum_2006,542045.77,-0.04797979797979801,-0.03980706907568454,1508.4388371852804,1817.2122905027934,-309.2122905027934,1244.3333333333333,523.8819841656447,1508.4388371852804,-309.30007736984885,1
Somali,Sorghum,2006,30475.03,18001872,591,10,2000,0,8,549.7857142857143,0.3121001244033117,4,1501.899613899614,0.3008166834069181,30460.020304568527,0,Somalia_Sorghum,Somalia_2006,Sorghum_2006,30475.03,-0.6080901856763925,-0.9779832097873642,590.7089180880216,549.7857142857143,41.214285714285666,1227.6666666666667,552.6774224928432,590.7089180880216,39.62821231882191,0
Benishangul Gumuz,Sorghum,2006,52886.98,72315689,1367,10,2000,0,2,1183.4835164835165,0.1540446177501206,4,1501.899613899614,0.4135394542145807,52901.0160936357,0,Benushangul Gumuz_Sorghum,Benushangul Gumuz_2006,Sorghum_2006,52886.98,1.3130287648054146,3.017120497246064,1367.3627989346337,1148.8333333333333,218.16666666666674,1155.3333333333333,493.7857160077971,1367.3627989346337,222.49681592871823,0
SNNPR,Sorghum,2006,103150.03,102768411,996,10,2000,0,7,1521.2747252747254,-0.725229826465394,4,1501.899613899614,0.053026239479309,103181.13554216867,0,S.N.N.P.R_Sorghum,S.N.N.P.R_2006,Sorghum_2006,103150.03,-0.2713972201901975,0.4211080945381023,996.3003500823024,1491.7666666666667,-495.76666666666665,984.6666666666666,388.1241210403357,996.3003500823024,-495.6169557923187,2
Gambela,Sorghum,2006,2889.0,4128800,1429,10,2000,0,4,485.2197802197802,-0.671232004076952,4,1501.899613899614,inf,2889.293212036389,0,Gambela_Sorghum,Gambela_2006,Sorghum_2006,2889.0,0.43473895582329325,-0.9598242304242692,1429.1450328833507,462.8839779005525,966.1160220994475,1264.0,234.15593095200316,1429.1450328833507,965.5909368248465,0
Harari,Sorghum,2006,5407.15,4855216,898,10,2000,0,5,12684.181318681318,2.9989687979000377,4,1501.899613899614,0.8634488581846094,5406.699331848552,0,Harari_Sorghum,Harari_2006,Sorghum_2006,5407.15,-0.3715885234429671,0.1759387715559,897.9251546563347,536.2277777777778,361.77222222222224,1107.6666666666667,282.56385708956634,897.9251546563347,361.5765724703352,0
Dire Dawa,Sorghum,2006,7294.57,7380100,1012,10,2000,0,3,361.5824175824176,55.98478881939619,4,1501.899613899614,0.6674047129527123,7292.588932806324,0,DIRE DAWA_Sorghum,DIRE DAWA_2006,Sorghum_2006,7294.57,0.12694877505567925,0.5200353599098371,1011.725159947742,361.5824175824176,650.4175824175825,1113.0,279.53711739230545,1011.725159947742,651.064566552548,0
Tigray,Sorghum,2007,207488.92,334506297,1612,11,2000,0,9,1323.2252747252746,2.2581367926503897,4,1501.899613899614,3.808679429663117,207510.10980148884,0,Tigray_Sorghum,Tigray_2007,Sorghum_2007,207488.92,0.592885375494071,44.3254423381797,1612.164625465302,1323.2252747252746,288.77472527472537,1174.0,383.57789300218985,1612.164625465302,333.69305298839913,0
Afar,Sorghum,2007,1551.95,772190,498,11,2000,0,0,454.0164835164835,-0.984260621395127,4,1501.899613899614,-0.468151343964934,1550.5823293172691,0,Afar_Sorghum,Afar_2007,Sorghum_2007,1551.95,-0.6910669975186104,-0.9976915531727644,497.5611327684526,425.4088397790055,72.59116022099448,1040.6666666666667,557.5529870185729,497.5611327684526,70.9024016703031,0
Amhara,Sorghum,2007,481218.82,789147685,1640,11,2000,0,1,1654.5824175824175,-0.0916496126637669,4,1501.899613899614,-0.0732702052046723,481187.6128048781,0,Amhara_Sorghum,Amhara_2007,Sorghum_2007,481218.82,2.2931726907630523,1020.9605084240925,1639.893645472968,1625.4222222222222,14.577777777777783,1250.0,651.401565856269,1639.893645472968,1037.8314588926332,0
Oromia,Sorghum,2007,56344.65,945448494,1679,11,2000,0,6,1857.7087912087911,-0.573315986378258,4,1501.899613899614,0.1563098076272517,563102.140559857,0,Oromiya_Sorghum,Oromiya_2007,Sorghum_2007,56344.65,0.02378048780487796,0.19806281127213854,16779.738519983708,1817.2122905027934,-138.2122905027934,1272.3333333333333,670.8757957575549,16779.738519983708,-137.99044720371637,1
Somali,Sorghum,2007,24414.92,14934682,612,11,2000,0,8,549.7857142857143,-0.367907397541257,4,1501.899613899614,-0.17038172474507,24403.07516339869,0,Somalia_Sorghum,Somalia_2007,Sorghum_2007,24414.92,-0.6354973198332341,-0.9842036006246999,611.7030897500381,549.7857142857143,62.214285714285666,1310.3333333333333,605.0886987321218,611.7030897500381,60.59458479382773,0
Benishangul Gumuz,Sorghum,2007,58992.05,88717344,1504,11,2000,0,2,1183.4835164835165,0.3573373824568315,4,1501.899613899614,0.2268063158466207,58987.59574468085,0,Benushangul Gumuz_Sorghum,Benushangul Gumuz_2007,Sorghum_2007,58992.05,1.4575163398692812,4.940357082929519,1503.8864389354158,1148.8333333333333,355.16666666666674,1265.0,572.2438291497771,1503.8864389354158,361.56454008946554,0
SNNPR,Sorghum,2007,111469.9,122610890,1100,11,2000,0,7,1521.2747252747254,-0.718779739812894,4,1501.899613899614,0.1930795543778525,111464.44545454544,0,S.N.N.P.R_Sorghum,S.N.N.P.R_2007,Sorghum_2007,111469.9,-0.2686170212765957,0.3820396832438988,1099.9461738101497,1491.7666666666667,-391.76666666666665,1072.0,446.6587063967292,1099.9461738101497,-391.65324400469933,1
Gambela,Sorghum,2007,2889.0,4128800,1429,11,2000,0,4,485.2197802197802,-0.671232004076952,4,1501.899613899614,0.0,2889.293212036389,0,Gambela_Sorghum,Gambela_2007,Sorghum_2007,2889.0,0.2990909090909091,-0.9663259927401229,1429.1450328833507,462.8839779005525,966.1160220994475,1344.3333333333333,214.89609892534668,1429.1450328833507,965.4487870157983,0
Harari,Sorghum,2007,5473.37,6386184,1167,11,2000,0,5,12684.181318681318,1.886151256903899,4,1501.899613899614,0.3153243851560878,5472.308483290489,0,Harari_Sorghum,Harari_2007,Sorghum_2007,5473.37,-0.18334499650104974,0.5467409416779694,1166.7736696039187,536.2277777777778,630.7722222222222,1232.0,173.86489007272073,1166.7736696039187,631.1356181673991,0
Dire Dawa,Sorghum,2007,7553.31,9368009,1240,11,2000,0,3,361.5824175824176,23.98288961722986,4,1501.899613899614,0.269360713269468,7554.845967741935,0,DIRE DAWA_Sorghum,DIRE DAWA_2007,Sorghum_2007,7553.31,0.0625535561268209,0.4669181157323372,1240.2521543535217,361.5824175824176,878.4175824175825,1278.6666666666667,135.21217893863147,1240.2521543535217,878.9470540894416,0
Tigray,Sorghum,2008,170504.48,270916987,1589,12,2000,0,9,1323.2252747252746,1.874766389473017,4,1501.899613899614,-0.190098992366651,170495.27186910008,0,Tigray_Sorghum,Tigray_2008,Sorghum_2008,170504.48,0.28145161290322585,27.91937731912939,1588.9141857152374,1323.2252747252746,265.77472527472537,1332.0,225.541570447665,1588.9141857152374,293.975554206758,0
Afar,Sorghum,2008,58318.95,2068315,0,12,2000,0,0,454.0164835164835,-0.942641665088489,4,1501.899613899614,1.6785052901487978,inf,1,Afar_Sorghum,Afar_2008,Sorghum_2008,4836.765333333333,-1.0,-0.9923655027213188,35.46557336851915,425.4088397790055,-425.4088397790055,943.0,835.097000353851,35.46557336851915,-427.40120528172685,2
Amhara,Sorghum,2008,499133.91,790774634,1584,12,2000,0,1,1654.5824175824175,-0.141611231206292,4,1501.899613899614,0.0020616533900115,499226.4103535354,0,Amhara_Sorghum,Amhara_2008,Sorghum_2008,499133.91,inf,381.3279500462937,1584.2935496007476,1625.4222222222222,-41.42222222222222,1057.6666666666667,915.9696137609221,1584.2935496007476,inf,1
Oromia,Sorghum,2008,28288.56,47676122,1685,12,2000,0,6,1857.7087912087911,3.807111271898939,4,1501.899613899614,-0.949573009738169,28294.434421364986,0,Oromiya_Sorghum,Oromiya_2008,Sorghum_2008,28288.56,0.0637626262626263,-0.939709596198302,1685.3499082314547,1817.2122905027934,-132.2122905027934,1089.6666666666667,945.029276442446,1685.3499082314547,-133.08823747272908,1
Somali,Sorghum,2008,33992.75,34265951,1008,12,2000,0,8,549.7857142857143,0.0513111509615449,4,1501.899613899614,1.2943877211446484,33993.99900793651,0,Somalia_Sorghum,Somalia_2008,Sorghum_2008,33992.75,-0.4017804154302671,-0.2812764637190919,1008.0370373094263,549.7857142857143,458.21428571428567,1425.6666666666667,365.2181996195318,1008.0370373094263,457.5312288351363,0
Benishangul Gumuz,Sorghum,2008,59829.26,95367937,1594,12,2000,0,2,1183.4835164835165,0.5274033980936275,4,1501.899613899614,0.0749638424703065,59829.32057716437,0,Benushangul Gumuz_Sorghum,Benushangul Gumuz_2008,Sorghum_2008,59829.26,0.5813492063492063,1.7831691290284049,1594.0016139260288,1148.8333333333333,445.16666666666674,1429.0,367.42482224259,1594.0016139260288,447.53118500204437,0
SNNPR,Sorghum,2008,102474.24,139163975,1358,12,2000,0,7,1521.2747252747254,-0.683582935823202,4,1501.899613899614,0.1350050146442947,102477.15390279824,0,S.N.N.P.R_Sorghum,S.N.N.P.R_2008,Sorghum_2008,102474.24,-0.14805520702634878,0.4592323099114537,1358.0386153632367,1491.7666666666667,-133.76666666666665,1320.0,294.84233074645005,1358.0386153632367,-133.45548956378155,1
Gambela,Sorghum,2008,3079.24,5126545,1665,12,2000,0,4,485.2197802197802,-0.627070236683381,4,1501.899613899614,0.2416549602790156,3079.006006006006,0,Gambela_Sorghum,Gambela_2008,Sorghum_2008,3079.24,0.22606774668630347,-0.9631618383996289,1664.8734752731195,462.8839779005525,1202.1160220994475,1539.0,160.7202538574358,1664.8734752731195,1201.3789280077342,0
Harari,Sorghum,2008,5712.8,6905515,1209,12,2000,0,5,12684.181318681318,2.2709499257518955,4,1501.899613899614,0.0813210205030108,5711.757650951199,0,Harari_Sorghum,Harari_2008,Sorghum_2008,5712.8,-0.27387387387387385,0.3470114862934004,1208.779407645988,536.2277777777778,672.7722222222222,1410.6666666666667,232.51738286272743,1208.779407645988,672.8453598346417,0
Dire Dawa,Sorghum,2008,7135.92,9432046,1322,12,2000,0,3,361.5824175824176,15.852539214302432,4,1501.899613899614,0.0068357107684247,7134.679273827534,0,DIRE DAWA_Sorghum,DIRE DAWA_2008,Sorghum_2008,7135.92,0.0934656741108355,0.3658714809829535,1321.7701431630398,361.5824175824176,960.4175824175825,1398.6666666666667,237.47069994702966,1321.7701431630398,960.8769195726762,0
Tigray,Sorghum,2009,180027.8,305566660,1697,13,2000,0,9,1323.2252747252746,1.737876607748409,4,1501.899613899614,0.1278977497265609,180062.85209192694,0,Tigray_Sorghum,Tigray_2009,Sorghum_2009,180027.8,0.28366111951588513,31.39664649642294,1697.3304123029889,1323.2252747252746,373.77472527472537,1409.3333333333333,255.4531920593911,1697.3304123029889,405.4550328906642,0
Afar,Sorghum,2009,58318.95,0,0,13,2000,0,0,454.0164835164835,-1.0,4,1501.899613899614,-1.0,64289.84447004608,1,Afar_Sorghum,Afar_2009,Sorghum_2009,4836.765333333333,-1.0,-1.0,0.0,425.4088397790055,-425.4088397790055,1006.3333333333334,891.4518121207298,0.0,-427.4088397790055,2
Amhara,Sorghum,2009,547152.6,913119820,1669,13,2000,0,1,1654.5824175824175,-0.013871570008523,4,1501.899613899614,0.1547156177495698,547105.9436788496,0,Amhara_Sorghum,Amhara_2009,Sorghum_2009,547152.6,inf,inf,1668.8576824819986,1625.4222222222222,43.57777777777778,1122.0,971.7813540092233,1668.8576824819986,inf,0
Oromia,Sorghum,2009,677092.3,1259841300,1847,13,2000,0,6,1857.7087912087911,-0.421648548749485,4,1501.899613899614,25.424995304777514,682101.407688143,0,Oromiya_Sorghum,Oromiya_2009,Sorghum_2009,677092.3,0.10665068903535047,0.37971082480719787,1860.6640483136493,1817.2122905027934,29.787709497206606,1172.0,1018.8763418590105,1860.6640483136493,30.274071011049156,0
Somali,Sorghum,2009,21970.22,35494467,1616,13,2000,0,8,549.7857142857143,-0.457176825037304,4,1501.899613899614,0.0358523830259374,21964.397896039605,0,Somalia_Sorghum,Somalia_2009,Sorghum_2009,21970.22,-0.12506767731456414,-0.9718262395430282,1615.5717603191956,549.7857142857143,1066.2142857142858,1710.6666666666667,121.0055095164325,1615.5717603191956,1065.1173917974281,0
Benishangul Gumuz,Sorghum,2009,58905.26,94750164,1609,13,2000,0,2,1183.4835164835165,0.2251617504879077,4,1501.899613899614,-0.00647778508619723,58887.60969546302,0,Benushangul Gumuz_Sorghum,Benushangul Gumuz_2009,Sorghum_2009,58905.26,-0.00433168316831678,1.6694347600711965,1608.5178810856619,1148.8333333333333,460.16666666666674,1690.6666666666667,135.43387070202,1608.5178810856619,461.8317697435696,0
SNNPR,Sorghum,2009,111055.1,172797680,1556,13,2000,0,7,1521.2747252747254,-0.673146473505744,4,1501.899613899614,0.2416839918520579,111052.4935732648,0,S.N.N.P.R_Sorghum,S.N.N.P.R_2009,Sorghum_2009,111055.1,-0.03293971410814167,0.8237190597369308,1555.9634811908682,1491.7666666666667,64.23333333333335,1593.6666666666667,32.80751946325162,1555.9634811908682,65.02411267896214,0
Gambela,Sorghum,2009,58318.95,0,0,13,2000,0,4,485.2197802197802,-0.1133742964865565,4,1501.899613899614,-1.0,64289.84447004608,1,Gambela_Sorghum,Gambela_2009,Sorghum_2009,3359.7313636363638,-1.0,-1.0,0.0,462.8839779005525,-462.8839779005525,1055.0,914.0410275255697,0.0,-464.8839779005525,2
Harari,Sorghum,2009,58318.95,0,0,13,2000,0,5,12684.181318681318,-0.1133742964865565,4,1501.899613899614,-1.0,64289.84447004608,1,Harari_Sorghum,Harari_2009,Sorghum_2009,5846.062800000001,0.0,0.0,0.0,536.2277777777778,-536.2277777777778,518.6666666666666,898.3570188590577,0.0,-536.2277777777778,1
Dire Dawa,Sorghum,2009,58318.95,0,0,13,2000,0,3,361.5824175824176,-0.1133742964865565,4,1501.899613899614,-1.0,64289.84447004608,1,DIRE DAWA_Sorghum,DIRE DAWA_2009,Sorghum_2009,8250.4148,0.0,0.0,0.0,361.5824175824176,-361.5824175824176,0.0,0.0,0.0,-361.5824175824176,1
Tigray,Sorghum,2010,155420.96,280858700,1807,14,2010,1,9,1323.2252747252746,2.4155337310568856,4,1501.899613899614,-0.0808594759650807,155428.16823464306,0,Tigray_Sorghum,Tigray_2010,Sorghum_2010,155420.96,inf,inf,1807.0838064569928,1323.2252747252746,483.77472527472537,602.3333333333334,1043.2719364256536,1807.0838064569928,inf,0
Afar,Sorghum,2010,578.4,783490,1355,14,2010,1,0,454.0164835164835,-0.939247405710925,4,1501.899613899614,inf,578.2214022140222,0,Afar_Sorghum,Afar_2010,Sorghum_2010,578.4,-0.25013835085777536,-0.9972103766057452,1354.5816044260027,425.4088397790055,929.5911602209944,1054.0,940.3525934456707,1354.5816044260027,928.3438114935309,0
Amhara,Sorghum,2010,486467.74,792246070,1629,14,2010,1,1,1654.5824175824175,-0.0110144377141536,4,1501.899613899614,-0.132374467569874,486338.9011663597,0,Amhara_Sorghum,Amhara_2010,Sorghum_2010,486467.74,0.20221402214022133,1010.1757265568162,1628.568566540507,1625.4222222222222,3.577777777777783,1597.0,227.69277546729003,1628.568566540507,1013.9557183567342,0
Oromia,Sorghum,2010,754878.14,1465676728,1942,14,2010,1,6,1857.7087912087911,-0.369745899231431,4,1501.899613899614,0.1633820291492269,754725.4006179196,0,Oromiya_Sorghum,Oromiya_2010,Sorghum_2010,754878.14,0.19214241866175574,0.8500271361396592,1941.6070625650916,1817.2122905027934,124.7877094972066,1642.0,293.7158490786591,1941.6070625650916,125.82987905200802,0
Somali,Sorghum,2010,32704.78,57353549,1754,14,2010,1,8,549.7857142857143,0.3010305066536731,4,1501.899613899614,0.6158447737784032,32698.716647662484,0,Somalia_Sorghum,Somalia_2010,Sorghum_2010,32704.78,-0.09680741503604529,-0.9608688956409492,1753.6748145072372,549.7857142857143,1204.2142857142858,1775.0,157.55316562988324,1753.6748145072372,1203.1566094036089,0
Benishangul Gumuz,Sorghum,2010,59963.23,132780984,2214,14,2010,1,2,1183.4835164835165,0.6572376641424453,4,1501.899613899614,0.4013799912789597,59973.344173441736,0,Benushangul Gumuz_Sorghum,Benushangul Gumuz_2010,Sorghum_2010,59963.23,0.2622576966932726,1.3151310828210474,2214.373441857618,1148.8333333333333,1065.1666666666667,1970.0,231.27472840757386,2214.373441857618,1066.7440554461812,0
SNNPR,Sorghum,2010,108743.79,216710190,1993,14,2010,1,7,1521.2747252747254,-0.597999512580169,4,1501.899613899614,0.2541267336459609,108735.6698444556,0,S.N.N.P.R_Sorghum,S.N.N.P.R_2010,Sorghum_2010,108743.79,-0.09981933152664857,0.6320875434994517,1992.8511779845085,1491.7666666666667,501.23333333333335,1987.0,230.05868816455728,1992.8511779845085,501.76560154530614,0
Gambela,Sorghum,2010,4682.3,9257859,1977,14,2010,1,4,485.2197802197802,-0.0468091971855217,4,1501.899613899614,inf,4682.781487101669,0,Gambela_Sorghum,Gambela_2010,Sorghum_2010,4682.3,-0.008028098344204704,-0.9572800014618602,1977.2032975247207,462.8839779005525,1514.1160220994475,2061.3333333333335,132.45502381310493,1977.2032975247207,1513.1507139996415,0
Harari,Sorghum,2010,6122.81,6776006,1107,14,2010,1,5,12684.181318681318,2.734943796752211,4,1501.899613899614,inf,6121.053297199639,0,Harari_Sorghum,Harari_2010,Sorghum_2010,6122.81,-0.44006069802731407,-0.26808066530285246,1106.682389295111,536.2277777777778,570.7722222222222,1692.3333333333333,506.9766595547875,1106.682389295111,570.0640808588921,0
Dire Dawa,Sorghum,2010,9115.09,8821948,968,14,2010,1,3,361.5824175824176,13.154863657149274,4,1501.899613899614,inf,9113.5826446281,0,DIRE DAWA_Sorghum,DIRE DAWA_2010,Sorghum_2010,9115.09,-0.12556458897922318,0.30193922496526704,967.8399225899032,361.5824175824176,606.4175824175825,1350.6666666666667,546.8549472514,967.8399225899032,606.5939570535685,0
Tigray,Sorghum,2011,216878.62,466394047,2150,15,2010,1,9,1323.2252747252746,2.112349600492398,4,1501.899613899614,0.6606003196625208,216927.46372093025,0,Tigray_Sorghum,Tigray_2011,Sorghum_2011,216878.62,1.2210743801652892,51.867467253264245,2150.484206327023,1323.2252747252746,826.7747252747254,1408.3333333333333,646.0513395492121,2150.484206327023,879.8632669081549,0
Afar,Sorghum,2011,2700.93,4643750,1719,15,2010,1,0,454.0164835164835,inf,4,1501.899613899614,4.927006088144073,2701.4252472367657,0,Afar_Sorghum,Afar_2011,Sorghum_2011,2700.93,-0.20046511627906982,-0.9900432905825661,1719.3151988389186,425.4088397790055,1293.5911602209944,1612.3333333333333,598.17583813903,1719.3151988389186,1292.4006518141327,0
Amhara,Sorghum,2011,710731.78,1533586075,2158,15,2010,1,1,1654.5824175824175,0.2624129344105166,4,1501.899613899614,0.9357446291907764,710651.5639481001,0,Amhara_Sorghum,Amhara_2011,Sorghum_2011,710731.78,0.25538103548574753,329.24733781965006,2157.7564394264177,1625.4222222222222,532.5777777777778,2009.0,251.17921888563342,2157.7564394264177,862.0804966329135,0
Oromia,Sorghum,2011,739361.26,1580545093,2138,15,2010,1,6,1857.7087912087911,-0.451303471401688,4,1501.899613899614,0.078372237755828,739263.3737137512,0,Oromiya_Sorghum,Oromiya_2011,Sorghum_2011,739361.26,-0.009267840593141785,0.030620399314723823,2137.7169436764916,1817.2122905027934,320.7877094972066,2005.0,247.88505400688632,2137.7169436764916,320.80906205592817,0
Somali,Sorghum,2011,34608.39,48380168,1398,15,2010,1,8,549.7857142857143,-0.0179419235848607,4,1501.899613899614,-0.156457292642866,34606.701001430614,0,Somalia_Sorghum,Somalia_2011,Sorghum_2011,34608.39,-0.34611786716557535,-0.9693902007514569,1397.931773191414,549.7857142857143,848.2142857142857,1898.0,433.128156554151,1397.931773191414,846.8987776463687,0
Benishangul Gumuz,Sorghum,2011,66575.66,117608868,1767,15,2010,1,2,1183.4835164835165,0.002697581708192,4,1501.899613899614,-0.114264223256547,66558.49915110356,0,Benushangul Gumuz_Sorghum,Benushangul Gumuz_2011,Sorghum_2011,66575.66,0.26394849785407715,1.4309313684069886,1766.544529937818,1148.8333333333333,618.1666666666667,1767.6666666666667,370.0004504501728,1766.544529937818,619.8615465329278,0
SNNPR,Sorghum,2011,107735.23,175125481,1626,15,2010,1,7,1521.2747252747254,-0.68533531098237,4,1501.899613899614,-0.191890879704364,107703.24784747847,0,S.N.N.P.R_Sorghum,S.N.N.P.R_2011,Sorghum_2011,107735.23,-0.07979626485568758,0.4890499668783479,1625.517307569678,1491.7666666666667,134.23333333333335,1597.0,186.20150375332022,1625.517307569678,134.642587035356,0
Gambela,Sorghum,2011,3528.41,8214646,2328,15,2010,1,4,485.2197802197802,-0.1982535521387,4,1501.899613899614,-0.112684044982754,3528.6280068728524,0,Gambela_Sorghum,Gambela_2011,Sorghum_2011,3528.41,0.43173431734317336,-0.9530927997850867,2328.1438381593975,462.8839779005525,1865.1160220994475,1907.0,371.3502389927831,2328.1438381593975,1864.5946636170056,0
Harari,Sorghum,2011,6762.14,10116300,1496,15,2010,1,5,12684.181318681318,5.242980249662435,4,1501.899613899614,0.492959126659569,6762.232620320856,0,Harari_Sorghum,Harari_2011,Sorghum_2011,6762.14,-0.3573883161512027,0.2314955507516696,1496.020490554765,536.2277777777778,959.7722222222222,1816.6666666666667,447.5727129007426,1496.020490554765,959.6463294568227,0
Dire Dawa,Sorghum,2011,8851.57,15282952,1727,15,2010,1,3,361.5824175824176,29.24721929748173,4,1501.899613899614,0.7323783817360974,8849.422119281991,0,DIRE DAWA_Sorghum,DIRE DAWA_2011,Sorghum_2011,8851.57,0.15441176470588225,0.5107254628668585,1726.5809342297468,361.5824175824176,1365.4175824175825,1850.3333333333333,429.49311209067196,1726.5809342297468,1366.0827196451553,0
Tigray,Sorghum,2012,215142.84,473678177,2202,16,2010,1,9,1323.2252747252746,2.0836254807604675,4,1501.899613899614,0.0156179737860162,215112.70526793823,0,Tigray_Sorghum,Tigray_2012,Sorghum_2012,215142.84,0.27504342790966985,29.993892868341142,2201.691569191891,1323.2252747252746,878.7747252747254,1808.3333333333333,359.95879393804313,2201.691569191891,909.0436615709762,0
Afar,Sorghum,2012,58318.95,0,0,16,2010,1,0,454.0164835164835,-1.0,4,1501.899613899614,-1.0,64289.84447004608,1,Afar_Sorghum,Afar_2012,Sorghum_2012,4836.765333333333,-1.0,-1.0,0.0,425.4088397790055,-425.4088397790055,1309.6666666666667,1158.8038372966028,0.0,-427.4088397790055,2
Amhara,Sorghum,2012,733017.68,1432067373,1954,16,2010,1,1,1654.5824175824175,0.0697426325766017,4,1501.899613899614,-0.0661969377884446,732890.1601842374,0,Amhara_Sorghum,Amhara_2012,Sorghum_2012,733017.68,inf,inf,1953.6600713368878,1625.4222222222222,328.5777777777778,1385.3333333333333,1206.1249244308533,1953.6600713368878,inf,0
Oromia,Sorghum,2012,743379.32,1626737441,2188,16,2010,1,6,1857.7087912087911,-0.532935837200162,4,1501.899613899614,0.0292255805953143,743481.4629798903,0,Oromiya_Sorghum,Oromiya_2012,Sorghum_2012,743379.32,0.11975435005117707,0.1359363893558938,2188.300639033112,1817.2122905027934,370.7877094972066,1380.6666666666667,1201.40306863822,2188.300639033112,371.04340023661365,0
Somali,Sorghum,2012,28368.93,75704284,2669,16,2010,1,8,549.7857142857143,-0.00179948095982906,4,1501.899613899614,0.5647792707127433,28364.287748220308,0,Somalia_Sorghum,Somalia_2012,Sorghum_2012,28368.93,0.21983546617915906,-0.9534625059385966,2668.5632485962637,549.7857142857143,2119.214285714286,2270.3333333333335,364.54126423949555,2668.5632485962637,2118.4806586745262,0
Benishangul Gumuz,Sorghum,2012,60122.37,110820634,1843,16,2010,1,2,1183.4835164835165,-0.226042797130139,4,1501.899613899614,-0.0577187257681963,60130.56646771568,0,Benushangul Gumuz_Sorghum,Benushangul Gumuz_2012,Sorghum_2012,60122.37,-0.30947920569501686,0.4638621243680212,1843.251255730604,1148.8333333333333,694.1666666666667,2233.3333333333335,414.8618243865417,1843.251255730604,694.3210495853398,0
SNNPR,Sorghum,2012,122731.01,196715893,1603,16,2010,1,7,1521.2747252747254,-0.767123855693859,4,1501.899613899614,0.1232853830105968,122717.33811603244,0,S.N.N.P.R_Sorghum,S.N.N.P.R_2012,Sorghum_2012,122731.01,-0.13022246337493215,0.7750836274768109,1602.8214303785164,1491.7666666666667,111.23333333333335,2038.3333333333333,559.2006199328914,1602.8214303785164,111.87819449743523,0
Gambela,Sorghum,2012,3324.79,5497360,1653,16,2010,1,4,485.2197802197802,-0.485622899163988,4,1501.899613899614,-0.330785526241788,3325.686630369026,0,Gambela_Sorghum,Gambela_2012,Sorghum_2012,3324.79,0.031191515907673217,-0.9720543169331011,1653.4457815380822,462.8839779005525,1190.1160220994475,1699.6666666666667,126.62279942147367,1653.4457815380822,1189.1751592984222,0
Harari,Sorghum,2012,7701.89,14851094,1928,16,2010,1,5,12684.181318681318,1.7822416508924248,4,1501.899613899614,0.4680361396953432,7702.84958506224,0,Harari_Sorghum,Harari_2012,Sorghum_2012,7701.89,0.16636418632788863,1.701495626991865,1928.2402111689469,536.2277777777778,1391.7722222222224,1728.0,174.99999999999244,1928.2402111689469,1393.640082035542,0
Dire Dawa,Sorghum,2012,9389.52,13811632,1471,16,2010,1,3,361.5824175824176,35.916566657133465,4,1501.899613899614,-0.0962719767751675,9389.280761386812,0,DIRE DAWA_Sorghum,DIRE DAWA_2012,Sorghum_2012,9389.52,-0.23703319502074693,-0.06999228474346741,1470.962519915821,361.5824175824176,1109.4175824175825,1684.0,230.07172794586788,1470.962519915821,1109.1105569378183,0
Tigray,Sorghum,2013,208390.45,505138377,2424,17,2010,1,9,1323.2252747252746,2.1343994131331088,4,1501.899613899614,0.0664168237583806,208390.41955445544,0,Tigray_Sorghum,Tigray_2013,Sorghum_2013,208390.45,0.6478585995921142,35.57340254938736,2423.9996458570918,1323.2252747252746,1100.7747252747254,1941.0,476.63298249281587,2423.9996458570918,1136.9959864237048,0
Afar,Sorghum,2013,58318.95,0,0,17,2010,1,0,454.0164835164835,-1.0,4,1501.899613899614,0.050681203459444796,64289.84447004608,1,Afar_Sorghum,Afar_2013,Sorghum_2013,4836.765333333333,-1.0,-1.0,0.0,425.4088397790055,-425.4088397790055,1298.3333333333333,1221.1897204502384,0.0,-427.4088397790055,2
Amhara,Sorghum,2013,578276.4,1122766952,1942,17,2010,1,1,1654.5824175824175,-0.111012599272413,4,1501.899613899614,-0.215981752556833,578149.8208032956,0,Amhara_Sorghum,Amhara_2013,Sorghum_2013,578276.4,inf,inf,1941.5749146947721,1625.4222222222222,316.5777777777778,1455.3333333333333,1283.1902950588938,1941.5749146947721,inf,0
Oromia,Sorghum,2013,675657.31,1489815674,2205,17,2010,1,6,1857.7087912087911,-0.585107303576164,4,1501.899613899614,-0.0841695553007192,675653.3668934241,0,Oromiya_Sorghum,Oromiya_2013,Sorghum_2013,675657.31,0.13542739443872298,0.32691443344157145,2204.987131716224,1817.2122905027934,387.7877094972066,1382.3333333333333,1204.3364701499872,2204.987131716224,388.25005132508693,0
Somali,Sorghum,2013,31593.75,98061938,3104,17,2010,1,8,549.7857142857143,0.0655508239606066,4,1501.899613899614,0.2953287821862234,31592.119201030928,0,Somalia_Sorghum,Somalia_2013,Sorghum_2013,31593.75,0.4077097505668934,-0.9341784760951575,3103.839778437191,549.7857142857143,2554.214285714286,2417.0,609.3184717370679,3103.839778437191,2553.6878169887577,0
Benishangul Gumuz,Sorghum,2013,65933.36,130995716,1940,17,2010,1,2,1183.4835164835165,-0.0994040967646182,4,1501.899613899614,0.1820516746005982,67523.56494845361,0,Benushangul Gumuz_Sorghum,Benushangul Gumuz_2013,Sorghum_2013,65933.36,-0.375,0.335846697217018,1986.7896312276516,1148.8333333333333,791.1666666666667,2416.3333333333335,610.0986259067704,1986.7896312276516,791.1275133638837,0
SNNPR,Sorghum,2013,131516.72,224519380,1707,17,2010,1,7,1521.2747252747254,-0.742491214266167,4,1501.899613899614,0.1413382852599509,131528.63503222028,0,S.N.N.P.R_Sorghum,S.N.N.P.R_2013,Sorghum_2013,131516.72,-0.12010309278350517,0.7139444468550407,1707.1546492339528,1491.7666666666667,215.23333333333335,2250.3333333333335,748.419891059377,1707.1546492339528,215.8271746874049,0
Gambela,Sorghum,2013,3662.18,8232240,2248,17,2010,1,4,485.2197802197802,-0.312403570586163,4,1501.899613899614,0.4974897041489006,3662.0284697508896,0,Gambela_Sorghum,Gambela_2013,Sorghum_2013,3662.18,0.31693028705330994,-0.9633339447133695,2247.9069843645043,462.8839779005525,1785.1160220994475,1965.0,271.3650677592769,2247.9069843645043,1784.4696184417874,0
Harari,Sorghum,2013,6871.85,8590388,1250,17,2010,1,5,12684.181318681318,2.133527853761686,4,1501.899613899614,-0.421565306906009,6872.3104,0,Harari_Sorghum,Harari_2013,Sorghum_2013,6871.85,-0.44395017793594305,0.043505534338163176,1250.0837474624736,536.2277777777778,713.7722222222222,1735.0,499.58883094000146,1250.0837474624736,713.3717775786245,0
Dire Dawa,Sorghum,2013,9429.03,15412641,1635,17,2010,1,3,361.5824175824176,37.22010861478947,4,1501.899613899614,0.1159174382868006,9426.691743119269,0,DIRE DAWA_Sorghum,DIRE DAWA_2013,Sorghum_2013,9429.03,0.30800000000000005,0.79417285924687,1634.5945447198703,361.5824175824176,1273.4175824175825,1711.0,503.3219645515159,1634.5945447198703,1274.5197552768293,0
Tigray,Sorghum,2014,215111.82,546322532,2540,18,2010,1,9,1323.2252747252746,2.6764819864388563,4,1501.899613899614,0.0815304417070652,215087.61102362204,0,Tigray_Sorghum,Tigray_2014,Sorghum_2014,215111.82,0.5535168195718654,34.44639312626564,2539.7141449502865,1323.2252747252746,1216.7747252747254,1808.3333333333333,662.2373693271398,2539.7141449502865,1251.774635220563,0
Afar,Sorghum,2014,58318.95,0,0,18,2010,1,0,454.0164835164835,-1.0,4,1501.899613899614,0.050681203459444796,64289.84447004608,1,Afar_Sorghum,Afar_2014,Sorghum_2014,4836.765333333333,-1.0,-1.0,0.0,425.4088397790055,-425.4088397790055,1391.6666666666667,1287.364879641095,0.0,-427.4088397790055,2
Amhara,Sorghum,2014,558827.95,1135011408,2031,18,2010,1,1,1654.5824175824175,-0.28994108933154,4,1501.899613899614,0.0109056077738918,558843.6277695716,0,Amhara_Sorghum,Amhara_2014,Sorghum_2014,558827.95,inf,inf,2031.0569791650544,1625.4222222222222,405.5777777777778,1523.6666666666667,1343.8527945178114,2031.0569791650544,inf,0
Oromia,Sorghum,2014,669575.97,173920869,2500,18,2010,1,6,1857.7087912087911,-0.951626959000121,4,1501.899613899614,-0.88326014282489,69568.3476,0,Oromiya_Sorghum,Oromiya_2014,Sorghum_2014,669575.97,0.2309207287050714,-0.8467672943424723,259.7477758946457,1817.2122905027934,682.7877094972066,1510.3333333333333,1328.8417262162304,259.7477758946457,682.1718629315692,0
Somali,Sorghum,2014,30627.74,87994464,2873,18,2010,1,8,549.7857142857143,0.0510965394482714,4,1501.899613899614,-0.102664440509017,30628.0765750087,0,Somalia_Sorghum,Somalia_2014,Sorghum_2014,30627.74,0.1492,-0.49405459789877204,2873.0315720324124,549.7857142857143,2323.214285714286,2468.0,421.91112808267485,2873.0315720324124,2322.869431116387,0
Benishangul Gumuz,Sorghum,2014,64664.97,129540380,2003,18,2010,1,2,1183.4835164835165,-0.116234871962497,4,1501.899613899614,-0.0111097984303547,64673.18022965552,0,Benushangul Gumuz_Sorghum,Benushangul Gumuz_2014,Sorghum_2014,64664.97,-0.3028193525931082,0.47214238386633056,2003.2543121878816,1148.8333333333333,854.1666666666667,2458.6666666666665,436.47031208700616,2003.2543121878816,854.3359896979399,0
SNNPR,Sorghum,2014,118211.88,219406699,1856,18,2010,1,7,1521.2747252747254,-0.752851470203976,4,1501.899613899614,-0.0227716689757472,118214.81627155172,0,S.N.N.P.R_Sorghum,S.N.N.P.R_2014,Sorghum_2014,118211.88,-0.07338991512730908,0.6937320934213718,1856.0461012886353,1491.7666666666667,364.23333333333335,2244.0,549.6662623810885,1856.0461012886353,364.8536755116274,0
Gambela,Sorghum,2014,3050.36,7228069,2370,18,2010,1,4,485.2197802197802,-0.284846175620828,4,1501.899613899614,-0.121980287260818,3049.8181434599155,0,Gambela_Sorghum,Gambela_2014,Sorghum_2014,3050.36,0.2769396551724137,-0.9670562975836942,2369.579000511415,462.8839779005525,1907.1160220994475,2076.3333333333335,264.73068075561076,2369.579000511415,1906.4259054570362,0
Harari,Sorghum,2014,6656.98,9725698,1461,18,2010,1,5,12684.181318681318,2.149910399982381,4,1501.899613899614,0.1321605031111516,6656.877481177276,0,Harari_Sorghum,Harari_2014,Sorghum_2014,6656.98,-0.3835443037974684,0.34554581590186806,1460.9775003079476,536.2277777777778,924.7722222222222,1895.6666666666667,455.7963726636374,1460.9775003079476,924.7342237343266,0
Dire Dawa,Sorghum,2014,10001.74,18144939,1814,18,2010,1,3,361.5824175824176,29.6518398767503,4,1501.899613899614,0.1772764317289943,10002.722712238148,0,DIRE DAWA_Sorghum,DIRE DAWA_2014,Sorghum_2014,10001.74,0.24161533196440788,0.8656695899872688,1814.1782329874602,361.5824175824176,1452.4175824175825,1881.6666666666667,458.26229752547766,1814.1782329874602,1453.5248673395342,0
Tigray,Sorghum,2015,224367.43,610662690,2722,19,2010,1,9,1323.2252747252746,2.8370396351077214,4,1501.899613899614,0.117769548629929,224343.3835415136,0,Tigray_Sorghum,Tigray_2015,Sorghum_2015,224367.43,0.5005512679162072,32.65471165265422,2721.708271115821,1323.2252747252746,1398.7747252747254,1999.0,650.5374700968391,2721.708271115821,1431.929988195296,0
Afar,Sorghum,2015,58318.95,0,0,19,2010,1,0,454.0164835164835,-0.1133742964865565,4,1501.899613899614,0.050681203459444796,64289.84447004608,1,Afar_Sorghum,Afar_2015,Sorghum_2015,4836.765333333333,-1.0,-1.0,0.0,425.4088397790055,-425.4088397790055,1512.0,1385.901872428202,0.0,-427.4088397790055,2
Amhara,Sorghum,2015,655671.97,1396664583,2130,19,2010,1,1,1654.5824175824175,-0.239910781385343,4,1501.899613899614,0.2305291146465728,655711.071830986,0,Amhara_Sorghum,Amhara_2015,Sorghum_2015,655671.97,inf,inf,2130.127025256242,1625.4222222222222,504.5777777777778,1617.3333333333333,1431.5869981713754,2130.127025256242,inf,0
Oromia,Sorghum,2015,719399.7,1814671697,2522,19,2010,1,6,1857.7087912087911,-0.53990341812859,4,1501.899613899614,9.43389276648566,719536.7553528945,0,Oromiya_Sorghum,Oromiya_2015,Sorghum_2015,719399.7,0.1840375586854459,0.2992895496083472,2522.4804750405096,1817.2122905027934,704.7877094972066,1550.6666666666667,1357.1445513773872,2522.4804750405096,705.2710366055004,0
Somali,Sorghum,2015,58318.95,0,3009,19,2010,1,8,549.7857142857143,-0.1133742964865565,4,1501.899613899614,-1.0,0.0,1,Somalia_Sorghum,Somalia_2015,Sorghum_2015,29972.79363636364,0.1931007137192704,-1.0,0.0,549.7857142857143,2459.214285714286,2553.6666666666665,440.3547812086624,0.0,2458.407386428005,0
Benishangul Gumuz,Sorghum,2015,64264.39,137852785,2145,19,2010,1,2,1183.4835164835165,-0.119202619794377,4,1501.899613899614,0.0641684469352337,64267.03263403264,0,Benushangul Gumuz_Sorghum,Benushangul Gumuz_2015,Sorghum_2015,64264.39,-0.28713858424725824,inf,2145.0882051475164,1148.8333333333333,996.1666666666667,2558.6666666666665,433.1654803113112,2145.0882051475164,inf,0
SNNPR,Sorghum,2015,116887.44,247740287,2119,19,2010,1,7,1521.2747252747254,-0.752227137062845,4,1501.899613899614,0.1291372967604787,116913.7739499764,0,S.N.N.P.R_Sorghum,S.N.N.P.R_2015,Sorghum_2015,116887.44,-0.012121212121212088,0.7971366120749754,2119.4773963738107,1491.7666666666667,627.2333333333333,2424.3333333333335,506.5030437552464,2119.4773963738107,628.0183487332871,0
Gambela,Sorghum,2015,3050.36,7228069,2370,19,2010,1,4,485.2197802197802,-0.284846175620828,4,1501.899613899614,0.0,3049.8181434599155,0,Gambela_Sorghum,Gambela_2015,Sorghum_2015,3050.36,0.11845210004719209,-0.9708240065129173,2369.579000511415,462.8839779005525,1907.1160220994475,2211.3333333333335,138.022944952385,2369.579000511415,1906.2636501929817,0
Harari,Sorghum,2015,7304.98,13368997,1830,19,2010,1,5,12684.181318681318,3.8664349142849854,4,1501.899613899614,0.3746054010724988,7305.462841530055,0,Harari_Sorghum,Harari_2015,Sorghum_2015,7304.98,-0.22784810126582278,0.8495945459292102,1830.1209585789422,536.2277777777778,1293.7722222222224,2106.3333333333335,270.2227476237504,1830.1209585789422,1294.3939686668857,0
Dire Dawa,Sorghum,2015,9923.91,19479552,1963,19,2010,1,3,361.5824175824176,25.0612051042606,4,1501.899613899614,0.073552906405472,9923.358125318391,0,DIRE DAWA_Sorghum,DIRE DAWA_2015,Sorghum_2015,9923.91,0.07267759562841536,0.4570690680834171,1962.8908363739695,361.5824175824176,1601.4175824175825,2054.3333333333335,281.34735352110414,1962.8908363739695,1601.9473290812944,0
Tigray,Sorghum,2016,239371.58,624644832,2610,20,2010,1,9,1323.2252747252746,3.529400179910003,4,1501.899613899614,0.022896669845672,239327.52183908047,0,Tigray_Sorghum,Tigray_2016,Sorghum_2016,239371.58,0.3295975547631176,31.06669393628765,2609.5196096378695,1323.2252747252746,1286.7747252747254,2134.3333333333335,417.2724929028142,2609.5196096378695,1318.1710167657761,0
Afar,Sorghum,2016,58318.95,0,0,20,2010,1,0,454.0164835164835,-1.0,4,1501.899613899614,0.050681203459444796,64289.84447004608,1,Afar_Sorghum,Afar_2016,Sorghum_2016,4836.765333333333,-1.0,-1.0,0.0,425.4088397790055,-425.4088397790055,1524.3333333333333,1359.1711935342544,0.0,-427.4088397790055,2
Amhara,Sorghum,2016,644263.75,1366961233,2122,20,2010,1,1,1654.5824175824175,-0.246573879158399,4,1501.899613899614,-0.0212673467642445,644185.3124410933,0,Amhara_Sorghum,Amhara_2016,Sorghum_2016,644263.75,inf,inf,2121.7416516139547,1625.4222222222222,496.5777777777778,1577.3333333333333,1387.6315553248742,2121.7416516139547,inf,0
Oromia,Sorghum,2016,759954.42,1884630071,2480,20,2010,1,6,1857.7087912087911,-0.523344182801985,4,1501.899613899614,0.0385515320019893,759931.4802419355,0,Oromiya_Sorghum,Oromiya_2016,Sorghum_2016,759954.42,0.16870876531573997,0.3787004528752427,2479.925139457706,1817.2122905027934,662.7877094972066,1534.0,1340.4879708524043,2479.925139457706,663.3351187153976,0
Somali,Sorghum,2016,33056.64,85415780,2584,20,2010,1,8,549.7857142857143,0.3888061377662946,4,1501.899613899614,inf,33055.64241486068,0,Somalia_Sorghum,Somalia_2016,Sorghum_2016,33056.64,0.041935483870967794,-0.9546776944110429,2583.922019902809,549.7857142857143,2034.2142857142858,2395.3333333333335,242.35786212402644,2583.922019902809,2033.3015435037457,0
Benishangul Gumuz,Sorghum,2016,51803.23,116895603,2257,20,2010,1,2,1183.4835164835165,-0.301598840192246,4,1501.899613899614,-0.152025815075118,51792.46920691183,0,Benushangul Gumuz_Sorghum,Benushangul Gumuz_2016,Sorghum_2016,51803.23,-0.1265479876160991,0.3685480949772981,2256.5311661068235,1148.8333333333333,1108.1666666666667,2440.3333333333335,167.06984567338478,2256.5311661068235,1108.408666774028,0
SNNPR,Sorghum,2016,105741.73,215746590,2040,20,2010,1,7,1521.2747252747254,-0.784196335109924,4,1501.899613899614,-0.129142084185928,105758.13235294116,0,S.N.N.P.R_Sorghum,S.N.N.P.R_2016,Sorghum_2016,105741.73,-0.0961453256535224,0.8456347755013505,2040.316438930969,1491.7666666666667,548.2333333333333,2293.6666666666665,273.8472810405986,2040.316438930969,548.9828227831812,0
Gambela,Sorghum,2016,2598.59,4087252,1573,20,2010,1,4,485.2197802197802,-0.48714059549507,4,1501.899613899614,-0.434530577945506,2598.380165289256,0,Gambela_Sorghum,Gambela_2016,Sorghum_2016,2598.59,-0.22892156862745094,-0.9810553112334244,1572.8729811166825,462.8839779005525,1110.1160220994475,1956.6666666666667,349.5315913237723,1572.8729811166825,1108.9060452195865,0
Harari,Sorghum,2016,7496.5,12206534,1628,20,2010,1,5,12684.181318681318,4.8118575562031936,4,1501.899613899614,-0.0869521475694848,7497.871007371007,0,Harari_Sorghum,Harari_2016,Sorghum_2016,7496.5,0.034965034965035,1.986489210843863,1628.2977389448408,536.2277777777778,1091.7722222222224,1747.0,255.2312676769742,1628.2977389448408,1093.7936764680312,0
Dire Dawa,Sorghum,2016,9498.11,11238573,1183,20,2010,1,3,361.5824175824176,26.00392135190529,4,1501.899613899614,-0.423057932749172,9500.061707523246,0,DIRE DAWA_Sorghum,DIRE DAWA_2016,Sorghum_2016,9498.11,-0.2733415233415234,-0.07929859532607697,1183.2430873089488,361.5824175824176,821.4175824175825,1461.3333333333333,242.60736454882934,1183.2430873089488,821.0649422989148,0
Tigray,Sorghum,2017,253757.11,712005432,2806,21,2010,1,9,1323.2252747252746,3.193166765098346,4,1501.899613899614,0.1398564360490859,253743.9173200285,0,Tigray_Sorghum,Tigray_2017,Sorghum_2017,253757.11,1.371935756551141,62.35372222078372,2805.85411774275,1323.2252747252746,1482.7747252747254,1872.3333333333333,838.6336109012855,2805.85411774275,1546.5003832520601,0
Afar,Sorghum,2017,1555.78,3338260,2146,21,2010,1,0,454.0164835164835,-0.753694806626377,4,1501.899613899614,inf,1555.5731593662629,0,Afar_Sorghum,Afar_2017,Sorghum_2017,1555.78,-0.23521026372059872,-0.9953114683540785,2145.7146897376238,425.4088397790055,1720.5911602209944,2045.0,816.2003430530982,2145.7146897376238,1719.3606384889197,0
Amhara,Sorghum,2017,670114.31,1640299423,2448,21,2010,1,1,1654.5824175824175,-0.164364796620828,4,1501.899613899614,0.1999604549136471,670056.9538398692,0,Amhara_Sorghum,Amhara_2017,Sorghum_2017,670114.31,0.14072693383038204,490.36359151174565,2447.7904717480214,1625.4222222222222,822.5777777777778,2466.6666666666665,330.39572232904067,2447.7904717480214,1313.0820962233538,0
Oromia,Sorghum,2017,739781.8,1916601228,2591,21,2010,1,6,1857.7087912087911,-0.560623879222091,4,1501.899613899614,0.016964155189902,739714.8699343883,0,Oromiya_Sorghum,Oromiya_2017,Sorghum_2017,739781.8,0.05841503267973858,0.16844595634537396,2590.765585203637,1817.2122905027934,773.7877094972066,2395.0,227.18494668440334,2590.765585203637,774.0145704862317,0
Somali,Sorghum,2017,40388.03,80674097,1997,21,2010,1,8,549.7857142857143,0.5636228847099984,4,1501.899613899614,-0.0555129625930945,40397.644967451175,0,Somalia_Sorghum,Somalia_2017,Sorghum_2017,40388.03,-0.22925511385565422,-0.9579077296719753,1997.4754153644037,549.7857142857143,1447.2142857142858,2345.3333333333335,310.0231174176025,1997.4754153644037,1446.0271228707581,0
Benishangul Gumuz,Sorghum,2017,58377.9,142172507,2435,21,2010,1,2,1183.4835164835165,-0.245695623947195,4,1501.899613899614,0.2162348570116876,58387.06652977413,0,Benushangul Gumuz_Sorghum,Benushangul Gumuz_2017,Sorghum_2017,58377.9,0.21932899349023538,0.7623067661978293,2435.3823450312534,1148.8333333333333,1286.1666666666667,2341.0,307.9545420999587,2435.3823450312534,1287.1483024263548,0
SNNPR,Sorghum,2017,97489.29,216894203,2225,21,2010,1,7,1521.2747252747254,-0.800231096155009,4,1501.899613899614,0.0053192636787446,97480.54067415732,0,S.N.N.P.R_Sorghum,S.N.N.P.R_2017,Sorghum_2017,97489.29,-0.08624229979466114,0.5255706435562819,2224.800313962693,1491.7666666666667,733.2333333333333,2219.0,219.06163516233332,2224.800313962693,733.672661677095,0
Gambela,Sorghum,2017,2846.94,6168695,2167,21,2010,1,4,485.2197802197802,-0.325452507168446,4,1501.899613899614,0.5092524268139083,2846.652053530226,0,Gambela_Sorghum,Gambela_2017,Sorghum_2017,2846.94,-0.026067415730337107,-0.9715589678530966,2166.7808243236595,462.8839779005525,1704.1160220994475,2275.6666666666665,141.00118202812538,2166.7808243236595,1703.1183957158642,0
Harari,Sorghum,2017,7151.79,13052730,1825,21,2010,1,5,12684.181318681318,2.9077175200374583,4,1501.899613899614,0.0693232001811487,7152.180821917808,0,Harari_Sorghum,Harari_2017,Sorghum_2017,7151.79,-0.15782187355791422,1.115962938676657,1825.0997302773153,536.2277777777778,1288.7722222222224,2072.3333333333335,216.1511816607269,1825.0997302773153,1289.730363287341,0
Dire Dawa,Sorghum,2017,10507.78,20889029,1988,21,2010,1,3,361.5824175824176,40.85096237645979,4,1501.899613899614,0.8586905116868484,10507.55985915493,0,DIRE DAWA_Sorghum,DIRE DAWA_2017,Sorghum_2017,10507.78,0.08931506849315074,0.6003570900493613,1987.9583508600292,361.5824175824176,1626.4175824175825,1993.3333333333333,171.0623667944782,1987.9583508600292,1627.107254576125,0
Tigray,Sorghum,2018,254655.92,726271779,2852,22,2010,1,9,1323.2252747252746,3.5661352494284646,4,1501.899613899614,0.0200368513480666,254653.4989481066,0,Tigray_Sorghum,Tigray_2018,Sorghum_2018,254655.92,0.43460764587525147,33.76809664058583,2851.9728856097277,1323.2252747252746,1528.7747252747254,2221.6666666666665,551.9350807235652,2851.9728856097277,1562.9774295611865,0
Afar,Sorghum,2018,58318.95,0,0,22,2010,1,0,454.0164835164835,-1.0,4,1501.899613899614,-1.0,64289.84447004608,1,Afar_Sorghum,Afar_2018,Sorghum_2018,4836.765333333333,-1.0,-1.0,0.0,425.4088397790055,-425.4088397790055,1613.3333333333333,1462.4490874329024,0.0,-427.4088397790055,2
Amhara,Sorghum,2018,672491.78,1781203242,2649,22,2010,1,1,1654.5824175824175,-0.140290226274399,4,1501.899613899614,0.0859012793787954,672405.9048697621,0,Amhara_Sorghum,Amhara_2018,Sorghum_2018,672491.78,inf,inf,2648.661730854167,1625.4222222222222,1023.5777777777778,1833.6666666666667,1591.242386732244,2648.661730854167,inf,0
Oromia,Sorghum,2018,735263.79,2081066734,2830,22,2010,1,6,1857.7087912087911,-0.555018041476892,4,1501.899613899614,0.085811019839334,735359.2699646644,0,Oromiya_Sorghum,Oromiya_2018,Sorghum_2018,735263.79,0.06832767081917712,0.16834883573606252,2830.367498445694,1817.2122905027934,1012.7877094972066,1826.3333333333333,1584.238092375426,2830.367498445694,1013.0243860037618,0
Somali,Sorghum,2018,41271.04,95083254,2304,22,2010,1,8,549.7857142857143,0.654107656073103,4,1501.899613899614,0.1786094612252058,41268.7734375,0,Somalia_Sorghum,Somalia_2018,Sorghum_2018,41271.04,-0.1858657243816254,-0.9543103291948541,2303.873466721459,549.7857142857143,1754.2142857142858,2594.3333333333335,267.2271193822386,2303.873466721459,1753.0741096607094,0
Benishangul Gumuz,Sorghum,2018,58946.39,158002844,2680,22,2010,1,2,1183.4835164835165,-0.223096229242002,4,1501.899613899614,0.1113459791491191,58956.28507462687,0,Benushangul Gumuz_Sorghum,Benushangul Gumuz_2018,Sorghum_2018,58946.39,0.16319444444444442,0.6617315600074014,2680.449879967204,1148.8333333333333,1531.1666666666667,2604.6666666666665,270.9710931692331,2680.449879967204,1531.9915926711185,0
SNNPR,Sorghum,2018,112193.73,285264082,2543,22,2010,1,7,1521.2747252747254,-0.761677587259421,4,1501.899613899614,0.3152222514679195,112176.2021234762,0,S.N.N.P.R_Sorghum,S.N.N.P.R_2018,Sorghum_2018,112193.73,-0.05111940298507467,0.8054363755629614,2542.602710507976,1491.7666666666667,1051.2333333333333,2509.0,190.2918810669437,2542.602710507976,1051.9876503059113,0
Gambela,Sorghum,2018,1704.1,3792999,2226,22,2010,1,4,485.2197802197802,-0.698555761436982,4,1501.899613899614,-0.385121326309697,1703.9528301886792,0,Gambela_Sorghum,Gambela_2018,Sorghum_2018,1704.1,-0.1246559182068423,-0.9867035521142126,2225.807757760695,462.8839779005525,1763.1160220994475,2483.0,232.8712090405249,2225.807757760695,1762.0046626291264,0
Harari,Sorghum,2018,7316.23,13837675,1891,22,2010,1,5,12684.181318681318,3.0906560693778324,4,1501.899613899614,0.0601364618742592,7317.649391856161,0,Harari_Sorghum,Harari_2018,Sorghum_2018,7316.23,-0.1504941599281222,2.6482147767505344,1891.366865175097,536.2277777777778,1354.7722222222224,2220.0,326.04140841309686,1891.366865175097,1357.2699428390447,0
Dire Dawa,Sorghum,2018,10820.72,20879988,1930,22,2010,1,3,361.5824175824176,32.16205102956475,4,1501.899613899614,-0.000432810926730975,10818.646632124352,0,DIRE DAWA_Sorghum,DIRE DAWA_2018,Sorghum_2018,10820.72,0.02062400846113177,0.508923139183425,1929.6301909669598,361.5824175824176,1568.4175824175825,2015.6666666666667,183.19479614150936,1929.6301909669598,1568.947129565227,0
Tigray,Sorghum,2019,242716.17,709250941,2922,23,2010,1,9,1323.2252747252746,3.085612721536763,4,1501.899613899614,-0.0234359071798657,242727.9058863792,0,Tigray_Sorghum,Tigray_2019,Sorghum_2019,242716.17,0.5139896373056996,32.96797646627,2922.1412854364007,1323.2252747252746,1598.7747252747254,2247.6666666666665,584.315268783325,2922.1412854364007,1632.2566913783012,0
Afar,Sorghum,2019,58318.95,0,0,23,2010,1,0,454.0164835164835,-1.0,4,1501.899613899614,0.050681203459444796,64289.84447004608,1,Afar_Sorghum,Afar_2019,Sorghum_2019,4836.765333333333,-1.0,-1.0,0.0,425.4088397790055,-425.4088397790055,1617.3333333333333,1485.8806591827383,0.0,-427.4088397790055,2
Amhara,Sorghum,2019,643170.0,1704082052,2650,23,2010,1,1,1654.5824175824175,-0.254050947970868,4,1501.899613899614,-0.0432972432238588,643049.8309433962,0,Amhara_Sorghum,Amhara_2019,Sorghum_2019,643170.0,inf,inf,2649.504877404108,1625.4222222222222,1024.5777777777778,1857.3333333333333,1614.2370746991687,2649.504877404108,inf,0
Oromia,Sorghum,2019,718966.58,2053163606,2856,23,2010,1,6,1857.7087912087911,-0.622463068109724,4,1501.899613899614,-0.0134080890074906,718894.8200280112,0,Oromiya_Sorghum,Oromiya_2019,Sorghum_2019,718966.58,0.0777358490566038,0.20485020283518596,2855.7149429671686,1817.2122905027934,1038.7877094972066,1835.3333333333333,1592.7791225820765,2855.7149429671686,1039.0702955490983,0
Somali,Sorghum,2019,41271.04,95083254,2304,23,2010,1,8,549.7857142857143,0.654107656073103,4,1501.899613899614,0.0,41268.7734375,0,Somalia_Sorghum,Somalia_2019,Sorghum_2019,41271.04,-0.19327731092436973,-0.9536893924467897,2303.873466721459,549.7857142857143,1754.2142857142858,2603.3333333333335,278.94324392845436,2303.873466721459,1753.0673190109146,0
Benishangul Gumuz,Sorghum,2019,56675.14,151995631,2682,23,2010,1,2,1183.4835164835165,-0.401559881367805,4,1501.899613899614,-0.0380196510893183,56672.49478001492,0,Benushangul Gumuz_Sorghum,Benushangul Gumuz_2019,Sorghum_2019,56675.14,0.1640625,0.5985531058918114,2681.8748220119087,1148.8333333333333,1533.1666666666667,2614.0,282.21268575313167,2681.8748220119087,1533.9292822725586,0
SNNPR,Sorghum,2019,102872.44,268432922,2609,23,2010,1,7,1521.2747252747254,-0.786548311778377,4,1501.899613899614,-0.0590020302661167,102887.28325028748,0,S.N.N.P.R_Sorghum,S.N.N.P.R_2019,Sorghum_2019,102872.44,-0.027218493661446685,0.7660568283044926,2609.3764471806053,1491.7666666666667,1117.2333333333333,2531.6666666666665,200.5151698334298,2609.3764471806053,1117.9721716679765,0
Gambela,Sorghum,2019,3359.38,7322414,2180,23,2010,1,4,485.2197802197802,-0.321114769990333,4,1501.899613899614,0.9305077591636592,3358.905504587156,0,Gambela_Sorghum,Gambela_2019,Sorghum_2019,3359.38,-0.16443081640475277,-0.9727216246597353,2179.692086039686,462.8839779005525,1717.1160220994475,2490.3333333333335,271.22376985310353,2179.692086039686,1715.978869658383,0
Harari,Sorghum,2019,7991.36,14059021,1759,23,2010,1,5,12684.181318681318,4.623534169348964,4,1501.899613899614,0.0159958952641972,7992.621375781694,0,Harari_Sorghum,Harari_2019,Sorghum_2019,7991.36,-0.19311926605504592,0.9199981044502537,1759.277644856445,536.2277777777778,1222.7722222222224,2182.6666666666665,425.0062744634828,1759.277644856445,1223.4991010606175,0
Dire Dawa,Sorghum,2019,10914.71,17128287,1569,23,2010,1,3,361.5824175824176,61.19715164477626,4,1501.899613899614,-0.179679269930614,10916.690248565965,0,DIRE DAWA_Sorghum,DIRE DAWA_2019,Sorghum_2019,10914.71,-0.1080159181353042,0.2183129252029712,1569.2846626250264,361.5824175824176,1207.4175824175825,1836.0,312.6931403149032,1569.2846626250264,1207.52787942465,0
Tigray,Sorghum,2020,239044.72,720625344,3015,24,2020,1,9,1323.2252747252746,2.820004900629932,4,1501.899613899614,0.0160372053704473,239013.38109452737,0,Tigray_Sorghum,Tigray_2020,Sorghum_2020,239044.72,0.9216061185468452,41.072236645731124,3014.6047317004113,1323.2252747252746,1691.7747252747254,2114.3333333333335,785.7641715765166,3014.6047317004113,1733.7685680390034,0
Afar,Sorghum,2020,58318.95,0,0,24,2020,1,0,454.0164835164835,-0.1133742964865565,4,1501.899613899614,0.050681203459444796,64289.84447004608,1,Afar_Sorghum,Afar_2020,Sorghum_2020,4836.765333333333,-1.0,-1.0,0.0,425.4088397790055,-425.4088397790055,1528.0,1507.9181012243323,0.0,-427.4088397790055,2
Amhara,Sorghum,2020,688114.09,1883182338,2737,24,2020,1,1,1654.5824175824175,-0.142402264130261,4,1501.899613899614,0.1051007407711375,688046.159298502,0,Amhara_Sorghum,Amhara_2020,Sorghum_2020,688114.09,inf,inf,2736.7298030476313,1625.4222222222222,1111.5777777777778,1917.3333333333333,1666.2671854577613,2736.7298030476313,inf,0
Oromia,Sorghum,2020,629724.86,1901752085,3020,24,2020,1,6,1857.7087912087911,-0.682069791426563,4,1501.899613899614,-0.0737454728680788,629719.2334437086,0,Oromiya_Sorghum,Oromiya_2020,Sorghum_2020,629724.86,0.10339788089148705,0.009860833242372857,3019.9730164694465,1817.2122905027934,1202.7877094972066,1919.0,1667.9157652591439,3019.9730164694465,1202.9009682113406,0
Somali,Sorghum,2020,58318.95,0,0,24,2020,1,8,549.7857142857143,-0.1133742964865565,4,1501.899613899614,-1.0,64289.84447004608,1,Somalia_Sorghum,Somalia_2020,Sorghum_2020,29972.79363636364,-1.0,-1.0,0.0,549.7857142857143,-549.7857142857143,1919.0,1667.9157652591439,0.0,-551.7857142857143,2
Benishangul Gumuz,Sorghum,2020,60134.58,173394724,2883,24,2020,1,2,1183.4835164835165,-0.324881911089303,4,1501.899613899614,0.1407875532948705,60143.85154353105,0,Benushangul Gumuz_Sorghum,Benushangul Gumuz_2020,Sorghum_2020,60134.58,inf,inf,2883.444500651705,1148.8333333333333,1734.1666666666667,1967.6666666666667,1705.42555783984,2883.444500651705,inf,0
SNNPR,Sorghum,2020,102785.55,284099694,2764,24,2020,1,7,1521.2747252747254,-0.80964064806624,4,1501.899613899614,0.0583638246876438,102785.70694645442,0,S.N.N.P.R_Sorghum,S.N.N.P.R_2020,Sorghum_2020,102785.55,-0.0412764481442941,0.6384563927100804,2764.0042204376005,1491.7666666666667,1272.2333333333333,1882.3333333333333,1631.2339909814684,2764.0042204376005,1272.8305132778992,0
Gambela,Sorghum,2020,58318.95,0,0,24,2020,1,4,485.2197802197802,-0.1133742964865565,4,1501.899613899614,-1.0,64289.84447004608,1,Gambela_Sorghum,Gambela_2020,Sorghum_2020,3359.7313636363638,-1.0,-1.0,0.0,462.8839779005525,-462.8839779005525,1882.3333333333333,1631.2339909814684,0.0,-464.8839779005525,2
Harari,Sorghum,2020,7942.01,16342561,2058,24,2020,1,5,12684.181318681318,3.1234814391672376,4,1501.899613899614,0.1624252499516147,7940.991739552964,0,Harari_Sorghum,Harari_2020,Sorghum_2020,7942.01,inf,inf,2057.736139843692,536.2277777777778,1521.7722222222224,1607.3333333333333,1436.0533880511994,2057.736139843692,inf,0
Dire Dawa,Sorghum,2020,11126.18,22143704,1990,24,2020,1,3,361.5824175824176,54.74291058208117,4,1501.899613899614,0.2928148623385398,11127.48944723618,0,DIRE DAWA_Sorghum,DIRE DAWA_2020,Sorghum_2020,11126.18,-0.033041788143828965,0.35497147601284773,1990.2342043720305,361.5824175824176,1628.4175824175825,1349.3333333333333,1169.051467358614,1990.2342043720305,1628.7395121054515,0
Tigray,Sorghum,2021,232636.49,700856077,3013,25,2020,1,9,1323.2252747252746,1.843628736779168,4,1501.899613899614,-0.0274334883786713,232610.7125788251,0,Tigray_Sorghum,Tigray_2021,Sorghum_2021,232636.49,0.5140703517587939,30.650354294837033,3012.666142787832,1323.2252747252746,1689.7747252747254,2353.6666666666665,572.0107807841816,3012.666142787832,1720.9391499213211,0
Afar,Sorghum,2021,2333.36,2987401,1280,25,2020,1,0,454.0164835164835,0.1128241824801585,4,1501.899613899614,inf,2333.90703125,0,Afar_Sorghum,Afar_2021,Sorghum_2021,2333.36,-0.5751742449385995,-0.9957374971866014,1280.300082284774,425.4088397790055,854.5911602209944,2094.3333333333335,871.1982170168448,1280.300082284774,853.0202484788692,0
Amhara,Sorghum,2021,597440.83,1588192136,2658,25,2020,1,1,1654.5824175824175,-0.375334835234529,4,1501.899613899614,-0.15664452456223,597513.971407073,0,Amhara_Sorghum,Amhara_2021,Sorghum_2021,597440.83,1.0765625,530.6300476568093,2658.3254043751917,1625.4222222222222,1032.5777777777778,2317.0,915.441423576624,2658.3254043751917,1564.2843879345871,0
Oromia,Sorghum,2021,676075.0,1836612661,2717,25,2020,1,6,1857.7087912087911,-0.688112714722722,4,1501.899613899614,-0.0342523215900667,675970.7990430621,0,Oromiya_Sorghum,Oromiya_2021,Sorghum_2021,676075.0,0.022197140707298724,0.15641717357049045,2716.581238767888,1817.2122905027934,899.7877094972066,2218.3333333333335,813.1557866321368,2716.581238767888,899.9663238114844,0
Somali,Sorghum,2021,45321.84,78293509,1727,25,2020,1,8,549.7857142857143,-0.278025485157532,4,1501.899613899614,inf,45334.97915460336,0,Somalia_Sorghum,Somalia_2021,Sorghum_2021,45321.84,-0.3643724696356275,-0.9573707016930991,1727.5006707582925,549.7857142857143,1177.2142857142858,2367.3333333333335,555.3290315959802,1727.5006707582925,1175.892542542957,0
Benishangul Gumuz,Sorghum,2021,39742.1,0,0,25,2020,1,2,1183.4835164835165,-1.0,4,1501.899613899614,-1.0,64289.84447004608,0,Benushangul Gumuz_Sorghum,Benushangul Gumuz_2021,Sorghum_2021,39742.1,-1.0,-1.0,0.0,1148.8333333333333,-1148.8333333333333,1481.3333333333333,1375.058665415163,0.0,-1150.8333333333333,2
SNNPR,Sorghum,2021,62926.09,161787868,2571,25,2020,1,7,1521.2747252747254,-0.876252146921411,4,1501.899613899614,-0.430524314468286,62927.99222092571,0,S.N.N.P.R_Sorghum,S.N.N.P.R_2021,Sorghum_2021,62926.09,inf,inf,2571.0777199091826,1491.7666666666667,1079.2333333333333,1432.6666666666667,1310.5282649883327,2571.0777199091826,inf,0
Gambela,Sorghum,2021,3254.18,3989843,1226,25,2020,1,4,485.2197802197802,-0.65720389026175,4,1501.899613899614,inf,3254.358075040783,0,Gambela_Sorghum,Gambela_2021,Sorghum_2021,3254.18,-0.5231427460132244,-0.9753390470538866,1226.0670890977144,462.8839779005525,763.1160220994475,1265.6666666666667,1285.9589158808026,1226.0670890977144,761.6175403063804,0
Harari,Sorghum,2021,8305.19,16844948,2028,25,2020,1,5,12684.181318681318,4.439453321144443,4,1501.899613899614,0.0307410203333491,8306.187376725838,0,Harari_Sorghum,Harari_2021,Sorghum_2021,8305.19,0.6541598694942903,3.2219576058506565,2028.2435440971246,536.2277777777778,1491.7722222222224,1941.6666666666667,676.643431456575,2028.2435440971246,1495.6483396975673,0
Dire Dawa,Sorghum,2021,11241.97,11611922,1033,25,2020,1,3,361.5824175824176,29.51937962084436,4,1501.899613899614,-0.475610674709163,11240.969990319458,0,DIRE DAWA_Sorghum,DIRE DAWA_2021,Sorghum_2021,11241.97,-0.4906311637080868,-0.3106584834812194,1032.9081113007774,361.5824175824176,671.4175824175825,1429.0,527.6485572803131,1032.9081113007774,670.6162927703932,0
Tigray,Sorghum,2022,58318.95,0,0,26,2020,1,9,1323.2252747252746,-0.1133742964865565,4,1501.899613899614,-1.0,64289.84447004608,1,Tigray_Sorghum,Tigray_2022,Sorghum_2022,180433.1948,-1.0,-1.0,0.0,1323.2252747252746,-1323.2252747252746,1020.3333333333334,1014.0593342272086,0.0,-1325.2252747252746,2
Afar,Sorghum,2022,2501.0,1199761,480,26,2020,1,0,454.0164835164835,-0.667118550767181,4,1501.899613899614,-0.598393051351325,2499.5020833333333,0,Afar_Sorghum,Afar_2022,Sorghum_2022,2501.0,inf,inf,479.7125149940024,425.4088397790055,54.59116022099448,504.3333333333333,516.9297179823676,479.7125149940024,inf,0
Amhara,Sorghum,2022,576148.05,1529198053,2654,26,2020,1,1,1654.5824175824175,-0.42123816688569,4,1501.899613899614,-0.0371454320058414,576186.1541070082,0,Amhara_Sorghum,Amhara_2022,Sorghum_2022,576148.05,4.529166666666667,1273.5855657918535,2654.175524849906,1625.4222222222222,1028.5777777777778,1044.6666666666667,1414.2366610059753,2654.175524849906,2306.692510236298,0
Oromia,Sorghum,2022,612806.85,1664914738,2717,26,2020,1,6,1857.7087912087911,-0.731065305829208,4,1501.899613899614,-0.0934861915339916,612776.8634523371,0,Oromiya_Sorghum,Oromiya_2022,Sorghum_2022,612806.85,0.023737754333082117,0.08875023397639659,2716.867048728323,1817.2122905027934,899.7877094972066,1950.3333333333333,1273.7355821885988,2716.867048728323,899.9001974855161,0
Somali,Sorghum,2022,58318.95,14397378,0,26,2020,1,8,549.7857142857143,0.4044668619101068,4,1501.899613899614,-0.816110196312698,inf,1,Somalia_Sorghum,Somalia_2022,Sorghum_2022,29972.79363636364,-1.0,-0.9913524833005593,246.87306613030586,549.7857142857143,-549.7857142857143,1790.3333333333333,1550.794097658786,246.87306613030586,-551.7770667690149,2
Benishangul Gumuz,Sorghum,2022,39742.1,0,0,26,2020,1,2,1183.4835164835165,-1.0,4,1501.899613899614,0.050681203459444796,64289.84447004608,0,Benushangul Gumuz_Sorghum,Benushangul Gumuz_2022,Sorghum_2022,39742.1,0.0,-1.0,0.0,1148.8333333333333,-1148.8333333333333,905.6666666666666,1568.6606813882117,0.0,-1149.8333333333333,1
SNNPR,Sorghum,2022,79129.69,197616957,2497,26,2020,1,7,1521.2747252747254,-0.857764258119032,4,1501.899613899614,0.2214572046897855,79141.75290348419,0,S.N.N.P.R_Sorghum,S.N.N.P.R_2022,Sorghum_2022,79129.69,inf,inf,2497.3806544673685,1491.7666666666667,1005.2333333333333,832.3333333333334,1441.643622166494,2497.3806544673685,inf,0
Gambela,Sorghum,2022,4706.0,5681329,1207,26,2020,1,4,485.2197802197802,-0.756735168234373,4,1501.899613899614,0.4239480099843526,4706.983429991715,0,Gambela_Sorghum,Gambela_2022,Sorghum_2022,4706.0,-0.5166199439327193,-0.9712508021262568,1207.2522311942203,462.8839779005525,744.1160220994475,1234.6666666666667,1248.7298880595952,1207.2522311942203,742.6281513533885,0
Harari,Sorghum,2022,6828.0,15076446,2208,26,2020,1,5,12684.181318681318,1.6872745557242728,4,1501.899613899614,-0.104987085742265,6828.100543478261,0,Harari_Sorghum,Harari_2022,Sorghum_2022,6828.0,0.8293289146644574,1.653682967488769,2208.032513181019,536.2277777777778,1671.7722222222224,1970.6666666666667,676.9566702037351,2208.032513181019,1674.2552341043756,0
Dire Dawa,Sorghum,2022,9117.0,9381999,1029,26,2020,1,3,361.5824175824176,5.930464870103632,4,1501.899613899614,-0.192037373313392,9117.5889212828,0,DIRE DAWA_Sorghum,DIRE DAWA_2022,Sorghum_2022,9117.0,-0.5339673913043479,-0.3777048649263891,1029.0664692333005,361.5824175824176,667.4175824175825,1481.3333333333333,635.5740187683325,1029.0664692333005,666.5059101613517,0
Tigray,Teff,1996,87880.0,60827000,692,0,1990,0,9,1323.2252747252746,-0.1133742964865565,5,598.7192307692308,0.050681203459444796,87900.28901734104,0,Tigray_Teff,Tigray_1996,Teff_1996,87880.0,0.0,0.0,692.1597633136095,1323.2252747252746,-631.2252747252746,692.0,0.0,692.1597633136095,-631.2252747252746,1
Afar,Teff,1996,4820.0,3331000,691,0,1990,0,0,454.0164835164835,-0.1133742964865565,5,598.7192307692308,inf,4820.5499276411,0,Afar_Teff,Afar_1996,Teff_1996,4820.0,-0.0014450867052022698,-0.9452381343811136,691.0788381742739,425.4088397790055,265.5911602209945,691.5,0.7071067811865476,691.0788381742739,264.6444769999082,0
Amhara,Teff,1996,882280.0,693081000,786,0,1990,0,1,1654.5824175824175,-0.1133742964865565,5,598.7192307692308,inf,881782.4427480916,0,Amhara_Teff,Amhara_1996,Teff_1996,882280.0,0.13748191027496381,207.069948964275,785.5567393571201,1625.4222222222222,-839.4222222222222,723.0,54.56189146281496,785.5567393571201,-632.2147913476722,1
Oromia,Teff,1996,941160.0,837751000,890,0,1990,0,6,1857.7087912087911,-0.1133742964865565,5,598.7192307692308,-0.628331943638072,941293.2584269664,0,Oromiya_Teff,Oromiya_1996,Teff_1996,941160.0,0.1323155216284988,0.2087346212058907,890.1260147052574,1817.2122905027934,-927.2122905027934,789.0,99.53391381835641,890.1260147052574,-926.871240359959,1
Somali,Teff,1996,58318.95,0,0,0,1990,0,8,549.7857142857143,-0.1133742964865565,5,598.7192307692308,-1.0,64289.84447004608,1,Somalia_Teff,Somalia_1996,Teff_1996,8.78,-1.0,-1.0,0.0,549.7857142857143,-549.7857142857143,558.6666666666666,486.60593228333477,0.0,-551.7857142857143,2
Benishangul Gumuz,Teff,1996,16150.0,9703000,601,0,1990,0,2,1183.4835164835165,-0.1133742964865565,5,598.7192307692308,inf,16144.758735440932,0,Benushangul Gumuz_Teff,Benushangul Gumuz_1996,Teff_1996,16150.0,inf,inf,600.8049535603715,1148.8333333333333,-547.8333333333333,497.0,454.02312716424484,600.8049535603715,inf,1
SNNPR,Teff,1996,160440.0,141367000,881,0,1990,0,7,1521.2747252747254,-0.1133742964865565,5,598.7192307692308,3.226910716613664,160461.97502837685,0,S.N.N.P.R_Teff,S.N.N.P.R_1996,Teff_1996,160440.0,0.4658901830282862,13.569411522209625,881.120668162553,1491.7666666666667,-610.7666666666667,494.0,450.1410889932178,881.120668162553,-596.7313649614288,1
Gambela,Teff,1996,58318.95,0,0,0,1990,0,4,485.2197802197802,-0.1133742964865565,5,598.7192307692308,-1.0,64289.84447004608,1,Gambela_Teff,Gambela_1996,Teff_1996,4.67,-1.0,-1.0,0.0,462.8839779005525,-462.8839779005525,494.0,450.1410889932178,0.0,-464.8839779005525,2
Harari,Teff,1996,58318.95,0,0,0,1990,0,5,12684.181318681318,-0.1133742964865565,5,598.7192307692308,0.050681203459444796,64289.84447004608,1,Harari_Teff,Harari_1996,Teff_1996,1.36,0.0,0.0,0.0,536.2277777777778,-536.2277777777778,293.6666666666667,508.6455871560604,0.0,-536.2277777777778,1
Dire Dawa,Teff,1996,58318.95,0,0,0,1990,0,3,361.5824175824176,-0.1133742964865565,5,598.7192307692308,-1.0,64289.84447004608,1,DIRE DAWA_Teff,DIRE DAWA_1996,Teff_1996,11020.445,0.0,0.0,0.0,361.5824175824176,-361.5824175824176,0.0,0.0,0.0,-361.5824175824176,1
Tigray,Teff,1997,99500.0,77735000,781,1,1990,0,9,1323.2252747252746,inf,5,598.7192307692308,0.2779686652309008,99532.6504481434,0,Tigray_Teff,Tigray_1997,Teff_1997,99500.0,inf,inf,781.2562814070352,1323.2252747252746,-542.2252747252746,260.3333333333333,450.91056023709785,781.2562814070352,inf,1
Afar,Teff,1997,58318.95,0,0,1,1990,0,0,454.0164835164835,-0.1133742964865565,5,598.7192307692308,-1.0,64289.84447004608,1,Afar_Teff,Afar_1997,Teff_1997,3401.967,-1.0,-1.0,0.0,425.4088397790055,-425.4088397790055,260.3333333333333,450.91056023709785,0.0,-427.4088397790055,2
Amhara,Teff,1997,903190.0,75076000,837,1,1990,0,1,1654.5824175824175,9.149520075706368,5,598.7192307692308,-0.891677884691688,89696.53524492234,0,Amhara_Teff,Amhara_1997,Teff_1997,903190.0,inf,inf,83.1231523821123,1625.4222222222222,-788.4222222222222,539.3333333333334,467.91487829874933,83.1231523821123,inf,1
Oromia,Teff,1997,952670.0,952875000,1000,1,1990,0,6,1857.7087912087911,15.525181228538727,5,598.7192307692308,0.1374203074660609,952875.0,0,Oromiya_Teff,Oromiya_1997,Teff_1997,952670.0,0.1947431302270013,11.692138632852043,1000.2151846914461,1817.2122905027934,-817.2122905027934,612.3333333333334,536.5224443891732,1000.2151846914461,-805.3254087397144,1
Somali,Teff,1997,58318.95,0,0,1,1990,0,8,549.7857142857143,-0.1133742964865565,5,598.7192307692308,0.050681203459444796,64289.84447004608,1,Somalia_Teff,Somalia_1997,Teff_1997,8.78,-1.0,-1.0,0.0,549.7857142857143,-549.7857142857143,612.3333333333334,536.5224443891731,0.0,-551.7857142857143,2
Benishangul Gumuz,Teff,1997,17890.0,10464000,585,1,1990,0,2,1183.4835164835165,inf,5,598.7192307692308,0.0784293517468823,17887.17948717949,0,Benushangul Gumuz_Teff,Benushangul Gumuz_1997,Teff_1997,17890.0,inf,inf,584.9077697037451,1148.8333333333333,-563.8333333333333,528.3333333333334,502.40256103381216,584.9077697037451,inf,1
SNNPR,Teff,1997,183580.0,192448000,1048,1,1990,0,7,1521.2747252747254,inf,5,598.7192307692308,0.361336096825992,183633.58778625957,0,S.N.N.P.R_Teff,S.N.N.P.R_1997,Teff_1997,183580.0,0.7914529914529915,17.3914373088685,1048.305915677089,1491.7666666666667,-443.76666666666665,544.3333333333334,525.1821906094431,1048.305915677089,-425.58377636634515,1
Gambela,Teff,1997,58318.95,0,0,1,1990,0,4,485.2197802197802,-0.1133742964865565,5,598.7192307692308,0.050681203459444796,64289.84447004608,1,Gambela_Teff,Gambela_1997,Teff_1997,4.67,-1.0,-1.0,0.0,462.8839779005525,-462.8839779005525,544.3333333333334,525.1821906094431,0.0,-464.8839779005525,2
Harari,Teff,1997,58318.95,0,0,1,1990,0,5,12684.181318681318,-0.1133742964865565,5,598.7192307692308,0.050681203459444796,64289.84447004608,1,Harari_Teff,Harari_1997,Teff_1997,1.36,0.0,0.0,0.0,536.2277777777778,-536.2277777777778,349.3333333333333,605.0630821107278,0.0,-536.2277777777778,1
Dire Dawa,Teff,1997,58318.95,0,0,1,1990,0,3,361.5824175824176,-0.1133742964865565,5,598.7192307692308,0.050681203459444796,64289.84447004608,1,DIRE DAWA_Teff,DIRE DAWA_1997,Teff_1997,11020.445,0.0,0.0,0.0,361.5824175824176,-361.5824175824176,0.0,0.0,0.0,-361.5824175824176,1
Tigray,Teff,1998,119340.0,69977000,586,2,1990,0,9,1323.2252747252746,inf,5,598.7192307692308,-0.0998006046182543,119414.67576791807,0,Tigray_Teff,Tigray_1998,Teff_1998,119340.0,inf,inf,586.366683425507,1323.2252747252746,-737.2252747252746,195.33333333333334,338.32725774512073,586.366683425507,inf,1
Afar,Teff,1998,4660.0,2199000,472,2,1990,0,0,454.0164835164835,inf,5,598.7192307692308,inf,4658.8983050847455,0,Afar_Teff,Afar_1998,Teff_1998,4660.0,-0.1945392491467577,-0.9685753890564043,471.88841201716735,425.4088397790055,46.59116022099448,352.6666666666667,310.6917014233457,471.88841201716735,45.42804558279132,0
Amhara,Teff,1998,744400.0,518998000,697,2,1990,0,1,1654.5824175824175,70.2029084922486,5,598.7192307692308,5.912968192231872,744616.9296987087,0,Amhara_Teff,Amhara_1998,Teff_1998,744400.0,0.47669491525423724,235.01546157344248,697.2031166039764,1625.4222222222222,-928.4222222222222,585.0,112.50333328395267,697.2031166039764,-692.9300657335255,1
Oromia,Teff,1998,729530.0,607224000,832,2,1990,0,6,1857.7087912087911,14.011347061877332,5,598.7192307692308,-0.362745375836284,729836.5384615385,0,Oromiya_Teff,Oromiya_1998,Teff_1998,729530.0,0.19368723098995688,0.1699929479497031,832.3495949446905,1817.2122905027934,-985.2122905027934,667.0,181.86533479473258,832.3495949446905,-984.8486103238538,1
Somali,Teff,1998,58318.95,0,0,2,1990,0,8,549.7857142857143,-0.1133742964865565,5,598.7192307692308,0.050681203459444796,64289.84447004608,1,Somalia_Teff,Somalia_1998,Teff_1998,8.78,-1.0,-1.0,0.0,549.7857142857143,-549.7857142857143,509.6666666666667,446.51577053149356,0.0,-551.7857142857143,2
Benishangul Gumuz,Teff,1998,22980.0,17380000,756,2,1990,0,2,1183.4835164835165,inf,5,598.7192307692308,0.6609327217125383,22989.41798941799,0,Benushangul Gumuz_Teff,Benushangul Gumuz_1998,Teff_1998,22980.0,inf,inf,756.3098346388164,1148.8333333333333,-392.83333333333326,529.3333333333334,459.98840565098317,756.3098346388164,inf,1
SNNPR,Teff,1998,123240.0,87765000,712,2,1990,0,7,1521.2747252747254,inf,5,598.7192307692308,-0.543954730628533,123265.44943820224,0,S.N.N.P.R_Teff,S.N.N.P.R_1998,Teff_1998,123240.0,-0.05820105820105825,4.049769850402762,712.1470301850048,1491.7666666666667,-779.7666666666667,489.3333333333333,424.34577096199916,712.1470301850048,-775.7750978744649,2
Gambela,Teff,1998,58318.95,0,0,2,1990,0,4,485.2197802197802,-0.1133742964865565,5,598.7192307692308,0.050681203459444796,64289.84447004608,1,Gambela_Teff,Gambela_1998,Teff_1998,4.67,-1.0,-1.0,0.0,462.8839779005525,-462.8839779005525,489.3333333333333,424.34577096199916,0.0,-464.8839779005525,2
Harari,Teff,1998,58318.95,0,0,2,1990,0,5,12684.181318681318,-0.1133742964865565,5,598.7192307692308,0.050681203459444796,64289.84447004608,1,Harari_Teff,Harari_1998,Teff_1998,1.36,0.0,0.0,0.0,536.2277777777778,-536.2277777777778,237.33333333333334,411.0733916630135,0.0,-536.2277777777778,1
Dire Dawa,Teff,1998,58318.95,0,0,2,1990,0,3,361.5824175824176,-0.1133742964865565,5,598.7192307692308,0.050681203459444796,64289.84447004608,1,DIRE DAWA_Teff,DIRE DAWA_1998,Teff_1998,11020.445,0.0,0.0,0.0,361.5824175824176,-361.5824175824176,0.0,0.0,0.0,-361.5824175824176,1
Tigray,Teff,1999,140830.0,113008000,802,3,1990,0,9,1323.2252747252746,inf,5,598.7192307692308,0.6149306200608771,140907.73067331672,0,Tigray_Teff,Tigray_1999,Teff_1999,140830.0,inf,inf,802.4426613647661,1323.2252747252746,-521.2252747252746,267.3333333333333,463.03491589007984,802.4426613647661,inf,1
Afar,Teff,1999,58318.95,5080000,2769,3,1990,0,0,454.0164835164835,inf,5,598.7192307692308,1.3101409731696227,1834.597327555074,1,Afar_Teff,Afar_1999,Teff_1999,3401.967,2.4526184538653366,-0.9550474302704234,87.10719243059074,425.4088397790055,2343.5911602209944,1190.3333333333333,1424.7604477010632,87.10719243059074,2345.0887312445893,0
Amhara,Teff,1999,884680.0,738079000,834,3,1990,0,1,1654.5824175824175,106.23216620659596,5,598.7192307692308,0.4221230139615182,884986.8105515587,0,Amhara_Teff,Amhara_1999,Teff_1999,884680.0,-0.6988082340195017,144.29114173228348,834.2892345254782,1625.4222222222222,-791.4222222222222,1468.3333333333333,1126.5240047745692,834.2892345254782,-647.8298887239582,2
Oromia,Teff,1999,867800.0,674691000,777,3,1990,0,6,1857.7087912087911,18.84502029531149,5,598.7192307692308,0.1111072684874114,868328.1853281853,0,Oromiya_Teff,Oromiya_1999,Teff_1999,867800.0,-0.06834532374100721,-0.08588240554195414,777.4729200276562,1817.2122905027934,-1040.2122905027934,1460.0,1133.9854496421021,777.4729200276562,-1040.3665182320763,2
Somali,Teff,1999,58318.95,0,0,3,1990,0,8,549.7857142857143,-0.1133742964865565,5,598.7192307692308,0.050681203459444796,64289.84447004608,1,Somalia_Teff,Somalia_1999,Teff_1999,8.78,-1.0,-1.0,0.0,549.7857142857143,-549.7857142857143,537.0,465.9281060421237,0.0,-551.7857142857143,2
Benishangul Gumuz,Teff,1999,21640.0,10505000,485,3,1990,0,2,1183.4835164835165,3500.6666666666665,5,598.7192307692308,-0.395569620253164,21659.79381443299,0,Benushangul Gumuz_Teff,Benushangul Gumuz_1999,Teff_1999,21640.0,inf,inf,485.44362292051756,1148.8333333333333,-663.8333333333333,420.6666666666667,392.474627630034,485.44362292051756,inf,1
SNNPR,Teff,1999,167400.0,97731000,584,3,1990,0,7,1521.2747252747254,inf,5,598.7192307692308,0.1135532387626045,167347.60273972602,0,S.N.N.P.R_Teff,S.N.N.P.R_1999,Teff_1999,167400.0,0.20412371134020613,8.303284150404568,583.8172043010753,1491.7666666666667,-907.7666666666667,356.3333333333333,312.53853095791857,583.8172043010753,-899.2592588049218,1
Gambela,Teff,1999,58318.95,0,0,3,1990,0,4,485.2197802197802,-0.1133742964865565,5,598.7192307692308,0.050681203459444796,64289.84447004608,1,Gambela_Teff,Gambela_1999,Teff_1999,4.67,-1.0,-1.0,0.0,462.8839779005525,-462.8839779005525,356.3333333333333,312.53853095791857,0.0,-464.8839779005525,2
Harari,Teff,1999,58318.95,0,0,3,1990,0,5,12684.181318681318,-0.1133742964865565,5,598.7192307692308,0.050681203459444796,64289.84447004608,1,Harari_Teff,Harari_1999,Teff_1999,1.36,0.0,0.0,0.0,536.2277777777778,-536.2277777777778,194.66666666666666,337.17255720674217,0.0,-536.2277777777778,1
Dire Dawa,Teff,1999,58318.95,0,0,3,1990,0,3,361.5824175824176,-0.1133742964865565,5,598.7192307692308,0.050681203459444796,64289.84447004608,1,DIRE DAWA_Teff,DIRE DAWA_1999,Teff_1999,11020.445,0.0,0.0,0.0,361.5824175824176,-361.5824175824176,0.0,0.0,0.0,-361.5824175824176,1
Tigray,Teff,2000,126440.0,115440000,913,4,2000,0,9,1323.2252747252746,inf,5,598.7192307692308,0.0215206003114822,126440.30668127054,0,Tigray_Teff,Tigray_2000,Teff_2000,126440.0,inf,inf,913.0022144890858,1323.2252747252746,-410.22527472527463,304.3333333333333,527.1207957701288,913.0022144890858,inf,1
Afar,Teff,2000,6610.0,5887000,891,4,2000,0,0,454.0164835164835,inf,5,598.7192307692308,0.1588582677165353,6607.182940516273,0,Afar_Teff,Afar_2000,Teff_2000,6610.0,-0.02409638554216864,-0.9490038115038115,890.6202723146747,425.4088397790055,465.5911602209945,601.3333333333334,520.8861039933142,890.6202723146747,464.6180600239485,0
Amhara,Teff,2000,90150.0,731436000,807,4,2000,0,1,1654.5824175824175,87.82040072859745,5,598.7192307692308,-0.00900039155700138,906364.312267658,0,Amhara_Teff,Amhara_2000,Teff_2000,90150.0,-0.09427609427609429,123.24596568710719,8113.544093178037,1625.4222222222222,-818.4222222222222,870.3333333333334,55.94044452213213,8113.544093178037,-695.2705326293911,2
Oromia,Teff,2000,891830.0,742328000,832,4,2000,0,6,1857.7087912087911,23.20371698728399,5,598.7192307692308,0.1002488546608744,892221.1538461539,0,Oromiya_Teff,Oromiya_2000,Teff_2000,891830.0,0.030978934324659146,0.014891255010691218,832.3649125954498,1817.2122905027934,-985.2122905027934,843.3333333333334,43.13158162337366,832.3649125954498,-985.166420313458,1
Somali,Teff,2000,58318.95,0,0,4,2000,0,8,549.7857142857143,-0.1133742964865565,5,598.7192307692308,0.050681203459444796,64289.84447004608,1,Somalia_Teff,Somalia_2000,Teff_2000,8.78,-1.0,-1.0,0.0,549.7857142857143,-549.7857142857143,546.3333333333334,473.3036375661334,0.0,-551.7857142857143,2
Benishangul Gumuz,Teff,2000,23810.0,14522000,610,4,2000,0,2,1183.4835164835165,inf,5,598.7192307692308,0.3823893384102808,23806.55737704918,0,Benushangul Gumuz_Teff,Benushangul Gumuz_2000,Teff_2000,23810.0,inf,inf,609.9118017639647,1148.8333333333333,-538.8333333333333,480.6666666666667,430.81473202913304,609.9118017639647,inf,1
SNNPR,Teff,2000,165050.0,104833000,635,4,2000,0,7,1521.2747252747254,inf,5,598.7192307692308,0.072668856350595,165091.33858267716,0,S.N.N.P.R_Teff,S.N.N.P.R_2000,Teff_2000,165050.0,0.040983606557376984,6.218909241151357,635.159042714329,1491.7666666666667,-856.7666666666667,415.0,359.6178527270307,635.159042714329,-850.5067738189579,1
Gambela,Teff,2000,58318.95,0,0,4,2000,0,4,485.2197802197802,-0.1133742964865565,5,598.7192307692308,0.050681203459444796,64289.84447004608,1,Gambela_Teff,Gambela_2000,Teff_2000,4.67,-1.0,-1.0,0.0,462.8839779005525,-462.8839779005525,415.0,359.6178527270307,0.0,-464.8839779005525,2
Harari,Teff,2000,58318.95,0,0,4,2000,0,5,12684.181318681318,-0.1133742964865565,5,598.7192307692308,0.050681203459444796,64289.84447004608,1,Harari_Teff,Harari_2000,Teff_2000,1.36,0.0,0.0,0.0,536.2277777777778,-536.2277777777778,211.66666666666666,366.6174209354127,0.0,-536.2277777777778,1
Dire Dawa,Teff,2000,58318.95,0,0,4,2000,0,3,361.5824175824176,-0.1133742964865565,5,598.7192307692308,0.050681203459444796,64289.84447004608,1,DIRE DAWA_Teff,DIRE DAWA_2000,Teff_2000,11020.445,0.0,0.0,0.0,361.5824175824176,-361.5824175824176,0.0,0.0,0.0,-361.5824175824176,1
Tigray,Teff,2001,141010.0,104801000,743,5,2000,0,9,1323.2252747252746,inf,5,598.7192307692308,-0.0921604296604297,141051.14401076717,0,Tigray_Teff,Tigray_2001,Teff_2001,141010.0,inf,inf,743.2167931352386,1323.2252747252746,-580.2252747252746,247.66666666666666,428.97125000789225,743.2167931352386,inf,1
Afar,Teff,2001,8260.0,0,0,5,2000,0,0,454.0164835164835,-0.1133742964865565,5,598.7192307692308,-1.0,64289.84447004608,0,Afar_Teff,Afar_2001,Teff_2001,8260.0,-1.0,-1.0,0.0,425.4088397790055,-425.4088397790055,247.66666666666666,428.97125000789225,0.0,-427.4088397790055,2
Amhara,Teff,2001,949350.0,768536000,810,5,2000,0,1,1654.5824175824175,78.533892165994,5,598.7192307692308,0.0507221411032543,948809.87654321,0,Amhara_Teff,Amhara_2001,Teff_2001,949350.0,inf,inf,809.5391583715174,1625.4222222222222,-815.4222222222222,517.6666666666666,449.5623798021067,809.5391583715174,inf,1
Oromia,Teff,2001,887250.0,728059000,821,5,2000,0,6,1857.7087912087911,21.079790137684235,5,598.7192307692308,-0.0192219611815801,886795.371498173,0,Oromiya_Teff,Oromiya_2001,Teff_2001,887250.0,0.013580246913580174,-0.052667669439037335,820.5793181177796,1817.2122905027934,-996.2122905027934,543.6666666666666,470.8612676079162,820.5793181177796,-996.2513779253188,1
Somali,Teff,2001,58318.95,0,0,5,2000,0,8,549.7857142857143,-0.1133742964865565,5,598.7192307692308,0.050681203459444796,64289.84447004608,1,Somalia_Teff,Somalia_2001,Teff_2001,8.78,-1.0,-1.0,0.0,549.7857142857143,-549.7857142857143,543.6666666666666,470.86126760791626,0.0,-551.7857142857143,2
Benishangul Gumuz,Teff,2001,16950.0,9777000,577,5,2000,0,2,1183.4835164835165,inf,5,598.7192307692308,-0.32674562732406,16944.540727902946,0,Benushangul Gumuz_Teff,Benushangul Gumuz_2001,Teff_2001,16950.0,inf,inf,576.8141592920354,1148.8333333333333,-571.8333333333333,466.0,421.60526562176665,576.8141592920354,inf,1
SNNPR,Teff,2001,174360.0,120643000,692,5,2000,0,7,1521.2747252747254,inf,5,598.7192307692308,0.1508112903379661,174339.59537572254,0,S.N.N.P.R_Teff,S.N.N.P.R_2001,Teff_2001,174360.0,0.19930675909878692,11.339470185128363,691.9190181234228,1491.7666666666667,-799.7666666666667,423.0,370.813969531894,691.9190181234228,-788.2278897224395,1
Gambela,Teff,2001,58318.95,0,0,5,2000,0,4,485.2197802197802,-0.1133742964865565,5,598.7192307692308,0.050681203459444796,64289.84447004608,1,Gambela_Teff,Gambela_2001,Teff_2001,4.67,-1.0,-1.0,0.0,462.8839779005525,-462.8839779005525,423.0,370.813969531894,0.0,-464.8839779005525,2
Harari,Teff,2001,58318.95,0,0,5,2000,0,5,12684.181318681318,-0.1133742964865565,5,598.7192307692308,0.050681203459444796,64289.84447004608,1,Harari_Teff,Harari_2001,Teff_2001,1.36,0.0,0.0,0.0,536.2277777777778,-536.2277777777778,230.66666666666666,399.52638627922164,0.0,-536.2277777777778,1
Dire Dawa,Teff,2001,58318.95,0,0,5,2000,0,3,361.5824175824176,-0.1133742964865565,5,598.7192307692308,0.050681203459444796,64289.84447004608,1,DIRE DAWA_Teff,DIRE DAWA_2001,Teff_2001,11020.445,0.0,0.0,0.0,361.5824175824176,-361.5824175824176,0.0,0.0,0.0,-361.5824175824176,1
Tigray,Teff,2002,124698.64,102850035,825,6,2000,0,9,1323.2252747252746,inf,5,598.7192307692308,-0.0186159006116354,124666.70909090908,0,Tigray_Teff,Tigray_2002,Teff_2002,124698.64,inf,inf,824.7887466936287,1323.2252747252746,-498.22527472527463,275.0,476.31397208144176,824.7887466936287,inf,1
Afar,Teff,2002,694.64,343315,494,6,2000,0,0,454.0164835164835,inf,5,598.7192307692308,inf,694.9696356275304,0,Afar_Teff,Afar_2002,Teff_2002,694.64,-0.40121212121212124,-0.9966619846070057,494.2344235863181,425.4088397790055,68.59116022099448,439.6666666666667,415.1750634772442,494.2344235863181,67.19328611517535,0
Amhara,Teff,2002,778202.03,697300240,896,6,2000,0,1,1654.5824175824175,53.167656334964654,5,598.7192307692308,-0.0926902057938729,778236.875,0,Amhara_Teff,Amhara_2002,Teff_2002,778202.03,0.8137651821862348,2030.0800285452135,896.0401195561003,1625.4222222222222,-729.4222222222222,738.3333333333334,214.5561309618851,896.0401195561003,1301.4715715051775,1
Oromia,Teff,2002,762119.72,71325116,936,6,2000,0,6,1857.7087912087911,0.9621765061898212,5,598.7192307692308,-0.902033879122433,76202.04700854702,0,Oromiya_Teff,Oromiya_2002,Teff_2002,762119.72,0.044642857142857206,-0.8977124746149521,93.58781058702955,1817.2122905027934,-881.2122905027934,775.3333333333334,244.46131254931439,93.58781058702955,-882.0653601202655,1
Somali,Teff,2002,58318.95,0,0,6,2000,0,8,549.7857142857143,-0.1133742964865565,5,598.7192307692308,0.050681203459444796,64289.84447004608,1,Somalia_Teff,Somalia_2002,Teff_2002,8.78,-1.0,-1.0,0.0,549.7857142857143,-549.7857142857143,610.6666666666666,529.2308884913405,0.0,-551.7857142857143,2
Benishangul Gumuz,Teff,2002,10736.57,7592932,707,6,2000,0,2,1183.4835164835165,inf,5,598.7192307692308,-0.223388360437762,10739.649222065063,0,Benushangul Gumuz_Teff,Benushangul Gumuz_2002,Teff_2002,10736.57,inf,inf,707.2027658740175,1148.8333333333333,-441.83333333333326,547.6666666666666,487.91836748920775,707.2027658740175,inf,1
SNNPR,Teff,2002,133882.17,98956647,739,6,2000,0,7,1521.2747252747254,2248.0147045454546,5,598.7192307692308,-0.179756413550724,133906.15290933693,0,S.N.N.P.R_Teff,S.N.N.P.R_2002,Teff_2002,133882.17,0.04526166902404527,12.032731888024284,739.1323803610293,1491.7666666666667,-752.7666666666667,482.0,417.7307745426476,739.1323803610293,-740.6886731096183,1
Gambela,Teff,2002,4.67,0,0,6,2000,0,4,485.2197802197802,-0.1133742964865565,5,598.7192307692308,0.050681203459444796,64289.84447004608,0,Gambela_Teff,Gambela_2002,Teff_2002,4.67,-1.0,-1.0,0.0,462.8839779005525,-462.8839779005525,482.0,417.7307745426476,0.0,-464.8839779005525,2
Harari,Teff,2002,58318.95,0,0,6,2000,0,5,12684.181318681318,-0.1133742964865565,5,598.7192307692308,0.050681203459444796,64289.84447004608,1,Harari_Teff,Harari_2002,Teff_2002,1.36,0.0,0.0,0.0,536.2277777777778,-536.2277777777778,246.33333333333334,426.6618489311339,0.0,-536.2277777777778,1
Dire Dawa,Teff,2002,58318.95,0,0,6,2000,0,3,361.5824175824176,-0.1133742964865565,5,598.7192307692308,0.050681203459444796,64289.84447004608,1,DIRE DAWA_Teff,DIRE DAWA_2002,Teff_2002,11020.445,0.0,0.0,0.0,361.5824175824176,-361.5824175824176,0.0,0.0,0.0,-361.5824175824176,1
Tigray,Teff,2004,136740.0,104756500,766,8,2000,0,9,1323.2252747252746,331.1638298412054,5,598.7192307692308,0.0185363573284151,136757.83289817232,0,Tigray_Teff,Tigray_2004,Teff_2004,136740.0,inf,inf,766.0998976159134,1323.2252747252746,-557.2252747252746,255.33333333333334,442.2503061992537,766.0998976159134,inf,1
Afar,Teff,2004,1516.0,1017700,671,8,2000,0,0,454.0164835164835,inf,5,598.7192307692308,1.964333046910272,1516.6915052160955,0,Afar_Teff,Afar_2004,Teff_2004,1516.0,-0.12402088772845954,-0.9902850897080372,671.3060686015831,425.4088397790055,245.59116022099448,479.0,417.5368247232815,671.3060686015831,244.476854243558,0
Amhara,Teff,2004,826443.0,730407700,884,8,2000,0,1,1654.5824175824175,76.42358767837368,5,598.7192307692308,0.047479490326864,826253.0542986426,0,Amhara_Teff,Amhara_2004,Teff_2004,826443.0,0.3174366616989568,716.7043333005797,883.796825673398,1625.4222222222222,-741.4222222222222,773.6666666666666,106.70676329705407,883.796825673398,-24.400452259943563,1
Oromia,Teff,2004,820135.0,704455500,859,8,2000,0,6,1857.7087912087911,27.91997098378039,5,598.7192307692308,8.876682149384797,820087.8928987194,0,Oromiya_Teff,Oromiya_2004,Teff_2004,820135.0,-0.02828054298642535,-0.03553111501973483,858.9506605619806,1817.2122905027934,-958.2122905027934,804.6666666666666,116.43166808619344,858.9506605619806,-958.2761021607996,2
Somali,Teff,2004,58318.95,0,0,8,2000,0,8,549.7857142857143,-1.0,5,598.7192307692308,0.050681203459444796,64289.84447004608,1,Somalia_Teff,Somalia_2004,Teff_2004,8.78,-1.0,-1.0,0.0,549.7857142857143,-549.7857142857143,581.0,503.31600411669825,0.0,-551.7857142857143,2
Benishangul Gumuz,Teff,2004,11944.0,8741100,732,8,2000,0,2,1183.4835164835165,407.82559281605165,5,598.7192307692308,0.1512153671335394,11941.393442622952,0,Benushangul Gumuz_Teff,Benushangul Gumuz_2004,Teff_2004,11944.0,inf,inf,731.8402545210985,1148.8333333333333,-416.83333333333326,530.3333333333334,463.6510900810366,731.8402545210985,inf,1
SNNPR,Teff,2004,182723.0,119526900,654,8,2000,0,7,1521.2747252747254,189.34703842074583,5,598.7192307692308,0.2078713620925332,182762.84403669724,0,S.N.N.P.R_Teff,S.N.N.P.R_2004,Teff_2004,182723.0,-0.10655737704918034,12.674125682122387,654.1426093047946,1491.7666666666667,-837.7666666666667,462.0,402.0000000000003,654.1426093047946,-825.1990983615934,2
Gambela,Teff,2004,58318.95,0,0,8,2000,0,4,485.2197802197802,-0.1133742964865565,5,598.7192307692308,0.050681203459444796,64289.84447004608,1,Gambela_Teff,Gambela_2004,Teff_2004,4.67,-1.0,-1.0,0.0,462.8839779005525,-462.8839779005525,462.0,402.0000000000003,0.0,-464.8839779005525,2
Harari,Teff,2004,58318.95,0,0,8,2000,0,5,12684.181318681318,-0.1133742964865565,5,598.7192307692308,0.050681203459444796,64289.84447004608,1,Harari_Teff,Harari_2004,Teff_2004,1.36,0.0,0.0,0.0,536.2277777777778,-536.2277777777778,218.0,377.5870760500157,0.0,-536.2277777777778,1
Dire Dawa,Teff,2004,58318.95,0,0,8,2000,0,3,361.5824175824176,-0.1133742964865565,5,598.7192307692308,0.050681203459444796,64289.84447004608,1,DIRE DAWA_Teff,DIRE DAWA_2004,Teff_2004,11020.445,0.0,0.0,0.0,361.5824175824176,-361.5824175824176,0.0,0.0,0.0,-361.5824175824176,1
Tigray,Teff,2005,137360.0,88176500,642,9,2000,0,9,1323.2252747252746,inf,5,598.7192307692308,-0.158271801749772,137346.57320872275,0,Tigray_Teff,Tigray_2005,Teff_2005,137360.0,inf,inf,641.9372451951077,1323.2252747252746,-681.2252747252746,214.0,370.65887281974017,641.9372451951077,inf,1
Afar,Teff,2005,1729.0,819400,474,9,2000,0,0,454.0164835164835,inf,5,598.7192307692308,-0.194851134912056,1728.691983122363,0,Afar_Teff,Afar_2005,Teff_2005,1729.0,-0.26168224299065423,-0.9907072746139844,473.9155581260844,425.4088397790055,48.59116022099448,372.0,332.9324255761224,473.9155581260844,47.33877070338984,0
Amhara,Teff,2005,852307.0,813651400,955,9,2000,0,1,1654.5824175824175,96.0226562686318,5,598.7192307692308,0.1139688149508828,851990.9947643979,0,Amhara_Teff,Amhara_2005,Teff_2005,852307.0,1.0147679324894514,991.9843788137662,954.6459198387436,1625.4222222222222,-670.4222222222222,690.3333333333334,244.11540986454244,954.6459198387436,322.5769245240334,1
Oromia,Teff,2005,918461.0,945087300,1029,9,2000,0,6,1857.7087912087911,31.359243445718533,5,598.7192307692308,0.3415855224354129,918452.1865889212,0,Oromiya_Teff,Oromiya_2005,Teff_2005,918461.0,0.07748691099476446,0.16153834430813974,1028.9901258736081,1817.2122905027934,-788.2122905027934,819.3333333333334,301.3475291641422,1028.9901258736081,-787.9732652474905,1
Somali,Teff,2005,58318.95,0,0,9,2000,0,8,549.7857142857143,-1.0,5,598.7192307692308,0.050681203459444796,64289.84447004608,1,Somalia_Teff,Somalia_2005,Teff_2005,8.78,-1.0,-1.0,0.0,549.7857142857143,-549.7857142857143,661.3333333333334,573.9253726168007,0.0,-551.7857142857143,2
Benishangul Gumuz,Teff,2005,12797.0,11692600,914,9,2000,0,2,1183.4835164835165,inf,5,598.7192307692308,0.3376577318644107,12792.778993435448,0,Benushangul Gumuz_Teff,Benushangul Gumuz_2005,Teff_2005,12797.0,inf,inf,913.6985230913496,1148.8333333333333,-234.83333333333326,647.6666666666666,563.8353778660342,913.6985230913496,inf,1
SNNPR,Teff,2005,210055.0,162905800,776,9,2000,0,7,1521.2747252747254,499.4786482334869,5,598.7192307692308,0.3629216519461309,209930.15463917525,0,S.N.N.P.R_Teff,S.N.N.P.R_2005,Teff_2005,210055.0,-0.15098468271334797,12.932384585122215,775.538787460427,1491.7666666666667,-715.7666666666667,563.3333333333334,492.7162807674752,775.538787460427,-702.9852667642577,2
Gambela,Teff,2005,58318.95,0,0,9,2000,0,4,485.2197802197802,-0.1133742964865565,5,598.7192307692308,0.050681203459444796,64289.84447004608,1,Gambela_Teff,Gambela_2005,Teff_2005,4.67,-1.0,-1.0,0.0,462.8839779005525,-462.8839779005525,563.3333333333334,492.7162807674752,0.0,-464.8839779005525,2
Harari,Teff,2005,58318.95,0,0,9,2000,0,5,12684.181318681318,-0.1133742964865565,5,598.7192307692308,0.050681203459444796,64289.84447004608,1,Harari_Teff,Harari_2005,Teff_2005,1.36,0.0,0.0,0.0,536.2277777777778,-536.2277777777778,258.6666666666667,448.0238088911497,0.0,-536.2277777777778,1
Dire Dawa,Teff,2005,58318.95,0,0,9,2000,0,3,361.5824175824176,-0.1133742964865565,5,598.7192307692308,0.050681203459444796,64289.84447004608,1,DIRE DAWA_Teff,DIRE DAWA_2005,Teff_2005,11020.445,0.0,0.0,0.0,361.5824175824176,-361.5824175824176,0.0,0.0,0.0,-361.5824175824176,1
Tigray,Teff,2006,138346.23,124421256,899,10,2000,0,9,1323.2252747252746,inf,5,598.7192307692308,0.4110477961815222,138399.617352614,0,Tigray_Teff,Tigray_2006,Teff_2006,138346.23,inf,inf,899.346921126799,1323.2252747252746,-424.22527472527463,299.6666666666667,519.0378920014737,899.346921126799,inf,1
Afar,Teff,2006,1784.32,817683,458,10,2000,0,0,454.0164835164835,inf,5,598.7192307692308,-0.00209543568464731,1785.3340611353713,0,Afar_Teff,Afar_2006,Teff_2006,1784.32,-0.4905450500556173,-0.9934281084576095,458.2602896341464,425.4088397790055,32.59116022099448,452.3333333333333,449.52678822661227,458.2602896341464,31.107187062481255,0
Amhara,Teff,2006,907057.42,865824040,955,10,2000,0,1,1654.5824175824175,82.94974014892956,5,598.7192307692308,0.0641216127693014,906622.0314136124,0,Amhara_Teff,Amhara_2006,Teff_2006,907057.42,1.0851528384279474,1057.874942979125,954.5415989210474,1625.4222222222222,-670.4222222222222,770.6666666666666,272.2211111088439,954.5415989210474,388.5378735953309,1
Oromia,Teff,2006,985665.52,1022451976,1037,10,2000,0,6,1857.7087912087911,21.543363032439714,5,598.7192307692308,0.0818598197224742,985971.0472516876,0,Oromiya_Teff,Oromiya_2006,Teff_2006,985665.52,0.08586387434554976,0.1809004240630694,1037.321439427038,1817.2122905027934,-780.2122905027934,816.6666666666666,313.3086869739388,1037.321439427038,-779.9455262043848,1
Somali,Teff,2006,8.78,0,0,10,2000,0,8,549.7857142857143,-1.0,5,598.7192307692308,0.050681203459444796,64289.84447004608,0,Somalia_Teff,Somalia_2006,Teff_2006,8.78,-1.0,-1.0,0.0,549.7857142857143,-549.7857142857143,664.0,576.5006504766498,0.0,-551.7857142857143,2
Benishangul Gumuz,Teff,2006,16654.32,13350915,802,10,2000,0,2,1183.4835164835165,inf,5,598.7192307692308,0.1418260267177531,16647.026184538652,0,Benushangul Gumuz_Teff,Benushangul Gumuz_2006,Teff_2006,16654.32,inf,inf,801.6487614024469,1148.8333333333333,-346.83333333333326,613.0,543.7214360313562,801.6487614024469,inf,1
SNNPR,Teff,2006,193193.16,145474277,753,10,2000,0,7,1521.2747252747254,298.2066577540107,5,598.7192307692308,-0.107003697842556,193192.9309428951,0,S.N.N.P.R_Teff,S.N.N.P.R_2006,Teff_2006,193193.16,-0.061097256857855387,9.896202769622906,752.9991072147689,1491.7666666666667,-738.7666666666667,518.3333333333334,449.55793100926775,752.9991072147689,-728.9315611539016,2
Gambela,Teff,2006,58318.95,0,0,10,2000,0,4,485.2197802197802,-0.1133742964865565,5,598.7192307692308,0.050681203459444796,64289.84447004608,1,Gambela_Teff,Gambela_2006,Teff_2006,4.67,-1.0,-1.0,0.0,462.8839779005525,-462.8839779005525,518.3333333333334,449.55793100926775,0.0,-464.8839779005525,2
Harari,Teff,2006,1.36,0,0,10,2000,0,5,12684.181318681318,-0.1133742964865565,5,598.7192307692308,0.050681203459444796,64289.84447004608,0,Harari_Teff,Harari_2006,Teff_2006,1.36,0.0,0.0,0.0,536.2277777777778,-536.2277777777778,251.0,434.7447526997883,0.0,-536.2277777777778,1
Dire Dawa,Teff,2006,58318.95,0,0,10,2000,0,3,361.5824175824176,-0.1133742964865565,5,598.7192307692308,0.050681203459444796,64289.84447004608,1,DIRE DAWA_Teff,DIRE DAWA_2006,Teff_2006,11020.445,0.0,0.0,0.0,361.5824175824176,-361.5824175824176,0.0,0.0,0.0,-361.5824175824176,1
Tigray,Teff,2007,160740.57,157359904,979,11,2000,0,9,1323.2252747252746,276.3893095053844,5,598.7192307692308,0.2647348938512563,160735.3462717058,0,Tigray_Teff,Tigray_2007,Teff_2007,160740.57,inf,inf,978.968184572196,1323.2252747252746,-344.22527472527463,326.3333333333333,565.2259135366438,978.968184572196,inf,1
Afar,Teff,2007,2492.71,1489995,598,11,2000,0,0,454.0164835164835,inf,5,598.7192307692308,0.8222159443207209,2491.6304347826085,0,Afar_Teff,Afar_2007,Teff_2007,2492.71,-0.38917262512768136,-0.9905312918848755,597.7410127933052,425.4088397790055,172.59116022099448,525.6666666666666,493.4919789959443,597.7410127933052,171.21145630398192,0
Amhara,Teff,2007,939487.63,972006442,1035,11,2000,0,1,1654.5824175824175,130.32160975988705,5,598.7192307692308,0.1226373917730443,939136.658937198,0,Amhara_Teff,Amhara_2007,Teff_2007,939487.63,0.7307692307692308,651.3555058909594,1034.6133477031517,1625.4222222222222,-590.4222222222222,870.6666666666666,237.79052406127025,1034.6133477031517,61.66405289950649,1
Oromia,Teff,2007,1082756.17,1133591204,1047,11,2000,0,6,1857.7087912087911,34.64938644432883,5,598.7192307692308,0.1086987267947732,1082704.1107927412,0,Oromiya_Teff,Oromiya_2007,Teff_2007,1082756.17,0.011594202898550732,0.1662383653214512,1046.9496599589916,1817.2122905027934,-770.2122905027934,893.3333333333334,255.83653635345664,1046.9496599589916,-770.0344579345734,1
Somali,Teff,2007,58318.95,0,0,11,2000,0,8,549.7857142857143,-1.0,5,598.7192307692308,0.050681203459444796,64289.84447004608,1,Somalia_Teff,Somalia_2007,Teff_2007,8.78,-1.0,-1.0,0.0,549.7857142857143,-549.7857142857143,694.0,601.051578485574,0.0,-551.7857142857143,2
Benishangul Gumuz,Teff,2007,15719.53,14346476,913,11,2000,0,2,1183.4835164835165,383.2943319404265,5,598.7192307692308,0.074568746786269,15713.55531215772,0,Benushangul Gumuz_Teff,Benushangul Gumuz_2007,Teff_2007,15719.53,inf,inf,912.6529864442512,1148.8333333333333,-235.83333333333326,653.3333333333334,569.7563806868103,912.6529864442512,inf,1
SNNPR,Teff,2007,199492.22,155610758,780,11,2000,0,7,1521.2747252747254,603.2174178092032,5,598.7192307692308,0.069678854633524,199500.9717948718,0,S.N.N.P.R_Teff,S.N.N.P.R_2007,Teff_2007,199492.22,-0.14567360350492886,9.846618918820203,780.0342188783102,1491.7666666666667,-711.7666666666667,564.3333333333334,493.23050730194444,780.0342188783102,-702.0657213513514,2
Gambela,Teff,2007,58318.95,0,0,11,2000,0,4,485.2197802197802,-0.1133742964865565,5,598.7192307692308,0.050681203459444796,64289.84447004608,1,Gambela_Teff,Gambela_2007,Teff_2007,4.67,-1.0,-1.0,0.0,462.8839779005525,-462.8839779005525,564.3333333333334,493.23050730194444,0.0,-464.8839779005525,2
Harari,Teff,2007,58318.95,0,0,11,2000,0,5,12684.181318681318,-1.0,5,598.7192307692308,0.050681203459444796,64289.84447004608,1,Harari_Teff,Harari_2007,Teff_2007,1.36,0.0,0.0,0.0,536.2277777777778,-536.2277777777778,260.0,450.33320996790815,0.0,-536.2277777777778,1
Dire Dawa,Teff,2007,58318.95,0,0,11,2000,0,3,361.5824175824176,-0.1133742964865565,5,598.7192307692308,0.050681203459444796,64289.84447004608,1,DIRE DAWA_Teff,DIRE DAWA_2007,Teff_2007,11020.445,0.0,0.0,0.0,361.5824175824176,-361.5824175824176,0.0,0.0,0.0,-361.5824175824176,1
Tigray,Teff,2008,178742.14,228303114,1277,12,2000,0,9,1323.2252747252746,395.0982580936188,5,598.7192307692308,0.4508340955774859,178780.82537196553,0,Tigray_Teff,Tigray_2008,Teff_2008,178742.14,inf,inf,1277.2763826146424,1323.2252747252746,-46.22527472527463,425.6666666666667,737.2762937551522,1277.2763826146424,inf,1
Afar,Teff,2008,58318.95,0,0,12,2000,0,0,454.0164835164835,-0.1133742964865565,5,598.7192307692308,-1.0,64289.84447004608,1,Afar_Teff,Afar_2008,Teff_2008,3401.967,-1.0,-1.0,0.0,425.4088397790055,-425.4088397790055,425.6666666666667,737.2762937551522,0.0,-427.4088397790055,2
Amhara,Teff,2008,1047084.74,1268568413,1212,12,2000,0,1,1654.5824175824175,166.2824526280588,5,598.7192307692308,0.3051028863448624,1046673.6080858086,0,Amhara_Teff,Amhara_2008,Teff_2008,1047084.74,inf,inf,1211.524115039629,1625.4222222222222,-413.4222222222222,829.6666666666666,719.247060010212,1211.524115039629,inf,1
Oromia,Teff,2008,11843.87,13571832,1146,12,2000,0,6,1857.7087912087911,-0.509746367907828,5,598.7192307692308,-0.988027578237983,11842.785340314136,0,Oromiya_Teff,Oromiya_2008,Teff_2008,11843.87,-0.054455445544554504,-0.9893014583518563,1145.8950495066224,1817.2122905027934,-671.2122905027934,786.0,681.4954145113525,1145.8950495066224,-672.2560474066898,2
Somali,Teff,2008,58318.95,0,0,12,2000,0,8,549.7857142857143,-0.1133742964865565,5,598.7192307692308,0.050681203459444796,64289.84447004608,1,Somalia_Teff,Somalia_2008,Teff_2008,8.78,-1.0,-1.0,0.0,549.7857142857143,-549.7857142857143,786.0,681.4954145113525,0.0,-551.7857142857143,2
Benishangul Gumuz,Teff,2008,18870.52,20510225,1087,12,2000,0,2,1183.4835164835165,inf,5,598.7192307692308,0.4296350546294434,18868.652253909844,0,Benushangul Gumuz_Teff,Benushangul Gumuz_2008,Teff_2008,18870.52,inf,inf,1086.8924120797942,1148.8333333333333,-61.83333333333326,744.3333333333334,645.2862413947266,1086.8924120797942,inf,1
SNNPR,Teff,2008,234789.37,232246796,989,12,2000,0,7,1521.2747252747254,697.6967388688328,5,598.7192307692308,0.4924854745582565,234829.9251769464,0,S.N.N.P.R_Teff,S.N.N.P.R_2008,Teff_2008,234789.37,-0.09015639374425022,10.323464077064001,989.1708300081899,1491.7666666666667,-502.76666666666665,692.0,601.289447770373,989.1708300081899,-492.5333589833469,2
Gambela,Teff,2008,58318.95,0,0,12,2000,0,4,485.2197802197802,-0.1133742964865565,5,598.7192307692308,0.050681203459444796,64289.84447004608,1,Gambela_Teff,Gambela_2008,Teff_2008,4.67,-1.0,-1.0,0.0,462.8839779005525,-462.8839779005525,692.0,601.289447770373,0.0,-464.8839779005525,2
Harari,Teff,2008,58318.95,0,0,12,2000,0,5,12684.181318681318,-0.1133742964865565,5,598.7192307692308,0.050681203459444796,64289.84447004608,1,Harari_Teff,Harari_2008,Teff_2008,1.36,0.0,0.0,0.0,536.2277777777778,-536.2277777777778,329.6666666666667,570.99941622854,0.0,-536.2277777777778,1
Dire Dawa,Teff,2008,58318.95,0,0,12,2000,0,3,361.5824175824176,-0.1133742964865565,5,598.7192307692308,0.050681203459444796,64289.84447004608,1,DIRE DAWA_Teff,DIRE DAWA_2008,Teff_2008,11020.445,0.0,0.0,0.0,361.5824175824176,-361.5824175824176,0.0,0.0,0.0,-361.5824175824176,1
Tigray,Teff,2009,183376.2,232760780,1269,13,2000,0,9,1323.2252747252746,inf,5,598.7192307692308,0.019525208929038,183420.6304176517,0,Tigray_Teff,Tigray_2009,Teff_2009,183376.2,inf,inf,1269.3074673812632,1323.2252747252746,-54.22527472527463,423.0,732.6574916016351,1269.3074673812632,inf,1
Afar,Teff,2009,58318.95,0,0,13,2000,0,0,454.0164835164835,-0.1133742964865565,5,598.7192307692308,0.050681203459444796,64289.84447004608,1,Afar_Teff,Afar_2009,Teff_2009,3401.967,-1.0,-1.0,0.0,425.4088397790055,-425.4088397790055,423.0,732.6574916016351,0.0,-427.4088397790055,2
Amhara,Teff,2009,1003948.0,1238347400,1233,13,2000,0,1,1654.5824175824175,148.0686664673222,5,598.7192307692308,-0.0238229272385327,1004336.9018653692,0,Amhara_Teff,Amhara_2009,Teff_2009,1003948.0,inf,inf,1233.4776303155143,1625.4222222222222,-392.4222222222222,834.0,722.489446289702,1233.4776303155143,inf,1
Oromia,Teff,2009,1081501.0,1329265200,1229,13,2000,0,6,1857.7087912087911,inf,5,598.7192307692308,96.94294535918216,1081582.7502034174,0,Oromiya_Teff,Oromiya_2009,Teff_2009,1081501.0,-0.0032441200324412334,0.07341865457140706,1229.0928995904765,1817.2122905027934,-588.2122905027934,820.6666666666666,710.7209954217855,1229.0928995904765,-588.1421159682544,2
Somali,Teff,2009,58318.95,0,0,13,2000,0,8,549.7857142857143,-0.1133742964865565,5,598.7192307692308,0.050681203459444796,64289.84447004608,1,Somalia_Teff,Somalia_2009,Teff_2009,8.78,-1.0,-1.0,0.0,549.7857142857143,-549.7857142857143,820.6666666666666,710.7209954217855,0.0,-551.7857142857143,2
Benishangul Gumuz,Teff,2009,16276.07,16279627,1000,13,2000,0,2,1183.4835164835165,inf,5,598.7192307692308,-0.206267751816472,16279.627,0,Benushangul Gumuz_Teff,Benushangul Gumuz_2009,Teff_2009,16276.07,inf,inf,1000.2185416995626,1148.8333333333333,-148.83333333333326,743.0,653.5648399355646,1000.2185416995626,inf,1
SNNPR,Teff,2009,194962.3,210060030,1077,13,2000,0,7,1521.2747252747254,532.9292059691477,5,598.7192307692308,-0.0955309885093097,195041.8105849582,0,S.N.N.P.R_Teff,S.N.N.P.R_2009,Teff_2009,194962.3,0.07699999999999996,11.903245879036417,1077.4392279943354,1491.7666666666667,-414.76666666666665,692.3333333333334,600.8130602220074,1077.4392279943354,-402.7864207876302,1
Gambela,Teff,2009,58318.95,0,0,13,2000,0,4,485.2197802197802,-0.1133742964865565,5,598.7192307692308,0.050681203459444796,64289.84447004608,1,Gambela_Teff,Gambela_2009,Teff_2009,4.67,-1.0,-1.0,0.0,462.8839779005525,-462.8839779005525,692.3333333333334,600.8130602220074,0.0,-464.8839779005525,2
Harari,Teff,2009,58318.95,0,0,13,2000,0,5,12684.181318681318,-0.1133742964865565,5,598.7192307692308,0.050681203459444796,64289.84447004608,1,Harari_Teff,Harari_2009,Teff_2009,1.36,0.0,0.0,0.0,536.2277777777778,-536.2277777777778,359.0,621.806239917227,0.0,-536.2277777777778,1
Dire Dawa,Teff,2009,58318.95,0,0,13,2000,0,3,361.5824175824176,-0.1133742964865565,5,598.7192307692308,0.050681203459444796,64289.84447004608,1,DIRE DAWA_Teff,DIRE DAWA_2009,Teff_2009,11020.445,0.0,0.0,0.0,361.5824175824176,-361.5824175824176,0.0,0.0,0.0,-361.5824175824176,1
Tigray,Teff,2010,187858.61,203999398,1086,14,2010,1,9,1323.2252747252746,inf,5,598.7192307692308,-0.123566272634075,187844.74953959484,0,Tigray_Teff,Tigray_2010,Teff_2010,187858.61,inf,inf,1085.9198734622812,1323.2252747252746,-237.22527472527463,362.0,627.0023923399336,1085.9198734622812,inf,1
Afar,Teff,2010,58318.95,0,0,14,2010,1,0,454.0164835164835,-0.1133742964865565,5,598.7192307692308,0.050681203459444796,64289.84447004608,1,Afar_Teff,Afar_2010,Teff_2010,3401.967,-1.0,-1.0,0.0,425.4088397790055,-425.4088397790055,362.0,627.0023923399336,0.0,-427.4088397790055,2
Amhara,Teff,2010,1001028.47,1286056342,1285,14,2010,1,1,1654.5824175824175,155.450526878203,5,598.7192307692308,0.0385262988398893,1000822.0560311284,0,Amhara_Teff,Amhara_2010,Teff_2010,1001028.47,inf,inf,1284.7350305631169,1625.4222222222222,-340.4222222222222,790.3333333333334,691.6432124537431,1284.7350305631169,inf,1
Oromia,Teff,2010,1182810.77,1436840508,1215,14,2010,1,6,1857.7087912087911,41.64022528883427,5,598.7192307692308,0.0809284016462628,1182584.7802469137,0,Oromiya_Teff,Oromiya_2010,Teff_2010,1182810.77,-0.054474708171206254,0.11724538115142713,1214.767860120178,1817.2122905027934,-602.2122905027934,833.3333333333334,722.5360429302705,1214.767860120178,-602.1495198298131,2
Somali,Teff,2010,58318.95,0,0,14,2010,1,8,549.7857142857143,-0.1133742964865565,5,598.7192307692308,0.050681203459444796,64289.84447004608,1,Somalia_Teff,Somalia_2010,Teff_2010,8.78,-1.0,-1.0,0.0,549.7857142857143,-549.7857142857143,833.3333333333334,722.5360429302705,0.0,-551.7857142857143,2
Benishangul Gumuz,Teff,2010,18632.31,18256459,980,14,2010,1,2,1183.4835164835165,inf,5,598.7192307692308,0.1214298091719177,18629.03979591837,0,Benushangul Gumuz_Teff,Benushangul Gumuz_2010,Teff_2010,18632.31,inf,inf,979.8279977093554,1148.8333333333333,-168.83333333333326,731.6666666666666,644.4442049807986,979.8279977093554,inf,1
SNNPR,Teff,2010,196701.83,233696152,1188,14,2010,1,7,1521.2747252747254,557.2603394527191,5,598.7192307692308,0.1125207970312105,196713.93265993267,0,S.N.N.P.R_Teff,S.N.N.P.R_2010,Teff_2010,196701.83,0.21224489795918378,11.800738193534682,1188.0730952020122,1491.7666666666667,-303.76666666666665,722.6666666666666,634.4299278354811,1188.0730952020122,-291.7536835751728,1
Gambela,Teff,2010,58318.95,0,0,14,2010,1,4,485.2197802197802,-0.1133742964865565,5,598.7192307692308,0.050681203459444796,64289.84447004608,1,Gambela_Teff,Gambela_2010,Teff_2010,4.67,-1.0,-1.0,0.0,462.8839779005525,-462.8839779005525,722.6666666666666,634.4299278354811,0.0,-464.8839779005525,2
Harari,Teff,2010,58318.95,0,0,14,2010,1,5,12684.181318681318,-0.1133742964865565,5,598.7192307692308,0.050681203459444796,64289.84447004608,1,Harari_Teff,Harari_2010,Teff_2010,1.36,0.0,0.0,0.0,536.2277777777778,-536.2277777777778,396.0,685.8921197972758,0.0,-536.2277777777778,1
Dire Dawa,Teff,2010,58318.95,0,0,14,2010,1,3,361.5824175824176,-0.1133742964865565,5,598.7192307692308,0.050681203459444796,64289.84447004608,1,DIRE DAWA_Teff,DIRE DAWA_2010,Teff_2010,11020.445,0.0,0.0,0.0,361.5824175824176,-361.5824175824176,0.0,0.0,0.0,-361.5824175824176,1
Tigray,Teff,2011,165803.79,209506676,1264,15,2010,1,9,1323.2252747252746,inf,5,598.7192307692308,0.0269965404505752,165748.95253164557,0,Tigray_Teff,Tigray_2011,Teff_2011,165803.79,inf,inf,1263.5819482775394,1323.2252747252746,-59.22527472527463,421.3333333333333,729.7707402556872,1263.5819482775394,inf,1
Afar,Teff,2011,58318.95,0,0,15,2010,1,0,454.0164835164835,-0.1133742964865565,5,598.7192307692308,0.050681203459444796,64289.84447004608,1,Afar_Teff,Afar_2011,Teff_2011,3401.967,-1.0,-1.0,0.0,425.4088397790055,-425.4088397790055,421.3333333333333,729.7707402556872,0.0,-427.4088397790055,2
Amhara,Teff,2011,1014267.85,1279107703,1261,15,2010,1,1,1654.5824175824175,102.45462465107224,5,598.7192307692308,-0.00540305954962583,1014359.7961934973,0,Amhara_Teff,Amhara_2011,Teff_2011,1014267.85,inf,inf,1261.1143131471633,1625.4222222222222,-364.4222222222222,841.6666666666666,728.9062582618794,1261.1143131471633,inf,1
Oromia,Teff,2011,1289405.27,1671802531,1297,15,2010,1,6,1857.7087912087911,85.3724420249497,5,598.7192307692308,0.163526864458362,1288976.5080956053,0,Oromiya_Teff,Oromiya_2011,Teff_2011,1289405.27,0.028548770816811952,0.30700685100948055,1296.5687126437756,1817.2122905027934,-520.2122905027934,852.6666666666666,738.6503457884073,1296.5687126437756,-519.8767348809671,1
Somali,Teff,2011,58318.95,0,0,15,2010,1,8,549.7857142857143,-0.1133742964865565,5,598.7192307692308,0.050681203459444796,64289.84447004608,1,Somalia_Teff,Somalia_2011,Teff_2011,8.78,-1.0,-1.0,0.0,549.7857142857143,-549.7857142857143,852.6666666666666,738.6503457884074,0.0,-551.7857142857143,2
Benishangul Gumuz,Teff,2011,23648.11,23107290,977,15,2010,1,2,1183.4835164835165,inf,5,598.7192307692308,0.2657049212007651,23651.26919140225,0,Benushangul Gumuz_Teff,Benushangul Gumuz_2011,Teff_2011,23648.11,inf,inf,977.1305190985664,1148.8333333333333,-171.83333333333326,758.0,675.664857751238,977.1305190985664,inf,1
SNNPR,Teff,2011,265377.07,296759360,1118,15,2010,1,7,1521.2747252747254,265.66968598219864,5,598.7192307692308,0.2698512896352696,265437.71019678,0,S.N.N.P.R_Teff,S.N.N.P.R_2011,Teff_2011,265377.07,0.14431934493346987,11.842672593800485,1118.2554694721741,1491.7666666666667,-373.76666666666665,698.3333333333334,608.8697178652703,1118.2554694721741,-361.7796747279327,1
Gambela,Teff,2011,58318.95,0,0,15,2010,1,4,485.2197802197802,-0.1133742964865565,5,598.7192307692308,0.050681203459444796,64289.84447004608,1,Gambela_Teff,Gambela_2011,Teff_2011,4.67,-1.0,-1.0,0.0,462.8839779005525,-462.8839779005525,698.3333333333334,608.8697178652703,0.0,-464.8839779005525,2
Harari,Teff,2011,58318.95,0,0,15,2010,1,5,12684.181318681318,-0.1133742964865565,5,598.7192307692308,0.050681203459444796,64289.84447004608,1,Harari_Teff,Harari_2011,Teff_2011,1.36,0.0,0.0,0.0,536.2277777777778,-536.2277777777778,372.6666666666667,645.4776009540022,0.0,-536.2277777777778,1
Dire Dawa,Teff,2011,58318.95,0,0,15,2010,1,3,361.5824175824176,-0.1133742964865565,5,598.7192307692308,0.050681203459444796,64289.84447004608,1,DIRE DAWA_Teff,DIRE DAWA_2011,Teff_2011,11020.445,0.0,0.0,0.0,361.5824175824176,-361.5824175824176,0.0,0.0,0.0,-361.5824175824176,1
Tigray,Teff,2012,152740.04,193845690,1269,16,2010,1,9,1323.2252747252746,inf,5,598.7192307692308,-0.0747517277206001,152754.68085106384,0,Tigray_Teff,Tigray_2012,Teff_2012,152740.04,inf,inf,1269.1216396172215,1323.2252747252746,-54.22527472527463,423.0,732.6574916016356,1269.1216396172215,inf,1
Afar,Teff,2012,58318.95,0,0,16,2010,1,0,454.0164835164835,-0.1133742964865565,5,598.7192307692308,0.050681203459444796,64289.84447004608,1,Afar_Teff,Afar_2012,Teff_2012,3401.967,-1.0,-1.0,0.0,425.4088397790055,-425.4088397790055,423.0,732.6574916016356,0.0,-427.4088397790055,2
Amhara,Teff,2012,1003380.97,1310280795,1306,16,2010,1,1,1654.5824175824175,177.50159656576585,5,598.7192307692308,0.0243709672976615,1003277.790964778,0,Amhara_Teff,Amhara_2012,Teff_2012,1003380.97,inf,inf,1305.8657022367088,1625.4222222222222,-319.4222222222222,858.3333333333334,743.5686473576826,1305.8657022367088,inf,1
Oromia,Teff,2012,1293514.25,1676543275,1296,16,2010,1,6,1857.7087912087911,41.48487169621179,5,598.7192307692308,0.0028357081127066,1293629.0702160494,0,Oromiya_Teff,Oromiya_2012,Teff_2012,1293514.25,-0.007656967840735107,0.2795297629314639,1296.1150408663839,1817.2122905027934,-521.2122905027934,867.3333333333334,751.1493415648673,1296.1150408663839,-520.9404177077026,1
Somali,Teff,2012,58318.95,0,0,16,2010,1,8,549.7857142857143,-0.1133742964865565,5,598.7192307692308,0.050681203459444796,64289.84447004608,1,Somalia_Teff,Somalia_2012,Teff_2012,8.78,-1.0,-1.0,0.0,549.7857142857143,-549.7857142857143,867.3333333333334,751.1493415648673,0.0,-551.7857142857143,2
Benishangul Gumuz,Teff,2012,23615.03,23225663,984,16,2010,1,2,1183.4835164835165,inf,5,598.7192307692308,0.0051227556325297,23603.316056910568,0,Benushangul Gumuz_Teff,Benushangul Gumuz_2012,Teff_2012,23615.03,inf,inf,983.5118989897536,1148.8333333333333,-164.83333333333326,760.0,676.4140743656955,983.5118989897536,inf,1
SNNPR,Teff,2012,257794.7,293766954,1140,16,2010,1,7,1521.2747252747254,1017.0340306969362,5,598.7192307692308,-0.0100836111791048,257690.3105263158,0,S.N.N.P.R_Teff,S.N.N.P.R_2012,Teff_2012,257794.7,0.15853658536585358,11.64837752963177,1139.5383768556917,1491.7666666666667,-351.76666666666665,708.0,618.0873724644442,1139.5383768556917,-339.95975255166906,1
Gambela,Teff,2012,58318.95,0,0,16,2010,1,4,485.2197802197802,-0.1133742964865565,5,598.7192307692308,0.050681203459444796,64289.84447004608,1,Gambela_Teff,Gambela_2012,Teff_2012,4.67,-1.0,-1.0,0.0,462.8839779005525,-462.8839779005525,708.0,618.0873724644441,0.0,-464.8839779005525,2
Harari,Teff,2012,58318.95,0,0,16,2010,1,5,12684.181318681318,-0.1133742964865565,5,598.7192307692308,0.050681203459444796,64289.84447004608,1,Harari_Teff,Harari_2012,Teff_2012,1.36,0.0,0.0,0.0,536.2277777777778,-536.2277777777778,380.0,658.179306876174,0.0,-536.2277777777778,1
Dire Dawa,Teff,2012,58318.95,0,0,16,2010,1,3,361.5824175824176,-0.1133742964865565,5,598.7192307692308,0.050681203459444796,64289.84447004608,1,DIRE DAWA_Teff,DIRE DAWA_2012,Teff_2012,11020.445,0.0,0.0,0.0,361.5824175824176,-361.5824175824176,0.0,0.0,0.0,-361.5824175824176,1
Tigray,Teff,2013,161798.11,212223454,1312,17,2010,1,9,1323.2252747252746,inf,5,598.7192307692308,0.0948061522544039,161755.68140243902,0,Tigray_Teff,Tigray_2013,Teff_2013,161798.11,inf,inf,1311.6559519762006,1323.2252747252746,-11.22527472527463,437.3333333333333,757.4835531767895,1311.6559519762006,inf,1
Afar,Teff,2013,58318.95,0,0,17,2010,1,0,454.0164835164835,-0.1133742964865565,5,598.7192307692308,0.050681203459444796,64289.84447004608,1,Afar_Teff,Afar_2013,Teff_2013,3401.967,-1.0,-1.0,0.0,425.4088397790055,-425.4088397790055,437.3333333333333,757.4835531767895,0.0,-427.4088397790055,2
Amhara,Teff,2013,1090139.5,1528197733,1402,17,2010,1,1,1654.5824175824175,470.2874823983949,5,598.7192307692308,0.1663131588523358,1090012.6483594864,0,Amhara_Teff,Amhara_2013,Teff_2013,1090139.5,inf,inf,1401.836859411112,1625.4222222222222,-223.42222222222222,904.6666666666666,784.7555882778623,1401.836859411112,inf,1
Oromia,Teff,2013,1256564.8,1753559651,1396,17,2010,1,6,1857.7087912087911,37.93054452110798,5,598.7192307692308,0.0459376009843826,1256131.5551575932,0,Oromiya_Teff,Oromiya_2013,Teff_2013,1256564.8,-0.004279600570613384,0.1474690827852445,1395.5186799757562,1817.2122905027934,-421.2122905027934,932.6666666666666,807.7185978627294,1395.5186799757562,-421.0691010205788,1
Somali,Teff,2013,58318.95,0,0,17,2010,1,8,549.7857142857143,-0.1133742964865565,5,598.7192307692308,0.050681203459444796,64289.84447004608,1,Somalia_Teff,Somalia_2013,Teff_2013,8.78,-1.0,-1.0,0.0,549.7857142857143,-549.7857142857143,932.6666666666666,807.7185978627294,0.0,-551.7857142857143,2
Benishangul Gumuz,Teff,2013,19389.08,19719405,1017,17,2010,1,2,1183.4835164835165,inf,5,598.7192307692308,-0.150964818528538,19389.778761061945,0,Benushangul Gumuz_Teff,Benushangul Gumuz_2013,Teff_2013,19389.08,inf,inf,1017.036651558506,1148.8333333333333,-131.83333333333326,804.3333333333334,721.8894190479133,1017.036651558506,inf,1
SNNPR,Teff,2013,202375.61,251540923,1243,17,2010,1,7,1521.2747252747254,376.0759006000753,5,598.7192307692308,-0.143739894583241,202365.9879324216,0,S.N.N.P.R_Teff,S.N.N.P.R_2013,Teff_2013,202375.61,0.22222222222222232,11.756009778185499,1242.9409008328623,1491.7666666666667,-248.76666666666665,753.3333333333334,662.119576310302,1242.9409008328623,-236.78843466625892,1
Gambela,Teff,2013,58318.95,0,0,17,2010,1,4,485.2197802197802,-0.1133742964865565,5,598.7192307692308,0.050681203459444796,64289.84447004608,1,Gambela_Teff,Gambela_2013,Teff_2013,4.67,-1.0,-1.0,0.0,462.8839779005525,-462.8839779005525,753.3333333333334,662.119576310302,0.0,-464.8839779005525,2
Harari,Teff,2013,58318.95,0,0,17,2010,1,5,12684.181318681318,-0.1133742964865565,5,598.7192307692308,0.050681203459444796,64289.84447004608,1,Harari_Teff,Harari_2013,Teff_2013,1.36,0.0,0.0,0.0,536.2277777777778,-536.2277777777778,414.3333333333333,717.6463846027056,0.0,-536.2277777777778,1
Dire Dawa,Teff,2013,58318.95,0,0,17,2010,1,3,361.5824175824176,-0.1133742964865565,5,598.7192307692308,0.050681203459444796,64289.84447004608,1,DIRE DAWA_Teff,DIRE DAWA_2013,Teff_2013,11020.445,0.0,0.0,0.0,361.5824175824176,-361.5824175824176,0.0,0.0,0.0,-361.5824175824176,1
Tigray,Teff,2014,185337.29,246551795,1330,18,2010,1,9,1323.2252747252746,inf,5,598.7192307692308,0.1617556417680394,185377.2894736842,0,Tigray_Teff,Tigray_2014,Teff_2014,185337.29,inf,inf,1330.2870404547298,1323.2252747252746,6.77472527472537,443.3333333333333,767.8758580222029,1330.2870404547298,inf,0
Afar,Teff,2014,58318.95,0,0,18,2010,1,0,454.0164835164835,-0.1133742964865565,5,598.7192307692308,0.050681203459444796,64289.84447004608,1,Afar_Teff,Afar_2014,Teff_2014,3401.967,-1.0,-1.0,0.0,425.4088397790055,-425.4088397790055,443.3333333333333,767.8758580222029,0.0,-427.4088397790055,2
Amhara,Teff,2014,1146730.12,1713797322,1495,18,2010,1,1,1654.5824175824175,398.0962967447915,5,598.7192307692308,0.1214499832005706,1146352.7237458194,0,Amhara_Teff,Amhara_2014,Teff_2014,1146730.12,inf,inf,1494.5079858894783,1625.4222222222222,-130.42222222222222,941.6666666666666,819.6696489033454,1494.5079858894783,inf,1
Oromia,Teff,2014,1397797.42,2104084217,1505,18,2010,1,6,1857.7087912087911,54.65446480785549,5,598.7192307692308,0.1998931520807443,1398062.6026578073,0,Oromiya_Teff,Oromiya_2014,Teff_2014,1397797.42,0.006688963210702337,0.2277322353057103,1505.28552055848,1817.2122905027934,-312.2122905027934,1000.0,866.0398374208892,1505.28552055848,-311.97786930427696,1
Somali,Teff,2014,58318.95,0,0,18,2010,1,8,549.7857142857143,-0.1133742964865565,5,598.7192307692308,0.050681203459444796,64289.84447004608,1,Somalia_Teff,Somalia_2014,Teff_2014,8.78,-1.0,-1.0,0.0,549.7857142857143,-549.7857142857143,1000.0,866.0398374208892,0.0,-551.7857142857143,2
Benishangul Gumuz,Teff,2014,26021.15,26702847,1026,18,2010,1,2,1183.4835164835165,inf,5,598.7192307692308,0.3541406041409465,26026.166666666668,0,Benushangul Gumuz_Teff,Benushangul Gumuz_2014,Teff_2014,26021.15,inf,inf,1026.1978044782802,1148.8333333333333,-122.83333333333326,843.6666666666666,768.8890253692881,1026.1978044782802,inf,1
SNNPR,Teff,2014,259507.5,327506015,1262,18,2010,1,7,1521.2747252747254,814.8991915895417,5,598.7192307692308,0.3019989395522731,259513.4825673534,0,S.N.N.P.R_Teff,S.N.N.P.R_2014,Teff_2014,259507.5,0.230019493177388,11.264835094175538,1262.0290935714768,1491.7666666666667,-229.76666666666665,762.6666666666666,670.9465949934719,1262.0290935714768,-218.27181207931372,1
Gambela,Teff,2014,58318.95,0,0,18,2010,1,4,485.2197802197802,-0.1133742964865565,5,598.7192307692308,0.050681203459444796,64289.84447004608,1,Gambela_Teff,Gambela_2014,Teff_2014,4.67,-1.0,-1.0,0.0,462.8839779005525,-462.8839779005525,762.6666666666666,670.9465949934718,0.0,-464.8839779005525,2
Harari,Teff,2014,58318.95,0,0,18,2010,1,5,12684.181318681318,-0.1133742964865565,5,598.7192307692308,0.050681203459444796,64289.84447004608,1,Harari_Teff,Harari_2014,Teff_2014,1.36,0.0,0.0,0.0,536.2277777777778,-536.2277777777778,420.6666666666667,728.6160397173085,0.0,-536.2277777777778,1
Dire Dawa,Teff,2014,58318.95,0,0,18,2010,1,3,361.5824175824176,-0.1133742964865565,5,598.7192307692308,0.050681203459444796,64289.84447004608,1,DIRE DAWA_Teff,DIRE DAWA_2014,Teff_2014,11020.445,0.0,0.0,0.0,361.5824175824176,-361.5824175824176,0.0,0.0,0.0,-361.5824175824176,1
Tigray,Teff,2015,184848.49,263601790,1426,19,2010,1,9,1323.2252747252746,inf,5,598.7192307692308,0.0691538059984515,184853.99018232815,0,Tigray_Teff,Tigray_2015,Teff_2015,184848.49,inf,inf,1426.0424307496373,1323.2252747252746,102.77472527472537,475.3333333333333,823.3014838644069,1426.0424307496373,inf,0
Afar,Teff,2015,58318.95,0,0,19,2010,1,0,454.0164835164835,-0.1133742964865565,5,598.7192307692308,0.050681203459444796,64289.84447004608,1,Afar_Teff,Afar_2015,Teff_2015,3401.967,-1.0,-1.0,0.0,425.4088397790055,-425.4088397790055,475.3333333333333,823.3014838644069,0.0,-427.4088397790055,2
Amhara,Teff,2015,1143115.98,1809367086,1583,19,2010,1,1,1654.5824175824175,295.789936515586,5,598.7192307692308,0.0557649161736757,1142998.790903348,0,Amhara_Teff,Amhara_2015,Teff_2015,1143115.98,inf,inf,1582.8377152071657,1625.4222222222222,-42.42222222222222,1003.0,872.1634021214145,1582.8377152071657,inf,1
Oromia,Teff,2015,1427548.05,2325488216,1629,19,2010,1,6,1857.7087912087911,41.66582363244334,5,598.7192307692308,0.1052258256638023,1427555.6881522406,0,Oromiya_Teff,Oromiya_2015,Teff_2015,1427548.05,0.029058749210360002,0.2852495405678006,1629.0087160288579,1817.2122905027934,-188.2122905027934,1070.6666666666667,927.5097483764434,1629.0087160288579,-187.89798221301524,1
Somali,Teff,2015,58318.95,0,0,19,2010,1,8,549.7857142857143,-0.1133742964865565,5,598.7192307692308,0.050681203459444796,64289.84447004608,1,Somalia_Teff,Somalia_2015,Teff_2015,8.78,-1.0,-1.0,0.0,549.7857142857143,-549.7857142857143,1070.6666666666667,927.5097483764434,0.0,-551.7857142857143,2
Benishangul Gumuz,Teff,2015,21409.26,24659144,1152,19,2010,1,2,1183.4835164835165,inf,5,598.7192307692308,-0.07653502265133,21405.506944444445,0,Benushangul Gumuz_Teff,Benushangul Gumuz_2015,Teff_2015,21409.26,inf,inf,1151.7980537393632,1148.8333333333333,3.1666666666667425,927.0,837.4837311852693,1151.7980537393632,inf,0
SNNPR,Teff,2015,238539.4,326860266,1370,19,2010,1,7,1521.2747252747254,990.7508882544096,5,598.7192307692308,-0.00197171645839844,238584.13576642337,0,S.N.N.P.R_Teff,S.N.N.P.R_2015,Teff_2015,238539.4,0.18923611111111116,12.25513432258638,1370.256930301661,1491.7666666666667,-121.76666666666665,840.6666666666666,736.1530637940278,1370.256930301661,-109.32229623296917,1
Gambela,Teff,2015,58318.95,0,0,19,2010,1,4,485.2197802197802,-0.1133742964865565,5,598.7192307692308,0.050681203459444796,64289.84447004608,1,Gambela_Teff,Gambela_2015,Teff_2015,4.67,-1.0,-1.0,0.0,462.8839779005525,-462.8839779005525,840.6666666666666,736.1530637940278,0.0,-464.8839779005525,2
Harari,Teff,2015,58318.95,0,0,19,2010,1,5,12684.181318681318,-0.1133742964865565,5,598.7192307692308,0.050681203459444796,64289.84447004608,1,Harari_Teff,Harari_2015,Teff_2015,1.36,0.0,0.0,0.0,536.2277777777778,-536.2277777777778,456.6666666666667,790.9698687897883,0.0,-536.2277777777778,1
Dire Dawa,Teff,2015,58318.95,0,0,19,2010,1,3,361.5824175824176,-0.1133742964865565,5,598.7192307692308,0.050681203459444796,64289.84447004608,1,DIRE DAWA_Teff,DIRE DAWA_2015,Teff_2015,11020.445,0.0,0.0,0.0,361.5824175824176,-361.5824175824176,0.0,0.0,0.0,-361.5824175824176,1
Tigray,Teff,2016,162782.72,189825933,1166,20,2010,1,9,1323.2252747252746,inf,5,598.7192307692308,-0.279876160931987,162800.9716981132,0,Tigray_Teff,Tigray_2016,Teff_2016,162782.72,inf,inf,1166.130735498215,1323.2252747252746,-157.22527472527463,388.6666666666667,673.1904138751049,1166.130735498215,inf,1
Afar,Teff,2016,58318.95,0,0,20,2010,1,0,454.0164835164835,-0.1133742964865565,5,598.7192307692308,0.050681203459444796,64289.84447004608,1,Afar_Teff,Afar_2016,Teff_2016,3401.967,-1.0,-1.0,0.0,425.4088397790055,-425.4088397790055,388.6666666666667,673.1904138751049,0.0,-427.4088397790055,2
Amhara,Teff,2016,1093135.22,1757022412,1607,20,2010,1,1,1654.5824175824175,288.452071417475,5,598.7192307692308,-0.0289298254649471,1093355.5768512755,0,Amhara_Teff,Amhara_2016,Teff_2016,1093135.22,inf,inf,1607.3239429610549,1625.4222222222222,-18.422222222222217,924.3333333333334,830.3097815474257,1607.3239429610549,inf,1
Oromia,Teff,2016,1369934.27,2215625767,1617,20,2010,1,6,1857.7087912087911,50.53774665709863,5,598.7192307692308,-0.0472427459507711,1370207.648113791,0,Oromiya_Teff,Oromiya_2016,Teff_2016,1369934.27,0.0062227753578096845,0.26101167057850816,1617.3226814743455,1817.2122905027934,-200.2122905027934,1074.6666666666667,930.7020647518374,1617.3226814743455,-199.94505605685708,1
Somali,Teff,2016,58318.95,0,0,20,2010,1,8,549.7857142857143,-0.1133742964865565,5,598.7192307692308,0.050681203459444796,64289.84447004608,1,Somalia_Teff,Somalia_2016,Teff_2016,8.78,-1.0,-1.0,0.0,549.7857142857143,-549.7857142857143,1074.6666666666667,930.7020647518374,0.0,-551.7857142857143,2
Benishangul Gumuz,Teff,2016,27116.65,31527669,1163,20,2010,1,2,1183.4835164835165,inf,5,598.7192307692308,0.2785386629803532,27108.91573516767,0,Benushangul Gumuz_Teff,Benushangul Gumuz_2016,Teff_2016,27116.65,inf,inf,1162.6682868274656,1148.8333333333333,14.166666666666742,926.6666666666666,834.0037969537871,1162.6682868274656,inf,0
SNNPR,Teff,2016,212098.09,277360093,1308,20,2010,1,7,1521.2747252747254,666.890167550412,5,598.7192307692308,-0.151441389942453,212049.000764526,0,S.N.N.P.R_Teff,S.N.N.P.R_2016,Teff_2016,212098.09,0.12467755803955294,7.797354888494928,1307.6972687495677,1491.7666666666667,-183.76666666666665,823.6666666666666,716.9911668447066,1307.6972687495677,-175.84463422013218,1
Gambela,Teff,2016,58318.95,0,0,20,2010,1,4,485.2197802197802,-0.1133742964865565,5,598.7192307692308,0.050681203459444796,64289.84447004608,1,Gambela_Teff,Gambela_2016,Teff_2016,4.67,-1.0,-1.0,0.0,462.8839779005525,-462.8839779005525,823.6666666666666,716.9911668447066,0.0,-464.8839779005525,2
Harari,Teff,2016,58318.95,0,0,20,2010,1,5,12684.181318681318,-0.1133742964865565,5,598.7192307692308,0.050681203459444796,64289.84447004608,1,Harari_Teff,Harari_2016,Teff_2016,1.36,0.0,0.0,0.0,536.2277777777778,-536.2277777777778,436.0,755.1741521000315,0.0,-536.2277777777778,1
Dire Dawa,Teff,2016,58318.95,0,0,20,2010,1,3,361.5824175824176,-0.1133742964865565,5,598.7192307692308,0.050681203459444796,64289.84447004608,1,DIRE DAWA_Teff,DIRE DAWA_2016,Teff_2016,11020.445,0.0,0.0,0.0,361.5824175824176,-361.5824175824176,0.0,0.0,0.0,-361.5824175824176,1
Tigray,Teff,2017,167584.33,241011677,1438,21,2010,1,9,1323.2252747252746,inf,5,598.7192307692308,0.2696456863983911,167602.0006954103,0,Tigray_Teff,Tigray_2017,Teff_2017,167584.33,inf,inf,1438.1516278998163,1323.2252747252746,114.77472527472537,479.3333333333333,830.2296870946827,1438.1516278998163,inf,0
Afar,Teff,2017,58318.95,0,0,21,2010,1,0,454.0164835164835,-0.1133742964865565,5,598.7192307692308,0.050681203459444796,64289.84447004608,1,Afar_Teff,Afar_2017,Teff_2017,3401.967,-1.0,-1.0,0.0,425.4088397790055,-425.4088397790055,479.3333333333333,830.2296870946827,0.0,-427.4088397790055,2
Amhara,Teff,2017,1137844.18,1932857365,1699,21,2010,1,1,1654.5824175824175,510.3062749554657,5,598.7192307692308,0.100075532218083,1137644.1230135374,0,Amhara_Teff,Amhara_2017,Teff_2017,1137844.18,inf,inf,1698.7012799942434,1625.4222222222222,73.57777777777778,1045.6666666666667,914.928594663722,1698.7012799942434,inf,0
Oromia,Teff,2017,1441029.78,2473796379,1717,21,2010,1,6,1857.7087912087911,68.14463088975083,5,598.7192307692308,0.1165226618345245,1440766.673849738,0,Oromiya_Teff,Oromiya_2017,Teff_2017,1441029.78,0.01059446733372571,0.2798649418189221,1716.6865066452685,1817.2122905027934,-100.2122905027934,1138.6666666666667,986.1553292120533,1716.6865066452685,-99.92183109364075,1
Somali,Teff,2017,58318.95,0,0,21,2010,1,8,549.7857142857143,-0.1133742964865565,5,598.7192307692308,0.050681203459444796,64289.84447004608,1,Somalia_Teff,Somalia_2017,Teff_2017,8.78,-1.0,-1.0,0.0,549.7857142857143,-549.7857142857143,1138.6666666666667,986.1553292120533,0.0,-551.7857142857143,2
Benishangul Gumuz,Teff,2017,24432.5,30318432,1241,21,2010,1,2,1183.4835164835165,inf,5,598.7192307692308,-0.0383547860769535,24430.64625302176,0,Benushangul Gumuz_Teff,Benushangul Gumuz_2017,Teff_2017,24432.5,inf,inf,1240.9058426276476,1148.8333333333333,92.16666666666674,986.0,886.448532064891,1240.9058426276476,inf,0
SNNPR,Teff,2017,246099.24,341254766,1387,21,2010,1,7,1521.2747252747254,inf,5,598.7192307692308,0.2303672179688807,246038.043258832,0,S.N.N.P.R_Teff,S.N.N.P.R_2017,Teff_2017,246099.24,0.11764705882352944,10.255686507798293,1386.655098975519,1491.7666666666667,-104.76666666666665,876.0,762.1423751504705,1386.655098975519,-94.39333310004483,1
Gambela,Teff,2017,58318.95,0,0,21,2010,1,4,485.2197802197802,-0.1133742964865565,5,598.7192307692308,0.050681203459444796,64289.84447004608,1,Gambela_Teff,Gambela_2017,Teff_2017,4.67,-1.0,-1.0,0.0,462.8839779005525,-462.8839779005525,876.0,762.1423751504703,0.0,-464.8839779005525,2
Harari,Teff,2017,58318.95,0,0,21,2010,1,5,12684.181318681318,-0.1133742964865565,5,598.7192307692308,0.050681203459444796,64289.84447004608,1,Harari_Teff,Harari_2017,Teff_2017,1.36,0.0,0.0,0.0,536.2277777777778,-536.2277777777778,462.3333333333333,800.7848233660117,0.0,-536.2277777777778,1
Dire Dawa,Teff,2017,58318.95,0,0,21,2010,1,3,361.5824175824176,-0.1133742964865565,5,598.7192307692308,0.050681203459444796,64289.84447004608,1,DIRE DAWA_Teff,DIRE DAWA_2017,Teff_2017,11020.445,0.0,0.0,0.0,361.5824175824176,-361.5824175824176,0.0,0.0,0.0,-361.5824175824176,1
Tigray,Teff,2018,167748.72,257906058,1537,22,2010,1,9,1323.2252747252746,inf,5,598.7192307692308,0.0700977695781934,167798.3461288224,0,Tigray_Teff,Tigray_2018,Teff_2018,167748.72,inf,inf,1537.4547001014375,1323.2252747252746,213.77472527472537,512.3333333333334,887.3873637444555,1537.4547001014375,inf,0
Afar,Teff,2018,58318.95,0,0,22,2010,1,0,454.0164835164835,-0.1133742964865565,5,598.7192307692308,0.050681203459444796,64289.84447004608,1,Afar_Teff,Afar_2018,Teff_2018,3401.967,-1.0,-1.0,0.0,425.4088397790055,-425.4088397790055,512.3333333333334,887.3873637444555,0.0,-427.4088397790055,2
Amhara,Teff,2018,1138030.51,2039448271,1792,22,2010,1,1,1654.5824175824175,454.1492581514959,5,598.7192307692308,0.0551468038615461,1138084.97265625,0,Amhara_Teff,Amhara_2018,Teff_2018,1138030.51,inf,inf,1792.0857596339838,1625.4222222222222,166.57777777777778,1109.6666666666667,969.4206173448827,1792.0857596339838,inf,0
Oromia,Teff,2018,1443847.96,2581457748,1788,22,2010,1,6,1857.7087912087911,57.4988928877824,5,598.7192307692308,0.0435207076515815,1443768.3154362417,0,Oromiya_Teff,Oromiya_2018,Teff_2018,1443847.96,-0.0022321428571429047,0.265762797079544,1787.9013715543845,1817.2122905027934,-29.212290502793394,1193.3333333333333,1033.458917099917,1787.9013715543845,-28.948759848570994,1
Somali,Teff,2018,58318.95,0,0,22,2010,1,8,549.7857142857143,-0.1133742964865565,5,598.7192307692308,0.050681203459444796,64289.84447004608,1,Somalia_Teff,Somalia_2018,Teff_2018,8.78,-1.0,-1.0,0.0,549.7857142857143,-549.7857142857143,1193.3333333333333,1033.458917099917,0.0,-551.7857142857143,2
Benishangul Gumuz,Teff,2018,24529.72,32869677,1340,22,2010,1,2,1183.4835164835165,inf,5,598.7192307692308,0.0841483161134455,24529.609701492536,0,Benushangul Gumuz_Teff,Benushangul Gumuz_2018,Teff_2018,24529.72,inf,inf,1339.9939746560499,1148.8333333333333,191.16666666666674,1042.6666666666667,930.3447389722444,1339.9939746560499,inf,0
SNNPR,Teff,2018,248124.17,370414919,1493,22,2010,1,7,1521.2747252747254,inf,5,598.7192307692308,0.0854498043845635,248101.0843938379,0,S.N.N.P.R_Teff,S.N.N.P.R_2018,Teff_2018,248124.17,0.11417910447761193,10.269198629484555,1492.861090477401,1491.7666666666667,1.2333333333333485,944.3333333333334,821.386835378638,1492.861090477401,11.616711067295515,0
Gambela,Teff,2018,58318.95,0,0,22,2010,1,4,485.2197802197802,-0.1133742964865565,5,598.7192307692308,0.050681203459444796,64289.84447004608,1,Gambela_Teff,Gambela_2018,Teff_2018,4.67,-1.0,-1.0,0.0,462.8839779005525,-462.8839779005525,944.3333333333334,821.386835378638,0.0,-464.8839779005525,2
Harari,Teff,2018,58318.95,0,0,22,2010,1,5,12684.181318681318,-0.1133742964865565,5,598.7192307692308,0.050681203459444796,64289.84447004608,1,Harari_Teff,Harari_2018,Teff_2018,1.36,0.0,0.0,0.0,536.2277777777778,-536.2277777777778,497.6666666666667,861.983951900112,0.0,-536.2277777777778,1
Dire Dawa,Teff,2018,58318.95,0,0,22,2010,1,3,361.5824175824176,-0.1133742964865565,5,598.7192307692308,0.050681203459444796,64289.84447004608,1,DIRE DAWA_Teff,DIRE DAWA_2018,Teff_2018,11020.445,0.0,0.0,0.0,361.5824175824176,-361.5824175824176,0.0,0.0,0.0,-361.5824175824176,1
Tigray,Teff,2019,176545.98,283833741,1608,23,2010,1,9,1323.2252747252746,inf,5,598.7192307692308,0.1005315005047302,176513.52052238805,0,Tigray_Teff,Tigray_2019,Teff_2019,176545.98,inf,inf,1607.704355545224,1323.2252747252746,284.77472527472537,536.0,928.3792328569187,1607.704355545224,inf,0
Afar,Teff,2019,58318.95,0,0,23,2010,1,0,454.0164835164835,-0.1133742964865565,5,598.7192307692308,0.050681203459444796,64289.84447004608,1,Afar_Teff,Afar_2019,Teff_2019,3401.967,-1.0,-1.0,0.0,425.4088397790055,-425.4088397790055,536.0,928.3792328569187,0.0,-427.4088397790055,2
Amhara,Teff,2019,1200986.74,2161486185,1800,23,2010,1,1,1654.5824175824175,348.22629038848464,5,598.7192307692308,0.0598386905592664,1200825.6583333334,0,Amhara_Teff,Amhara_2019,Teff_2019,1200986.74,inf,inf,1799.7585760189158,1625.4222222222222,174.57777777777778,1136.0,988.4776173490221,1799.7585760189158,inf,0
Oromia,Teff,2019,1431869.73,2562868888,1790,23,2010,1,6,1857.7087912087911,54.819264050147645,5,598.7192307692308,-0.00720091584470128,1431770.32849162,0,Oromiya_Teff,Oromiya_2019,Teff_2019,1431869.73,-0.005555555555555536,0.18569755651711461,1789.8757368102195,1817.2122905027934,-27.212290502793394,1196.6666666666667,1036.3557947603385,1789.8757368102195,-27.032148501831834,1
Somali,Teff,2019,58318.95,0,0,23,2010,1,8,549.7857142857143,-0.1133742964865565,5,598.7192307692308,0.050681203459444796,64289.84447004608,1,Somalia_Teff,Somalia_2019,Teff_2019,8.78,-1.0,-1.0,0.0,549.7857142857143,-549.7857142857143,1196.6666666666667,1036.3557947603385,0.0,-551.7857142857143,2
Benishangul Gumuz,Teff,2019,29726.64,43213513,1454,23,2010,1,2,1183.4835164835165,inf,5,598.7192307692308,0.314692353076667,29720.43535075653,0,Benushangul Gumuz_Teff,Benushangul Gumuz_2019,Teff_2019,29726.64,inf,inf,1453.696515987007,1148.8333333333333,305.16666666666674,1081.3333333333333,951.4122835728648,1453.696515987007,inf,0
SNNPR,Teff,2019,236532.28,350828648,1483,23,2010,1,7,1521.2747252747254,698.0512330033634,5,598.7192307692308,-0.0528765716372239,236566.8563722185,0,S.N.N.P.R_Teff,S.N.N.P.R_2019,Teff_2019,236532.28,0.019944979367262805,7.118494046063786,1483.2167854637007,1491.7666666666667,-8.766666666666652,979.0,847.9628529599634,1483.2167854637007,-1.6282276412356032,1
Gambela,Teff,2019,58318.95,0,0,23,2010,1,4,485.2197802197802,-0.1133742964865565,5,598.7192307692308,0.050681203459444796,64289.84447004608,1,Gambela_Teff,Gambela_2019,Teff_2019,4.67,-1.0,-1.0,0.0,462.8839779005525,-462.8839779005525,979.0,847.9628529599632,0.0,-464.8839779005525,2
Harari,Teff,2019,58318.95,0,0,23,2010,1,5,12684.181318681318,-0.1133742964865565,5,598.7192307692308,0.050681203459444796,64289.84447004608,1,Harari_Teff,Harari_2019,Teff_2019,1.36,0.0,0.0,0.0,536.2277777777778,-536.2277777777778,494.3333333333333,856.2104492082157,0.0,-536.2277777777778,1
Dire Dawa,Teff,2019,58318.95,0,0,23,2010,1,3,361.5824175824176,-0.1133742964865565,5,598.7192307692308,0.050681203459444796,64289.84447004608,1,DIRE DAWA_Teff,DIRE DAWA_2019,Teff_2019,11020.445,0.0,0.0,0.0,361.5824175824176,-361.5824175824176,0.0,0.0,0.0,-361.5824175824176,1
Tigray,Teff,2020,166718.86,279081158,1674,24,2020,1,9,1323.2252747252746,681.7790518736713,5,598.7192307692308,-0.0167442495851822,166715.14814814815,0,Tigray_Teff,Tigray_2020,Teff_2020,166718.86,inf,inf,1673.962729831526,1323.2252747252746,350.77472527472537,558.0,966.4843506234341,1673.962729831526,inf,0
Afar,Teff,2020,58318.95,0,0,24,2020,1,0,454.0164835164835,-0.1133742964865565,5,598.7192307692308,0.050681203459444796,64289.84447004608,1,Afar_Teff,Afar_2020,Teff_2020,3401.967,-1.0,-1.0,0.0,425.4088397790055,-425.4088397790055,558.0,966.4843506234341,0.0,-427.4088397790055,2
Amhara,Teff,2020,1201283.74,2258240600,1880,24,2020,1,1,1654.5824175824175,498.8084640561355,5,598.7192307692308,0.044762911589,1201191.8085106383,0,Amhara_Teff,Amhara_2020,Teff_2020,1201283.74,inf,inf,1879.856127911962,1625.4222222222222,254.57777777777778,1184.6666666666667,1031.10878831156,1879.856127911962,inf,0
Oromia,Teff,2020,1512041.32,2845606691,1882,24,2020,1,6,1857.7087912087911,114.3070377365058,5,598.7192307692308,0.1103208222331817,1512012.05685441,0,Oromiya_Teff,Oromiya_2020,Teff_2020,1512041.32,0.0010638297872340718,0.26009898635247275,1881.963576894843,1817.2122905027934,64.7877094972066,1254.0,1085.9963167525016,1881.963576894843,65.04887231334631,0
Somali,Teff,2020,58318.95,0,0,24,2020,1,8,549.7857142857143,-0.1133742964865565,5,598.7192307692308,0.050681203459444796,64289.84447004608,1,Somalia_Teff,Somalia_2020,Teff_2020,8.78,-1.0,-1.0,0.0,549.7857142857143,-549.7857142857143,1254.0,1085.9963167525016,0.0,-551.7857142857143,2
Benishangul Gumuz,Teff,2020,27130.09,40606801,1497,24,2020,1,2,1183.4835164835165,inf,5,598.7192307692308,-0.0603216868760473,27125.45156980628,0,Benushangul Gumuz_Teff,Benushangul Gumuz_2020,Teff_2020,27130.09,inf,inf,1496.7440579813779,1148.8333333333333,348.16666666666674,1126.3333333333333,994.2466159526685,1496.7440579813779,inf,0
SNNPR,Teff,2020,243613.39,383757706,1575,24,2020,1,7,1521.2747252747254,711.9133764943015,5,598.7192307692308,0.0938608012422064,243655.68634920637,0,S.N.N.P.R_Teff,S.N.N.P.R_2020,Teff_2020,243613.39,0.05210420841683372,8.450577158244995,1575.2734527441205,1491.7666666666667,83.23333333333335,1024.0,887.667167354972,1575.2734527441205,91.73601469999518,0
Gambela,Teff,2020,58318.95,0,0,24,2020,1,4,485.2197802197802,-0.1133742964865565,5,598.7192307692308,0.050681203459444796,64289.84447004608,1,Gambela_Teff,Gambela_2020,Teff_2020,4.67,-1.0,-1.0,0.0,462.8839779005525,-462.8839779005525,1024.0,887.667167354972,0.0,-464.8839779005525,2
Harari,Teff,2020,58318.95,0,0,24,2020,1,5,12684.181318681318,-0.1133742964865565,5,598.7192307692308,0.050681203459444796,64289.84447004608,1,Harari_Teff,Harari_2020,Teff_2020,1.36,0.0,0.0,0.0,536.2277777777778,-536.2277777777778,525.0,909.326673973661,0.0,-536.2277777777778,1
Dire Dawa,Teff,2020,58318.95,0,0,24,2020,1,3,361.5824175824176,-0.1133742964865565,5,598.7192307692308,0.050681203459444796,64289.84447004608,1,DIRE DAWA_Teff,DIRE DAWA_2020,Teff_2020,11020.445,0.0,0.0,0.0,361.5824175824176,-361.5824175824176,0.0,0.0,0.0,-361.5824175824176,1
Tigray,Teff,2021,188391.88,311753877,1655,25,2020,1,9,1323.2252747252746,inf,5,598.7192307692308,0.1170724646341048,188370.92265861027,0,Tigray_Teff,Tigray_2021,Teff_2021,188391.88,inf,inf,1654.8158922773105,1323.2252747252746,331.77472527472537,551.6666666666666,955.514695508831,1654.8158922773105,inf,0
Afar,Teff,2021,58318.95,0,0,25,2020,1,0,454.0164835164835,-0.1133742964865565,5,598.7192307692308,0.050681203459444796,64289.84447004608,1,Afar_Teff,Afar_2021,Teff_2021,3401.967,-1.0,-1.0,0.0,425.4088397790055,-425.4088397790055,551.6666666666666,955.514695508831,0.0,-427.4088397790055,2
Amhara,Teff,2021,1086374.6,2096462906,1930,25,2020,1,1,1654.5824175824175,551.6928483997197,5,598.7192307692308,-0.0716388209475996,1086250.2103626942,0,Amhara_Teff,Amhara_2021,Teff_2021,1086374.6,inf,inf,1929.7790154519444,1625.4222222222222,304.5777777777778,1195.0,1043.994731787474,1929.7790154519444,inf,0
Oromia,Teff,2021,1393455.62,2690467012,1931,25,2020,1,6,1857.7087912087911,145.7845102771149,5,598.7192307692308,-0.0545190168025226,1393302.440186432,0,Oromiya_Teff,Oromiya_2021,Teff_2021,1393455.62,0.0005181347150258198,0.2833363301110561,1930.7877289985022,1817.2122905027934,113.7877094972066,1287.0,1114.5748068209687,1930.7877289985022,114.07156396203268,0
Somali,Teff,2021,58318.95,0,0,25,2020,1,8,549.7857142857143,-0.1133742964865565,5,598.7192307692308,0.050681203459444796,64289.84447004608,1,Somalia_Teff,Somalia_2021,Teff_2021,8.78,-1.0,-1.0,0.0,549.7857142857143,-549.7857142857143,1287.0,1114.5748068209687,0.0,-551.7857142857143,2
Benishangul Gumuz,Teff,2021,22021.32,33444520,1519,25,2020,1,2,1183.4835164835165,inf,5,598.7192307692308,-0.176381316026347,22017.458854509547,0,Benushangul Gumuz_Teff,Benushangul Gumuz_2021,Teff_2021,22021.32,inf,inf,1518.7336635587694,1148.8333333333333,370.16666666666674,1150.0,1017.0108160683444,1518.7336635587694,inf,0
SNNPR,Teff,2021,234350.83,374427961,1598,25,2020,1,7,1521.2747252747254,inf,5,598.7192307692308,-0.0243115508930001,234310.36357947436,0,S.N.N.P.R_Teff,S.N.N.P.R_2021,Teff_2021,234350.83,0.05200789993416732,10.195495136422947,1597.7240660935574,1491.7666666666667,106.23333333333335,1039.0,900.6669750801346,1597.7240660935574,116.48083636969046,0
Gambela,Teff,2021,58318.95,0,0,25,2020,1,4,485.2197802197802,-0.1133742964865565,5,598.7192307692308,0.050681203459444796,64289.84447004608,1,Gambela_Teff,Gambela_2021,Teff_2021,4.67,-1.0,-1.0,0.0,462.8839779005525,-462.8839779005525,1039.0,900.6669750801346,0.0,-464.8839779005525,2
Harari,Teff,2021,58318.95,0,0,25,2020,1,5,12684.181318681318,-0.1133742964865565,5,598.7192307692308,0.050681203459444796,64289.84447004608,1,Harari_Teff,Harari_2021,Teff_2021,1.36,0.0,0.0,0.0,536.2277777777778,-536.2277777777778,532.6666666666666,922.6057301650224,0.0,-536.2277777777778,1
Dire Dawa,Teff,2021,58318.95,0,0,25,2020,1,3,361.5824175824176,-0.1133742964865565,5,598.7192307692308,0.050681203459444796,64289.84447004608,1,DIRE DAWA_Teff,DIRE DAWA_2021,Teff_2021,11020.445,0.0,0.0,0.0,361.5824175824176,-361.5824175824176,0.0,0.0,0.0,-361.5824175824176,1
Tigray,Teff,2022,58318.95,0,0,26,2020,1,9,1323.2252747252746,-0.1133742964865565,5,598.7192307692308,-1.0,64289.84447004608,1,Tigray_Teff,Tigray_2022,Teff_2022,153726.50400000002,0.0,0.0,0.0,1323.2252747252746,-1323.2252747252746,0.0,0.0,0.0,-1323.2252747252746,1
Afar,Teff,2022,1453.0,0,0,26,2020,1,0,454.0164835164835,-0.1133742964865565,5,598.7192307692308,0.050681203459444796,64289.84447004608,0,Afar_Teff,Afar_2022,Teff_2022,1453.0,0.0,0.0,0.0,425.4088397790055,-425.4088397790055,0.0,0.0,0.0,-425.4088397790055,1
Amhara,Teff,2022,1177078.03,2254030137,1915,26,2020,1,1,1654.5824175824175,328.6353639614212,5,598.7192307692308,0.0751586066937068,1177039.2360313316,0,Amhara_Teff,Amhara_2022,Teff_2022,1177078.03,inf,inf,1914.93688570502,1625.4222222222222,289.5777777777778,638.3333333333334,1105.6257654981337,1914.93688570502,inf,0
Oromia,Teff,2022,1519814.74,2996758806,1972,26,2020,1,6,1857.7087912087911,128.7114173889704,5,598.7192307692308,0.1138433560544989,1519654.5669371197,0,Oromiya_Teff,Oromiya_2022,Teff_2022,1519814.74,0.02976501305483037,0.32951141903920345,1971.792171195813,1817.2122905027934,154.7877094972066,1295.6666666666667,1122.442129168953,1971.792171195813,155.14698592930063,0
Somali,Teff,2022,58318.95,0,0,26,2020,1,8,549.7857142857143,-0.1133742964865565,5,598.7192307692308,0.050681203459444796,64289.84447004608,1,Somalia_Teff,Somalia_2022,Teff_2022,8.78,-1.0,-1.0,0.0,549.7857142857143,-549.7857142857143,1295.6666666666667,1122.4421291689532,0.0,-551.7857142857143,2
Benishangul Gumuz,Teff,2022,22021.32,33444520,1519,26,2020,1,2,1183.4835164835165,inf,5,598.7192307692308,0.0,22017.458854509547,0,Benushangul Gumuz_Teff,Benushangul Gumuz_2022,Teff_2022,22021.32,inf,inf,1518.7336635587694,1148.8333333333333,370.16666666666674,1163.6666666666667,1032.9048036161578,1518.7336635587694,inf,0
SNNPR,Teff,2022,211639.3,328840228,1554,26,2020,1,7,1521.2747252747254,672.4030708993582,5,598.7192307692308,-0.121753014593907,211608.8983268983,0,S.N.N.P.R_Teff,S.N.N.P.R_2022,Teff_2022,211639.3,0.02304147465437789,8.832409853692026,1553.7767701934376,1491.7666666666667,62.23333333333335,1024.3333333333333,887.2712850832792,1553.7767701934376,71.08878466167975,0
Gambela,Teff,2022,58318.95,0,0,26,2020,1,4,485.2197802197802,-0.1133742964865565,5,598.7192307692308,0.050681203459444796,64289.84447004608,1,Gambela_Teff,Gambela_2022,Teff_2022,4.67,-1.0,-1.0,0.0,462.8839779005525,-462.8839779005525,1024.3333333333333,887.2712850832793,0.0,-464.8839779005525,2
Harari,Teff,2022,58318.95,20,167,26,2020,1,5,12684.181318681318,inf,5,598.7192307692308,inf,0.1197604790419161,1,Harari_Teff,Harari_2022,Teff_2022,1.36,inf,inf,0.0003429417024826407,536.2277777777778,-369.22777777777776,573.6666666666666,853.0898741242539,0.0003429417024826407,inf,1
Dire Dawa,Teff,2022,58318.95,0,0,26,2020,1,3,361.5824175824176,-0.1133742964865565,5,598.7192307692308,0.050681203459444796,64289.84447004608,1,DIRE DAWA_Teff,DIRE DAWA_2022,Teff_2022,11020.445,-1.0,-1.0,0.0,361.5824175824176,-361.5824175824176,55.666666666666664,96.41749495468669,0.0,-363.5824175824176,2
Tigray,Wheat,1996,84550.0,84653000,1001,0,1990,0,9,1323.2252747252746,0.0360049442547514,6,929.4653846153847,0.050681203459444796,84568.43156843157,0,Tigray_Wheat,Tigray_1996,Wheat_1996,84550.0,0.0,0.0,1001.2182140745122,1323.2252747252746,-322.22527472527463,1001.0,0.0,1001.2182140745122,-322.22527472527463,1
Afar,Wheat,1996,58318.95,0,0,0,1990,0,0,454.0164835164835,-0.1133742964865565,6,929.4653846153847,0.050681203459444796,64289.84447004608,1,Afar_Wheat,Afar_1996,Wheat_1996,39.89,-1.0,-1.0,0.0,425.4088397790055,-425.4088397790055,500.5,707.8138879677341,0.0,-427.4088397790055,2
Amhara,Wheat,1996,259460.0,231402000,892,0,1990,0,1,1654.5824175824175,-0.077881297171503,6,929.4653846153847,inf,259419.2825112108,0,Amhara_Wheat,Amhara_1996,Wheat_1996,259460.0,inf,inf,891.860016958298,1625.4222222222222,-733.4222222222222,631.0,549.173014632001,891.860016958298,inf,1
Oromia,Wheat,1996,469990.0,638548000,1359,0,1990,0,6,1857.7087912087911,0.3384898525570885,6,929.4653846153847,-0.667773998224386,469866.0779985283,0,Oromiya_Wheat,Oromiya_1996,Wheat_1996,469990.0,0.5235426008968609,1.7594748532856244,1358.64167322709,1817.2122905027934,-458.2122905027934,750.3333333333334,690.4870261875551,1358.64167322709,-455.9292730486109,1
Somali,Wheat,1996,5220.0,4498000,862,0,1990,0,8,549.7857142857143,1.603009259259259,6,929.4653846153847,-0.998702768853649,5218.097447795823,0,Somalia_Wheat,Somalia_1996,Wheat_1996,5220.0,-0.3657100809418691,-0.9929558936837951,861.6858237547892,549.7857142857143,312.21428571428567,1037.6666666666667,278.68680150544157,861.6858237547892,310.85561973966,0
Benishangul Gumuz,Wheat,1996,58318.95,0,0,0,1990,0,2,1183.4835164835165,-0.1133742964865565,6,929.4653846153847,0.050681203459444796,64289.84447004608,1,Benushangul Gumuz_Wheat,Benushangul Gumuz_1996,Wheat_1996,2329.4392857142857,-1.0,-1.0,0.0,1148.8333333333333,-1148.8333333333333,740.3333333333334,687.6207772699523,0.0,-1150.8333333333333,2
SNNPR,Wheat,1996,58260.0,110568000,1898,0,1990,0,7,1521.2747252747254,0.8376851097777851,6,929.4653846153847,inf,58255.0052687039,0,S.N.N.P.R_Wheat,S.N.N.P.R_1996,Wheat_1996,58260.0,inf,inf,1897.83728115345,1491.7666666666667,406.23333333333335,920.0,950.3283643036232,1897.83728115345,inf,0
Gambela,Wheat,1996,58318.95,0,0,0,1990,0,4,485.2197802197802,-0.1133742964865565,6,929.4653846153847,-1.0,64289.84447004608,1,Gambela_Wheat,Gambela_1996,Wheat_1996,11020.445,-1.0,-1.0,0.0,462.8839779005525,-462.8839779005525,632.6666666666666,1095.8108109219097,0.0,-464.8839779005525,2
Harari,Wheat,1996,120.0,0,0,0,1990,0,5,12684.181318681318,-0.1133742964865565,6,929.4653846153847,0.050681203459444796,64289.84447004608,0,Harari_Wheat,Harari_1996,Wheat_1996,120.0,0.0,0.0,0.0,536.2277777777778,-536.2277777777778,632.6666666666666,1095.8108109219097,0.0,-536.2277777777778,1
Dire Dawa,Wheat,1996,58318.95,0,0,0,1990,0,3,361.5824175824176,-0.1133742964865565,6,929.4653846153847,-1.0,64289.84447004608,1,DIRE DAWA_Wheat,DIRE DAWA_1996,Wheat_1996,11020.445,0.0,0.0,0.0,361.5824175824176,-361.5824175824176,0.0,0.0,0.0,-361.5824175824176,1
Tigray,Wheat,1997,55360.0,55938000,1010,1,1990,0,9,1323.2252747252746,-0.0353355062341559,6,929.4653846153847,-0.339208297402336,55384.15841584159,0,Tigray_Wheat,Tigray_1997,Wheat_1997,55360.0,inf,inf,1010.4407514450867,1323.2252747252746,-313.22527472527463,336.6666666666667,583.1237718815217,1010.4407514450867,inf,1
Afar,Wheat,1997,58318.95,0,0,1,1990,0,0,454.0164835164835,-0.1133742964865565,6,929.4653846153847,0.050681203459444796,64289.84447004608,1,Afar_Wheat,Afar_1997,Wheat_1997,39.89,-1.0,-1.0,0.0,425.4088397790055,-425.4088397790055,336.6666666666667,583.1237718815217,0.0,-427.4088397790055,2
Amhara,Wheat,1997,212020.0,207188000,977,1,1990,0,1,1654.5824175824175,-0.113562171898464,6,929.4653846153847,-0.104640409330947,212065.50665301943,0,Amhara_Wheat,Amhara_1997,Wheat_1997,212020.0,inf,inf,977.2096971983775,1625.4222222222222,-648.4222222222222,662.3333333333334,573.8347613497575,977.2096971983775,inf,1
Oromia,Wheat,1997,431750.0,604331000,1400,1,1990,0,6,1857.7087912087911,0.5524247203826531,6,929.4653846153847,-0.0535856349092002,431665.0,0,Oromiya_Wheat,Oromiya_1997,Wheat_1997,431750.0,0.4329580348004094,1.9168243334556054,1399.7243775332947,1817.2122905027934,-417.2122905027934,792.3333333333334,718.0364429005907,1399.7243775332947,-414.8625081345374,1
Somali,Wheat,1997,3490.0,0,0,1,1990,0,8,549.7857142857143,-1.0,6,929.4653846153847,-1.0,64289.84447004608,0,Somalia_Wheat,Somalia_1997,Wheat_1997,3490.0,-1.0,-1.0,0.0,549.7857142857143,-549.7857142857143,792.3333333333334,718.0364429005907,0.0,-551.7857142857143,2
Benishangul Gumuz,Wheat,1997,58318.95,0,0,1,1990,0,2,1183.4835164835165,-0.1133742964865565,6,929.4653846153847,0.050681203459444796,64289.84447004608,1,Benushangul Gumuz_Wheat,Benushangul Gumuz_1997,Wheat_1997,2329.4392857142857,0.0,0.0,0.0,1148.8333333333333,-1148.8333333333333,466.6666666666667,808.290376865476,0.0,-1148.8333333333333,1
SNNPR,Wheat,1997,64340.0,125494000,1950,1,1990,0,7,1521.2747252747254,1.1836816370565,6,929.4653846153847,0.1349938499384992,64355.89743589744,0,S.N.N.P.R_Wheat,S.N.N.P.R_1997,Wheat_1997,64340.0,inf,inf,1950.4818153559218,1491.7666666666667,458.23333333333335,650.0,1125.8330249197702,1950.4818153559218,inf,0
Gambela,Wheat,1997,58318.95,0,0,1,1990,0,4,485.2197802197802,-0.1133742964865565,6,929.4653846153847,0.050681203459444796,64289.84447004608,1,Gambela_Wheat,Gambela_1997,Wheat_1997,11020.445,-1.0,-1.0,0.0,462.8839779005525,-462.8839779005525,650.0,1125.8330249197702,0.0,-464.8839779005525,2
Harari,Wheat,1997,100.0,70000,700,1,1990,0,5,12684.181318681318,inf,6,929.4653846153847,inf,100.0,0,Harari_Wheat,Harari_1997,Wheat_1997,100.0,inf,inf,700.0,536.2277777777778,163.77222222222224,883.3333333333334,987.8427675158296,700.0,inf,0
Dire Dawa,Wheat,1997,58318.95,0,0,1,1990,0,3,361.5824175824176,-0.1133742964865565,6,929.4653846153847,0.050681203459444796,64289.84447004608,1,DIRE DAWA_Wheat,DIRE DAWA_1997,Wheat_1997,11020.445,-1.0,-1.0,0.0,361.5824175824176,-361.5824175824176,233.33333333333334,404.1451884327382,0.0,-363.5824175824176,2
Tigray,Wheat,1998,42040.0,35324000,840,2,1990,0,9,1323.2252747252746,-0.157226702295175,6,929.4653846153847,-0.368515141764095,42052.38095238096,0,Tigray_Wheat,Tigray_1998,Wheat_1998,42040.0,inf,inf,840.2473834443388,1323.2252747252746,-483.22527472527463,513.3333333333334,450.0370355130047,840.2473834443388,inf,1
Afar,Wheat,1998,58318.95,0,0,2,1990,0,0,454.0164835164835,-0.1133742964865565,6,929.4653846153847,0.050681203459444796,64289.84447004608,1,Afar_Wheat,Afar_1998,Wheat_1998,39.89,-1.0,-1.0,0.0,425.4088397790055,-425.4088397790055,280.0,484.9742261192858,0.0,-427.4088397790055,2
Amhara,Wheat,1998,185780.0,208515000,1122,2,1990,0,1,1654.5824175824175,-0.0130121554074522,6,929.4653846153847,0.0064048110894452,185842.2459893048,0,Amhara_Wheat,Amhara_1998,Wheat_1998,185780.0,inf,inf,1122.3759285176016,1625.4222222222222,-503.4222222222222,654.0,583.6677136864777,1122.3759285176016,inf,1
Oromia,Wheat,1998,486470.0,76080000,1564,2,1990,0,6,1857.7087912087911,-0.841389302951017,6,929.4653846153847,-0.87410872518537,48644.501278772375,0,Oromiya_Wheat,Oromiya_1998,Wheat_1998,486470.0,0.39393939393939403,-0.6351341630098555,156.39196661664644,1817.2122905027934,-253.2122905027934,895.3333333333334,806.261330669736,156.39196661664644,-253.45348527186385,1
Somali,Wheat,1998,2470.0,1040000,421,2,1990,0,8,549.7857142857143,-0.347962382445141,6,929.4653846153847,inf,2470.3087885985747,0,Somalia_Wheat,Somalia_1998,Wheat_1998,2470.0,-0.7308184143222507,-0.9863301787592008,421.05263157894734,549.7857142857143,-128.78571428571433,1035.6666666666667,576.3699622059894,421.05263157894734,-130.50286287879578,1
Benishangul Gumuz,Wheat,1998,58318.95,0,0,2,1990,0,2,1183.4835164835165,-0.1133742964865565,6,929.4653846153847,0.050681203459444796,64289.84447004608,1,Benushangul Gumuz_Wheat,Benushangul Gumuz_1998,Wheat_1998,2329.4392857142857,-1.0,-1.0,0.0,1148.8333333333333,-1148.8333333333333,661.6666666666666,809.2986675717029,0.0,-1150.8333333333333,2
SNNPR,Wheat,1998,66950.0,96071000,1435,2,1990,0,7,1521.2747252747254,0.8995748887790411,6,929.4653846153847,-0.234457424259327,66948.43205574913,0,S.N.N.P.R_Wheat,S.N.N.P.R_1998,Wheat_1998,66950.0,inf,inf,1434.9663928304706,1491.7666666666667,-56.76666666666665,618.6666666666666,737.6383486054218,1434.9663928304706,inf,1
Gambela,Wheat,1998,58318.95,0,0,2,1990,0,4,485.2197802197802,-0.1133742964865565,6,929.4653846153847,0.050681203459444796,64289.84447004608,1,Gambela_Wheat,Gambela_1998,Wheat_1998,11020.445,-1.0,-1.0,0.0,462.8839779005525,-462.8839779005525,478.3333333333333,828.4976362871132,0.0,-464.8839779005525,2
Harari,Wheat,1998,40.0,28000,700,2,1990,0,5,12684.181318681318,inf,6,929.4653846153847,-0.6,40.0,0,Harari_Wheat,Harari_1998,Wheat_1998,40.0,inf,inf,700.0,536.2277777777778,163.77222222222224,711.6666666666666,717.57113468515,700.0,inf,0
Dire Dawa,Wheat,1998,58318.95,0,0,2,1990,0,3,361.5824175824176,-0.1133742964865565,6,929.4653846153847,0.050681203459444796,64289.84447004608,1,DIRE DAWA_Wheat,DIRE DAWA_1998,Wheat_1998,11020.445,-1.0,-1.0,0.0,361.5824175824176,-361.5824175824176,233.33333333333334,404.1451884327384,0.0,-363.5824175824176,2
Tigray,Wheat,1999,54940.0,57752000,1051,3,1990,0,9,1323.2252747252746,-0.316074939011392,6,929.4653846153847,0.6349224323406182,54949.57183634634,0,Tigray_Wheat,Tigray_1999,Wheat_1999,54940.0,inf,inf,1051.1831088460137,1323.2252747252746,-272.22527472527463,583.6666666666666,535.0704003524523,1051.1831088460137,inf,1
Afar,Wheat,1999,58318.95,0,0,3,1990,0,0,454.0164835164835,-0.1133742964865565,6,929.4653846153847,0.050681203459444796,64289.84447004608,1,Afar_Wheat,Afar_1999,Wheat_1999,39.89,-1.0,-1.0,0.0,425.4088397790055,-425.4088397790055,350.3333333333333,606.7951329182969,0.0,-427.4088397790055,2
Amhara,Wheat,1999,244900.0,246588000,1007,3,1990,0,1,1654.5824175824175,0.217862857820186,6,929.4653846153847,0.1825911804906121,244873.88282025815,0,Amhara_Wheat,Amhara_1999,Wheat_1999,244900.0,inf,inf,1006.8926092282564,1625.4222222222222,-618.4222222222222,686.0,594.5006307818354,1006.8926092282564,inf,1
Oromia,Wheat,1999,599140.0,711278000,1187,3,1990,0,6,1857.7087912087911,0.8441367187196167,6,929.4653846153847,8.349079915878024,599223.2518955349,0,Oromiya_Wheat,Oromiya_1999,Wheat_1999,599140.0,0.17874875868917584,1.8844793745032198,1187.1649364088528,1817.2122905027934,-630.2122905027934,731.3333333333334,639.715822325299,1187.1649364088528,-628.149062369601,1
Somali,Wheat,1999,58318.95,1195000,0,3,1990,0,8,549.7857142857143,-0.603516921035169,6,929.4653846153847,0.1490384615384614,inf,1,Somalia_Wheat,Somalia_1999,Wheat_1999,6192.941333333333,-1.0,-0.9983199255424743,20.490766723337785,549.7857142857143,-549.7857142857143,731.3333333333334,639.715822325299,20.490766723337785,-551.7840342112568,2
Benishangul Gumuz,Wheat,1999,58318.95,0,0,3,1990,0,2,1183.4835164835165,-0.1133742964865565,6,929.4653846153847,0.050681203459444796,64289.84447004608,1,Benushangul Gumuz_Wheat,Benushangul Gumuz_1999,Wheat_1999,2329.4392857142857,0.0,-1.0,0.0,1148.8333333333333,-1148.8333333333333,395.6666666666667,685.3147695280859,0.0,-1149.8333333333333,1
SNNPR,Wheat,1999,82340.0,93416000,1135,3,1990,0,7,1521.2747252747254,0.0254901530287394,6,929.4653846153847,-0.0276358110147703,82304.84581497798,0,S.N.N.P.R_Wheat,S.N.N.P.R_1999,Wheat_1999,82340.0,inf,inf,1134.5154238523196,1491.7666666666667,-356.76666666666665,378.3333333333333,655.2925555302253,1134.5154238523196,inf,1
Gambela,Wheat,1999,58318.95,0,0,3,1990,0,4,485.2197802197802,-0.1133742964865565,6,929.4653846153847,0.050681203459444796,64289.84447004608,1,Gambela_Wheat,Gambela_1999,Wheat_1999,11020.445,-1.0,-1.0,0.0,462.8839779005525,-462.8839779005525,378.3333333333333,655.2925555302253,0.0,-464.8839779005525,2
Harari,Wheat,1999,80.0,54000,675,3,1990,0,5,12684.181318681318,inf,6,929.4653846153847,0.9285714285714286,80.0,0,Harari_Wheat,Harari_1999,Wheat_1999,80.0,inf,inf,675.0,536.2277777777778,138.77222222222224,603.3333333333334,570.8838177189239,675.0,inf,0
Dire Dawa,Wheat,1999,58318.95,0,0,3,1990,0,3,361.5824175824176,-0.1133742964865565,6,929.4653846153847,0.050681203459444796,64289.84447004608,1,DIRE DAWA_Wheat,DIRE DAWA_1999,Wheat_1999,11020.445,-1.0,-1.0,0.0,361.5824175824176,-361.5824175824176,225.0,389.7114317029974,0.0,-363.5824175824176,2
Tigray,Wheat,2000,70570.0,72074000,1021,4,2000,0,9,1323.2252747252746,-0.113186421074649,6,929.4653846153847,0.2479914115528467,70591.57688540647,0,Tigray_Wheat,Tigray_2000,Wheat_2000,70570.0,inf,inf,1021.3121723111803,1323.2252747252746,-302.22527472527463,565.3333333333334,519.2594085169121,1021.3121723111803,inf,1
Afar,Wheat,2000,58318.95,0,0,4,2000,0,0,454.0164835164835,-0.1133742964865565,6,929.4653846153847,0.050681203459444796,64289.84447004608,1,Afar_Wheat,Afar_2000,Wheat_2000,39.89,-1.0,-1.0,0.0,425.4088397790055,-425.4088397790055,340.3333333333333,589.4746248426079,0.0,-427.4088397790055,2
Amhara,Wheat,2000,314190.0,327110000,1041,4,2000,0,1,1654.5824175824175,0.637621591313011,6,929.4653846153847,0.3265446818174444,314226.7050912584,0,Amhara_Wheat,Amhara_2000,Wheat_2000,314190.0,inf,inf,1041.1216143098125,1625.4222222222222,-584.4222222222222,687.3333333333334,595.3321201928662,1041.1216143098125,inf,1
Oromia,Wheat,2000,565920.0,733140000,1295,4,2000,0,6,1857.7087912087911,0.8388077370681006,6,929.4653846153847,0.0307362240924082,566131.2741312741,0,Oromiya_Wheat,Oromiya_2000,Wheat_2000,565920.0,0.24399615754082604,1.2412644064687721,1295.4834605597964,1817.2122905027934,-522.2122905027934,778.6666666666666,686.1999222772715,1295.4834605597964,-520.7270299387837,1
Somali,Wheat,2000,1820.0,1209000,664,4,2000,0,8,549.7857142857143,-0.500206696982224,6,929.4653846153847,0.011715481171548,1820.7831325301204,0,Somalia_Wheat,Somalia_2000,Wheat_2000,1820.0,-0.48725868725868726,-0.9983509288812505,664.2857142857143,549.7857142857143,114.21428571428567,1000.0,317.4917321758162,664.2857142857143,112.72867609814573,0
Benishangul Gumuz,Wheat,2000,58318.95,0,0,4,2000,0,2,1183.4835164835165,-0.1133742964865565,6,929.4653846153847,0.050681203459444796,64289.84447004608,1,Benushangul Gumuz_Wheat,Benushangul Gumuz_2000,Wheat_2000,2329.4392857142857,-1.0,-1.0,0.0,1148.8333333333333,-1148.8333333333333,653.0,647.5700734283511,0.0,-1150.8333333333333,2
SNNPR,Wheat,2000,68390.0,75025000,1097,4,2000,0,7,1521.2747252747254,0.2962834977624964,6,929.4653846153847,-0.196872056178813,68391.06654512306,0,S.N.N.P.R_Wheat,S.N.N.P.R_2000,Wheat_2000,68390.0,inf,inf,1097.017107764293,1491.7666666666667,-394.76666666666665,587.0,552.5386864283803,1097.017107764293,inf,1
Gambela,Wheat,2000,58318.95,0,0,4,2000,0,4,485.2197802197802,-0.1133742964865565,6,929.4653846153847,0.050681203459444796,64289.84447004608,1,Gambela_Wheat,Gambela_2000,Wheat_2000,11020.445,-1.0,-1.0,0.0,462.8839779005525,-462.8839779005525,365.6666666666667,633.3532453010193,0.0,-464.8839779005525,2
Harari,Wheat,2000,200.0,143000,715,4,2000,0,5,12684.181318681318,inf,6,929.4653846153847,1.6481481481481484,200.0,0,Harari_Wheat,Harari_2000,Wheat_2000,200.0,inf,inf,715.0,536.2277777777778,178.77222222222224,604.0,556.8599464856492,715.0,inf,0
Dire Dawa,Wheat,2000,58318.95,0,0,4,2000,0,3,361.5824175824176,-0.1133742964865565,6,929.4653846153847,0.050681203459444796,64289.84447004608,1,DIRE DAWA_Wheat,DIRE DAWA_2000,Wheat_2000,11020.445,-1.0,-1.0,0.0,361.5824175824176,-361.5824175824176,238.33333333333334,412.80544247058197,0.0,-363.5824175824176,2
Tigray,Wheat,2001,73320.0,68180000,930,5,2000,0,9,1323.2252747252746,0.1908546277050984,6,929.4653846153847,-0.0540278047562228,73311.82795698925,0,Tigray_Wheat,Tigray_2001,Wheat_2001,73320.0,inf,inf,929.8963447899619,1323.2252747252746,-393.22527472527463,548.3333333333334,486.886365934941,929.8963447899619,inf,1
Afar,Wheat,2001,58318.95,0,0,5,2000,0,0,454.0164835164835,-0.1133742964865565,6,929.4653846153847,0.050681203459444796,64289.84447004608,1,Afar_Wheat,Afar_2001,Wheat_2001,39.89,-1.0,-1.0,0.0,425.4088397790055,-425.4088397790055,310.0,536.9357503463516,0.0,-427.4088397790055,2
Amhara,Wheat,2001,308300.0,322503000,1046,5,2000,0,1,1654.5824175824175,0.2959630623824603,6,929.4653846153847,-0.0140839472960165,308320.2676864245,0,Amhara_Wheat,Amhara_2001,Wheat_2001,308300.0,inf,inf,1046.0687641907234,1625.4222222222222,-579.4222222222222,658.6666666666666,573.363177517822,1046.0687641907234,inf,1
Oromia,Wheat,2001,642700.0,990501000,1541,5,2000,0,6,1857.7087912087911,0.9298757321050724,6,929.4653846153847,0.3510393649234797,642765.087605451,0,Oromiya_Wheat,Oromiya_2001,Wheat_2001,642700.0,0.4732313575525813,2.071292360071069,1541.1560603703128,1817.2122905027934,-276.2122905027934,862.3333333333334,786.7466767221414,1541.1560603703128,-273.66776678516976,1
Somali,Wheat,2001,3450.0,1968000,570,5,2000,0,8,549.7857142857143,0.0113052415210688,6,929.4653846153847,0.6277915632754343,3452.6315789473683,0,Somalia_Wheat,Somalia_2001,Wheat_2001,3450.0,-0.6301103179753407,-0.9980131266904324,570.4347826086956,549.7857142857143,20.214285714285666,1052.3333333333333,485.53098081722254,570.4347826086956,18.58616226961989,0
Benishangul Gumuz,Wheat,2001,58318.95,0,0,5,2000,0,2,1183.4835164835165,-0.1133742964865565,6,929.4653846153847,0.050681203459444796,64289.84447004608,1,Benushangul Gumuz_Wheat,Benushangul Gumuz_2001,Wheat_2001,2329.4392857142857,-1.0,-1.0,0.0,1148.8333333333333,-1148.8333333333333,703.6666666666666,779.14718335712,0.0,-1150.8333333333333,2
SNNPR,Wheat,2001,105790.0,180038000,1702,5,2000,0,7,1521.2747252747254,0.4622019361964784,6,929.4653846153847,1.3997067644118628,105780.25851938895,0,S.N.N.P.R_Wheat,S.N.N.P.R_2001,Wheat_2001,105790.0,inf,inf,1701.84327441157,1491.7666666666667,210.23333333333335,757.3333333333334,866.326343437237,1701.84327441157,inf,0
Gambela,Wheat,2001,58318.95,0,0,5,2000,0,4,485.2197802197802,-0.1133742964865565,6,929.4653846153847,0.050681203459444796,64289.84447004608,1,Gambela_Wheat,Gambela_2001,Wheat_2001,11020.445,-1.0,-1.0,0.0,462.8839779005525,-462.8839779005525,567.3333333333334,982.6501581607431,0.0,-464.8839779005525,2
Harari,Wheat,2001,270.0,212000,785,5,2000,0,5,12684.181318681318,2.719298245614035,6,929.4653846153847,0.4825174825174825,270.0636942675159,0,Harari_Wheat,Harari_2001,Wheat_2001,270.0,inf,inf,785.1851851851852,536.2277777777778,248.77222222222224,829.0,851.8526867950823,785.1851851851852,inf,0
Dire Dawa,Wheat,2001,58318.95,0,0,5,2000,0,3,361.5824175824176,-0.1133742964865565,6,929.4653846153847,0.050681203459444796,64289.84447004608,1,DIRE DAWA_Wheat,DIRE DAWA_2001,Wheat_2001,11020.445,-1.0,-1.0,0.0,361.5824175824176,-361.5824175824176,261.6666666666667,453.2199613138556,0.0,-363.5824175824176,2
Tigray,Wheat,2002,63215.93,74480182,1178,6,2000,0,9,1323.2252747252746,0.2643286466939669,6,929.4653846153847,0.0924051334702258,63225.960950764005,0,Tigray_Wheat,Tigray_2002,Wheat_2002,63215.93,inf,inf,1178.1869221887584,1323.2252747252746,-145.22527472527463,654.3333333333334,599.7719010868494,1178.1869221887584,inf,1
Afar,Wheat,2002,50.16,19431,387,6,2000,0,0,454.0164835164835,0.215729212288056,6,929.4653846153847,inf,50.2093023255814,0,Afar_Wheat,Afar_2002,Wheat_2002,50.16,-0.6714770797962648,-0.9997391118082929,387.38038277511964,425.4088397790055,-38.40883977900552,521.6666666666666,600.4351200032634,387.38038277511964,-40.080055970610076,1
Amhara,Wheat,2002,286246.58,353772633,1236,6,2000,0,1,1654.5824175824175,0.1312461995757083,6,929.4653846153847,0.0969592003795314,286223.8131067961,0,Amhara_Wheat,Amhara_2002,Wheat_2002,286246.58,2.193798449612403,18205.609695846844,1235.9016935678324,1625.4222222222222,-389.4222222222222,933.6666666666666,474.31459321144,1235.9016935678324,17818.38127207423,1
Oromia,Wheat,2002,545923.45,859521736,1574,6,2000,0,6,1857.7087912087911,0.8006506219897502,6,929.4653846153847,-0.132235367758336,546074.8005082592,0,Oromiya_Wheat,Oromiya_2002,Wheat_2002,545923.45,0.27346278317152106,1.4295879777676301,1574.4363719858527,1817.2122905027934,-243.2122905027934,1065.6666666666667,611.5573017578434,1574.4363719858527,-241.50923974185423,1
Somali,Wheat,2002,8353.8,10997345,1316,6,2000,0,8,549.7857142857143,0.9052496756828678,6,929.4653846153847,4.588081808943089,8356.645136778116,0,Somalia_Wheat,Somalia_2002,Wheat_2002,8353.8,-0.1639135959339263,-0.9872052741200252,1316.4482032129092,549.7857142857143,766.2142857142857,1375.3333333333333,176.63899154301774,1316.4482032129092,765.0631668442317,0
Benishangul Gumuz,Wheat,2002,891.15,970677,1089,6,2000,0,2,1183.4835164835165,-0.070604872761672,6,929.4653846153847,inf,891.3471074380166,0,Benushangul Gumuz_Wheat,Benushangul Gumuz_2002,Wheat_2002,891.15,-0.17249240121580545,-0.9117353324825219,1089.2408685406497,1148.8333333333333,-59.83333333333326,1326.3333333333333,242.66506409727432,1089.2408685406497,-60.917561067031585,1
SNNPR,Wheat,2002,92351.77,135370649,1466,6,2000,0,7,1521.2747252747254,0.7818186606945337,6,929.4653846153847,-0.248099573423388,92340.14256480218,0,S.N.N.P.R_Wheat,S.N.N.P.R_2002,Wheat_2002,92351.77,0.34618916437098246,138.46003562462076,1465.8154250860596,1491.7666666666667,-25.76666666666665,1290.3333333333333,189.80604135099128,1465.8154250860596,113.03955812232508,1
Gambela,Wheat,2002,58318.95,0,0,6,2000,0,4,485.2197802197802,-1.0,6,929.4653846153847,0.050681203459444796,64289.84447004608,1,Gambela_Wheat,Gambela_2002,Wheat_2002,11020.445,-1.0,-1.0,0.0,462.8839779005525,-462.8839779005525,851.6666666666666,761.2715240525772,0.0,-464.8839779005525,2
Harari,Wheat,2002,99.94,54911,549,6,2000,0,5,12684.181318681318,inf,6,929.4653846153847,-0.740985849056603,100.02003642987248,0,Harari_Wheat,Harari_2002,Wheat_2002,99.94,inf,inf,549.439663798279,536.2277777777778,12.77222222222224,671.6666666666666,740.6580407538512,549.439663798279,inf,0
Dire Dawa,Wheat,2002,58318.95,0,0,6,2000,0,3,361.5824175824176,-0.1133742964865565,6,929.4653846153847,0.050681203459444796,64289.84447004608,1,DIRE DAWA_Wheat,DIRE DAWA_2002,Wheat_2002,11020.445,-1.0,-1.0,0.0,361.5824175824176,-361.5824175824176,183.0,316.96529778510404,0.0,-363.5824175824176,2
Tigray,Wheat,2004,74466.0,86668600,1164,8,2000,0,9,1323.2252747252746,0.0559425904942918,6,929.4653846153847,0.1636464583290089,74457.56013745704,0,Tigray_Wheat,Tigray_2004,Wheat_2004,74466.0,inf,inf,1163.8680740203583,1323.2252747252746,-159.22527472527463,571.0,582.3117721633319,1163.8680740203583,inf,1
Afar,Wheat,2004,58318.95,0,0,8,2000,0,0,454.0164835164835,-0.1133742964865565,6,929.4653846153847,-1.0,64289.84447004608,1,Afar_Wheat,Afar_2004,Wheat_2004,39.89,-1.0,-1.0,0.0,425.4088397790055,-425.4088397790055,388.0,672.0357133367243,0.0,-427.4088397790055,2
Amhara,Wheat,2004,332645.0,414570000,1246,8,2000,0,1,1654.5824175824175,0.129284358906329,6,929.4653846153847,0.1718543531319449,332720.7062600321,0,Amhara_Wheat,Amhara_2004,Wheat_2004,332645.0,inf,inf,1246.2835755835802,1625.4222222222222,-379.4222222222222,803.3333333333334,696.9141506192378,1246.2835755835802,inf,1
Oromia,Wheat,2004,556354.0,912864500,1641,8,2000,0,6,1857.7087912087911,0.662550651122698,6,929.4653846153847,0.0620609831791385,556285.4966483851,0,Oromiya_Wheat,Oromiya_2004,Wheat_2004,556354.0,0.3170144462279294,1.2019550377499577,1640.7979451931683,1817.2122905027934,-176.2122905027934,962.3333333333334,856.4872055864781,1640.7979451931683,-174.6933210188155,1
Somali,Wheat,2004,10128.0,11857300,1171,8,2000,0,8,549.7857142857143,1.828217054263566,6,929.4653846153847,0.0781966010887174,10125.789923142613,0,Somalia_Wheat,Somalia_2004,Wheat_2004,10128.0,-0.2864107251675807,-0.9870108871579517,1170.7444707740917,549.7857142857143,621.2142857142857,1352.6666666666667,252.50412537884318,1170.7444707740917,619.9408641019602,0
Benishangul Gumuz,Wheat,2004,58318.95,0,0,8,2000,0,2,1183.4835164835165,-0.1133742964865565,6,929.4653846153847,-1.0,64289.84447004608,1,Benushangul Gumuz_Wheat,Benushangul Gumuz_2004,Wheat_2004,2329.4392857142857,-1.0,-1.0,0.0,1148.8333333333333,-1148.8333333333333,937.3333333333334,845.0859916797425,0.0,-1150.8333333333333,2
SNNPR,Wheat,2004,114578.0,173361100,1513,8,2000,0,7,1521.2747252747254,1.2757430642523149,6,929.4653846153847,0.2806402368655261,114581.03106411104,0,S.N.N.P.R_Wheat,S.N.N.P.R_2004,Wheat_2004,114578.0,inf,inf,1513.0400251357155,1491.7666666666667,21.23333333333335,894.6666666666666,793.4496413341767,1513.0400251357155,inf,0
Gambela,Wheat,2004,58318.95,0,0,8,2000,0,4,485.2197802197802,-0.1133742964865565,6,929.4653846153847,0.050681203459444796,64289.84447004608,1,Gambela_Wheat,Gambela_2004,Wheat_2004,11020.445,-1.0,-1.0,0.0,462.8839779005525,-462.8839779005525,504.3333333333333,873.5309572839036,0.0,-464.8839779005525,2
Harari,Wheat,2004,58318.95,0,0,8,2000,0,5,12684.181318681318,-0.1133742964865565,6,929.4653846153847,-1.0,64289.84447004608,1,Harari_Wheat,Harari_2004,Wheat_2004,114.2029411764706,0.0,0.0,0.0,536.2277777777778,-536.2277777777778,504.3333333333333,873.5309572839036,0.0,-536.2277777777778,1
Dire Dawa,Wheat,2004,58318.95,0,0,8,2000,0,3,361.5824175824176,-0.1133742964865565,6,929.4653846153847,0.050681203459444796,64289.84447004608,1,DIRE DAWA_Wheat,DIRE DAWA_2004,Wheat_2004,11020.445,0.0,0.0,0.0,361.5824175824176,-361.5824175824176,0.0,0.0,0.0,-361.5824175824176,1
Tigray,Wheat,2005,87785.0,85900500,979,9,2000,0,9,1323.2252747252746,0.1044105451950707,6,929.4653846153847,-0.00886249460588961,87743.10520939734,0,Tigray_Wheat,Tigray_2005,Wheat_2005,87785.0,inf,inf,978.5327789485675,1323.2252747252746,-344.22527472527463,326.3333333333333,565.225913536643,978.5327789485675,inf,1
Afar,Wheat,2005,58318.95,0,0,9,2000,0,0,454.0164835164835,-1.0,6,929.4653846153847,0.050681203459444796,64289.84447004608,1,Afar_Wheat,Afar_2005,Wheat_2005,39.89,-1.0,-1.0,0.0,425.4088397790055,-425.4088397790055,326.3333333333333,565.225913536643,0.0,-427.4088397790055,2
Amhara,Wheat,2005,392722.0,569397100,1450,9,2000,0,1,1654.5824175824175,0.4271848772775168,6,929.4653846153847,0.373464312420098,392687.6551724138,0,Amhara_Wheat,Amhara_2005,Wheat_2005,392722.0,inf,inf,1449.8731927419396,1625.4222222222222,-175.42222222222222,809.6666666666666,739.6825895837576,1449.8731927419396,inf,1
Oromia,Wheat,2005,765528.0,1302828800,1702,9,2000,0,6,1857.7087912087911,0.743268800272751,6,929.4653846153847,0.4271874960632165,765469.3301997649,0,Oromiya_Wheat,Oromiya_2005,Wheat_2005,765528.0,0.1737931034482758,1.2880847127602162,1701.869559310698,1817.2122905027934,-115.2122905027934,1050.6666666666667,918.5865954461419,1701.869559310698,-113.75041268658491,1
Somali,Wheat,2005,16030.0,15302300,955,9,2000,0,8,549.7857142857143,2.924471686499795,6,929.4653846153847,0.2905383181668677,16023.350785340312,0,Somalia_Wheat,Somalia_2005,Wheat_2005,16030.0,-0.43889541715628677,-0.9882545580816144,954.6038677479726,549.7857142857143,405.21428571428567,1369.0,380.03026195291505,954.6038677479726,403.78713573904776,0
Benishangul Gumuz,Wheat,2005,58318.95,0,0,9,2000,0,2,1183.4835164835165,-1.0,6,929.4653846153847,0.050681203459444796,64289.84447004608,1,Benushangul Gumuz_Wheat,Benushangul Gumuz_2005,Wheat_2005,2329.4392857142857,-1.0,-1.0,0.0,1148.8333333333333,-1148.8333333333333,885.6666666666666,853.1156623420611,0.0,-1150.8333333333333,2
SNNPR,Wheat,2005,131485.0,196284400,1493,9,2000,0,7,1521.2747252747254,18.95835155114035,6,929.4653846153847,0.1322286256836164,131469.79236436705,0,S.N.N.P.R_Wheat,S.N.N.P.R_2005,Wheat_2005,131485.0,inf,inf,1492.8273187055559,1491.7666666666667,1.2333333333333485,816.0,756.1435048983759,1492.8273187055559,inf,0
Gambela,Wheat,2005,58318.95,0,0,9,2000,0,4,485.2197802197802,-0.1133742964865565,6,929.4653846153847,0.050681203459444796,64289.84447004608,1,Gambela_Wheat,Gambela_2005,Wheat_2005,11020.445,-1.0,-1.0,0.0,462.8839779005525,-462.8839779005525,497.6666666666667,861.983951900111,0.0,-464.8839779005525,2
Harari,Wheat,2005,58318.95,0,0,9,2000,0,5,12684.181318681318,-1.0,6,929.4653846153847,0.050681203459444796,64289.84447004608,1,Harari_Wheat,Harari_2005,Wheat_2005,114.2029411764706,0.0,0.0,0.0,536.2277777777778,-536.2277777777778,497.6666666666667,861.983951900111,0.0,-536.2277777777778,1
Dire Dawa,Wheat,2005,58318.95,0,0,9,2000,0,3,361.5824175824176,-0.1133742964865565,6,929.4653846153847,0.050681203459444796,64289.84447004608,1,DIRE DAWA_Wheat,DIRE DAWA_2005,Wheat_2005,11020.445,0.0,0.0,0.0,361.5824175824176,-361.5824175824176,0.0,0.0,0.0,-361.5824175824176,1
Tigray,Wheat,2006,76775.57,100698481,1312,10,2000,0,9,1323.2252747252746,0.1475959161060769,6,929.4653846153847,0.172268857573588,76751.89100609756,0,Tigray_Wheat,Tigray_2006,Wheat_2006,76775.57,inf,inf,1311.5953551370571,1323.2252747252746,-11.22527472527463,437.3333333333333,757.4835531767886,1311.5953551370571,inf,1
Afar,Wheat,2006,29.62,14534,491,10,2000,0,0,454.0164835164835,-0.359651055205533,6,929.4653846153847,inf,29.60081466395112,0,Afar_Wheat,Afar_2006,Wheat_2006,29.62,-0.6257621951219512,-0.9998556681306842,490.6819716407832,425.4088397790055,65.59116022099448,601.0,662.8808339362361,490.6819716407832,63.965542357741846,0
Amhara,Wheat,2006,431486.33,607488794,1408,10,2000,0,1,1654.5824175824175,0.5322510569978043,6,929.4653846153847,0.0668982929488049,431455.109375,0,Amhara_Wheat,Amhara_2006,Wheat_2006,431486.33,1.8676171079429733,41796.770331636166,1407.8981227516524,1625.4222222222222,-217.42222222222222,1070.3333333333333,504.008267127965,1407.8981227516524,41581.215726521885,1
Oromia,Wheat,2006,816572.28,1317706079,1614,10,2000,0,6,1857.7087912087911,0.9015683618154764,6,929.4653846153847,0.0114192125626944,816422.6016109046,0,Oromiya_Wheat,Oromiya_2006,Wheat_2006,816572.28,0.14630681818181812,1.1691035160065848,1613.7041524358383,1817.2122905027934,-203.2122905027934,1171.0,597.8369342889422,1613.7041524358383,-201.89688016860498,1
Somali,Wheat,2006,9671.83,4716614,488,10,2000,0,8,549.7857142857143,3.1961899356151964,6,929.4653846153847,-0.691770910255321,9665.19262295082,0,Somalia_Wheat,Somalia_2006,Wheat_2006,9671.83,-0.6976456009913259,-0.9964205872044095,487.6651057762595,549.7857142857143,-61.785714285714334,1170.0,599.5431594138998,487.6651057762595,-63.47978047391007,1
Benishangul Gumuz,Wheat,2006,2047.65,2893619,1413,10,2000,0,2,1183.4835164835165,1.5100484553449212,6,929.4653846153847,inf,2047.8549186128805,0,Benushangul Gumuz_Wheat,Benushangul Gumuz_2006,Wheat_2006,2047.65,1.8954918032786887,-0.38650502245890805,1413.1414060020022,1148.8333333333333,264.16666666666674,1171.6666666666667,600.5416999121162,1413.1414060020022,265.6756534474865,0
SNNPR,Wheat,2006,119118.32,179932070,1511,10,2000,0,7,1521.2747252747254,0.9785948476412624,6,929.4653846153847,-0.0833093715037975,119081.4493712773,0,S.N.N.P.R_Wheat,S.N.N.P.R_2006,Wheat_2006,119118.32,0.06935598018400557,61.182364022354015,1510.532300992828,1491.7666666666667,19.23333333333335,1137.3333333333333,564.46995786608,1510.532300992828,80.48505333587137,0
Gambela,Wheat,2006,58318.95,0,0,10,2000,0,4,485.2197802197802,-0.1133742964865565,6,929.4653846153847,0.050681203459444796,64289.84447004608,1,Gambela_Wheat,Gambela_2006,Wheat_2006,11020.445,-1.0,-1.0,0.0,462.8839779005525,-462.8839779005525,974.6666666666666,845.5071456429768,0.0,-464.8839779005525,2
Harari,Wheat,2006,51.15,44537,871,10,2000,0,5,12684.181318681318,-0.250887255479117,6,929.4653846153847,inf,51.13318025258324,0,Harari_Wheat,Harari_2006,Wheat_2006,51.15,inf,inf,870.7135874877811,536.2277777777778,334.77222222222224,794.0,758.4372090028286,870.7135874877811,inf,0
Dire Dawa,Wheat,2006,58318.95,0,0,10,2000,0,3,361.5824175824176,-1.0,6,929.4653846153847,0.050681203459444796,64289.84447004608,1,DIRE DAWA_Wheat,DIRE DAWA_2006,Wheat_2006,11020.445,-1.0,-1.0,0.0,361.5824175824176,-361.5824175824176,290.3333333333333,502.8720844641634,0.0,-363.5824175824176,2
Tigray,Wheat,2007,100140.38,148062729,1479,11,2000,0,9,1323.2252747252746,0.2230651040853744,6,929.4653846153847,0.4703571248507712,100110.02636916836,0,Tigray_Wheat,Tigray_2007,Wheat_2007,100140.38,inf,inf,1478.5516991247687,1323.2252747252746,155.77472527472537,783.3333333333334,743.3870683118812,1478.5516991247687,inf,0
Afar,Wheat,2007,58318.95,0,0,11,2000,0,0,454.0164835164835,-0.1133742964865565,6,929.4653846153847,-1.0,64289.84447004608,1,Afar_Wheat,Afar_2007,Wheat_2007,39.89,-1.0,-1.0,0.0,425.4088397790055,-425.4088397790055,493.0,853.9010481314564,0.0,-427.4088397790055,2
Amhara,Wheat,2007,427719.81,681612665,1594,11,2000,0,1,1654.5824175824175,0.4495268262205232,6,929.4653846153847,0.1220168532030567,427611.45859473024,0,Amhara_Wheat,Amhara_2007,Wheat_2007,427719.81,inf,inf,1593.5962026168486,1625.4222222222222,-31.422222222222217,1024.3333333333333,888.9602540796377,1593.5962026168486,inf,1
Oromia,Wheat,2007,809195.61,1427286259,1764,11,2000,0,6,1857.7087912087911,1.163387950409093,6,929.4653846153847,0.0831598045621522,809119.1944444445,0,Oromiya_Wheat,Oromiya_2007,Wheat_2007,809195.61,0.1066499372647427,1.0939843584039037,1763.8334184734395,1817.2122905027934,-53.212290502793394,1119.3333333333333,973.0906090048009,1763.8334184734395,-52.011656207124744,1
Somali,Wheat,2007,7965.66,3552099,446,11,2000,0,8,549.7857142857143,2.7389767994113803,6,929.4653846153847,-0.246896396440327,7964.347533632287,0,Somalia_Wheat,Somalia_2007,Wheat_2007,7965.66,-0.7471655328798186,-0.9975112918115748,445.92651456376495,549.7857142857143,-103.78571428571433,1268.0,716.9295641832614,445.92651456376495,-105.53039111040573,1
Benishangul Gumuz,Wheat,2007,58318.95,0,0,11,2000,0,2,1183.4835164835165,-1.0,6,929.4653846153847,-1.0,64289.84447004608,1,Benushangul Gumuz_Wheat,Benushangul Gumuz_2007,Wheat_2007,2329.4392857142857,-1.0,-1.0,0.0,1148.8333333333333,-1148.8333333333333,736.6666666666666,917.2182582860709,0.0,-1150.8333333333333,2
SNNPR,Wheat,2007,123194.84,194479536,1579,11,2000,0,7,1521.2747252747254,0.9676893468429436,6,929.4653846153847,0.0808497673594261,123166.26725775808,0,S.N.N.P.R_Wheat,S.N.N.P.R_2007,Wheat_2007,123194.84,inf,inf,1578.6337804408042,1491.7666666666667,87.23333333333335,675.0,814.027640808345,1578.6337804408042,inf,0
Gambela,Wheat,2007,58318.95,0,0,11,2000,0,4,485.2197802197802,-0.1133742964865565,6,929.4653846153847,0.050681203459444796,64289.84447004608,1,Gambela_Wheat,Gambela_2007,Wheat_2007,11020.445,-1.0,-1.0,0.0,462.8839779005525,-462.8839779005525,526.3333333333334,911.6360750504189,0.0,-464.8839779005525,2
Harari,Wheat,2007,64.59,72079,1116,11,2000,0,5,12684.181318681318,inf,6,929.4653846153847,0.6184071670745672,64.58691756272401,0,Harari_Wheat,Harari_2007,Wheat_2007,64.59,inf,inf,1115.946740981576,536.2277777777778,579.7722222222222,898.3333333333334,811.6922651678614,1115.946740981576,inf,0
Dire Dawa,Wheat,2007,58318.95,0,0,11,2000,0,3,361.5824175824176,-0.1133742964865565,6,929.4653846153847,0.050681203459444796,64289.84447004608,1,DIRE DAWA_Wheat,DIRE DAWA_2007,Wheat_2007,11020.445,-1.0,-1.0,0.0,361.5824175824176,-361.5824175824176,372.0,644.3229004156218,0.0,-363.5824175824176,2
Tigray,Wheat,2008,103956.9,147749567,1421,12,2000,0,9,1323.2252747252746,-0.0569999592801496,6,929.4653846153847,-0.00211506300143904,103975.7684729064,0,Tigray_Wheat,Tigray_2008,Wheat_2008,103956.9,inf,inf,1421.2579155399978,1323.2252747252746,97.77472527472537,845.6666666666666,748.077758881611,1421.2579155399978,inf,0
Afar,Wheat,2008,58318.95,0,0,12,2000,0,0,454.0164835164835,-0.1133742964865565,6,929.4653846153847,0.050681203459444796,64289.84447004608,1,Afar_Wheat,Afar_2008,Wheat_2008,39.89,-1.0,-1.0,0.0,425.4088397790055,-425.4088397790055,473.6666666666667,820.4147325184579,0.0,-427.4088397790055,2
Amhara,Wheat,2008,426814.6,621176897,1455,12,2000,0,1,1654.5824175824175,0.4448066798511343,6,929.4653846153847,-0.088665852475027,426925.7024054983,0,Amhara_Wheat,Amhara_2008,Wheat_2008,426814.6,inf,inf,1455.3787452444224,1625.4222222222222,-170.42222222222222,958.6666666666666,830.4037170758172,1455.3787452444224,inf,1
Oromia,Wheat,2008,215.25,0,0,12,2000,0,6,1857.7087912087911,-1.0,6,929.4653846153847,-1.0,64289.84447004608,0,Oromiya_Wheat,Oromiya_2008,Wheat_2008,215.25,-1.0,-1.0,0.0,1817.2122905027934,-1817.2122905027934,485.0,840.0446416709051,0.0,-1819.2122905027934,2
Somali,Wheat,2008,58318.95,0,0,12,2000,0,8,549.7857142857143,-1.0,6,929.4653846153847,-1.0,64289.84447004608,1,Somalia_Wheat,Somalia_2008,Wheat_2008,6192.941333333333,0.0,0.0,0.0,549.7857142857143,-549.7857142857143,485.0,840.0446416709051,0.0,-549.7857142857143,1
Benishangul Gumuz,Wheat,2008,3425.7,4971410,1451,12,2000,0,2,1183.4835164835165,2.0177144837742174,6,929.4653846153847,inf,3426.1957270847693,0,Benushangul Gumuz_Wheat,Benushangul Gumuz_2008,Wheat_2008,3425.7,inf,inf,1451.2099716846192,1148.8333333333333,302.16666666666674,483.6666666666667,837.7352405941467,1451.2099716846192,inf,0
SNNPR,Wheat,2008,118815.25,197457919,1662,12,2000,0,7,1521.2747252747254,1.1726888961146344,6,929.4653846153847,0.0153146344405099,118807.41215403128,0,S.N.N.P.R_Wheat,S.N.N.P.R_2008,Wheat_2008,118815.25,0.14541695382494835,38.71869529972382,1661.8903634003211,1491.7666666666667,170.23333333333335,1037.6666666666667,904.8172927908342,1661.8903634003211,209.09744558688212,0
Gambela,Wheat,2008,58318.95,0,0,12,2000,0,4,485.2197802197802,-0.1133742964865565,6,929.4653846153847,0.050681203459444796,64289.84447004608,1,Gambela_Wheat,Gambela_2008,Wheat_2008,11020.445,-1.0,-1.0,0.0,462.8839779005525,-462.8839779005525,1037.6666666666667,904.817292790834,0.0,-464.8839779005525,2
Harari,Wheat,2008,36.61,36268,991,12,2000,0,5,12684.181318681318,2.002815035601921,6,929.4653846153847,-0.496829867229012,36.59737638748739,0,Harari_Wheat,Harari_2008,Wheat_2008,36.61,inf,inf,990.6582900846763,536.2277777777778,454.77222222222224,884.3333333333334,836.1186120003151,990.6582900846763,inf,0
Dire Dawa,Wheat,2008,58318.95,0,0,12,2000,0,3,361.5824175824176,-0.1133742964865565,6,929.4653846153847,0.050681203459444796,64289.84447004608,1,DIRE DAWA_Wheat,DIRE DAWA_2008,Wheat_2008,11020.445,-1.0,-1.0,0.0,361.5824175824176,-361.5824175824176,330.3333333333333,572.1541167669177,0.0,-363.5824175824176,2
Tigray,Wheat,2009,101092.5,138719280,1372,13,2000,0,9,1323.2252747252746,-0.061282810525191,6,929.4653846153847,-0.061118872855986,101107.3469387755,0,Tigray_Wheat,Tigray_2009,Wheat_2009,101092.5,inf,inf,1372.2014986274946,1323.2252747252746,48.77472527472537,787.6666666666666,708.2403076169367,1372.2014986274946,inf,0
Afar,Wheat,2009,58318.95,0,0,13,2000,0,0,454.0164835164835,-0.1133742964865565,6,929.4653846153847,0.050681203459444796,64289.84447004608,1,Afar_Wheat,Afar_2009,Wheat_2009,39.89,-1.0,-1.0,0.0,425.4088397790055,-425.4088397790055,457.3333333333333,792.1245693281658,0.0,-427.4088397790055,2
Amhara,Wheat,2009,434386.4,654502110,1507,13,2000,0,1,1654.5824175824175,0.3462971907013024,6,929.4653846153847,0.0536485068278385,434307.9694757797,0,Amhara_Wheat,Amhara_2009,Wheat_2009,434386.4,inf,inf,1506.727904004361,1625.4222222222222,-118.42222222222222,959.6666666666666,833.832317275682,1506.727904004361,inf,1
Oromia,Wheat,2009,794835.8,1515266300,1906,13,2000,0,6,1857.7087912087911,1.092060149344082,6,929.4653846153847,inf,794998.0587618048,0,Oromiya_Wheat,Oromiya_2009,Wheat_2009,794835.8,0.2647644326476444,1.3151434912868347,1906.3890931938395,1817.2122905027934,88.7877094972066,1137.6666666666667,1005.2434199403318,1906.3890931938395,90.36761742114109,0
Somali,Wheat,2009,7370.25,7976504,1082,13,2000,0,8,549.7857142857143,inf,6,929.4653846153847,inf,7372.0,0,Somalia_Wheat,Somalia_2009,Wheat_2009,7370.25,-0.43231899265477436,-0.9947359061572213,1082.2569112309623,549.7857142857143,532.2142857142857,1498.3333333333333,412.0683600245662,1082.2569112309623,530.7872308154737,0
Benishangul Gumuz,Wheat,2009,2168.38,3700026,1706,13,2000,0,2,1183.4835164835165,2.748171259832549,6,929.4653846153847,-0.255739116266813,2168.831184056272,0,Benushangul Gumuz_Wheat,Benushangul Gumuz_2009,Wheat_2009,2168.38,0.5767097966728281,-0.536134376664263,1706.3549746815595,1148.8333333333333,557.1666666666667,1564.6666666666667,429.79685123711135,1706.3549746815595,557.2072420866753,0
SNNPR,Wheat,2009,113660.3,217003280,1909,13,2000,0,7,1521.2747252747254,1.0571490108912545,6,929.4653846153847,0.0989849437236296,113673.79779989524,0,S.N.N.P.R_Wheat,S.N.N.P.R_2009,Wheat_2009,113660.3,0.11899179366940205,57.64912300616266,1909.2267044869668,1491.7666666666667,417.23333333333335,1565.6666666666667,430.98994574506685,1909.2267044869668,475.0014481331654,0
Gambela,Wheat,2009,58318.95,0,0,13,2000,0,4,485.2197802197802,-0.1133742964865565,6,929.4653846153847,0.050681203459444796,64289.84447004608,1,Gambela_Wheat,Gambela_2009,Wheat_2009,11020.445,-1.0,-1.0,0.0,462.8839779005525,-462.8839779005525,1205.0,1048.4850976527998,0.0,-464.8839779005525,2
Harari,Wheat,2009,58318.95,0,0,13,2000,0,5,12684.181318681318,-0.1133742964865565,6,929.4653846153847,-1.0,64289.84447004608,1,Harari_Wheat,Harari_2009,Wheat_2009,114.2029411764706,0.0,0.0,0.0,536.2277777777778,-536.2277777777778,636.3333333333334,1102.1616638829955,0.0,-536.2277777777778,1
Dire Dawa,Wheat,2009,58318.95,0,0,13,2000,0,3,361.5824175824176,-0.1133742964865565,6,929.4653846153847,0.050681203459444796,64289.84447004608,1,DIRE DAWA_Wheat,DIRE DAWA_2009,Wheat_2009,11020.445,0.0,0.0,0.0,361.5824175824176,-361.5824175824176,0.0,0.0,0.0,-361.5824175824176,1
Tigray,Wheat,2010,113595.76,177164359,1560,14,2010,1,9,1323.2252747252746,0.2298843278375808,6,929.4653846153847,0.2771430114112472,113566.8967948718,0,Tigray_Wheat,Tigray_2010,Wheat_2010,113595.76,inf,inf,1559.6036242902026,1323.2252747252746,236.77472527472537,520.0,900.6664199358158,1559.6036242902026,inf,0
Afar,Wheat,2010,58318.95,0,0,14,2010,1,0,454.0164835164835,-0.1133742964865565,6,929.4653846153847,0.050681203459444796,64289.84447004608,1,Afar_Wheat,Afar_2010,Wheat_2010,39.89,-1.0,-1.0,0.0,425.4088397790055,-425.4088397790055,520.0,900.6664199358158,0.0,-427.4088397790055,2
Amhara,Wheat,2010,548315.25,896092731,1634,14,2010,1,1,1654.5824175824175,0.7682491262497337,6,929.4653846153847,0.3691212255984935,548404.3641370869,0,Amhara_Wheat,Amhara_2010,Wheat_2010,548315.25,inf,inf,1634.2655634691905,1625.4222222222222,8.577777777777783,1064.6666666666667,922.7704662229575,1634.2655634691905,inf,0
Oromia,Wheat,2010,857603.04,1678241527,1957,14,2010,1,6,1857.7087912087911,0.7327124370841529,6,929.4653846153847,0.1075555016303075,857558.266223812,0,Oromiya_Wheat,Oromiya_2010,Wheat_2010,857603.04,0.19767441860465107,0.8728435896663913,1956.897828860308,1817.2122905027934,139.7877094972066,1197.0,1049.1372646131683,1956.897828860308,140.85822750547766,0
Somali,Wheat,2010,4364.13,7224497,1655,14,2010,1,8,549.7857142857143,2.913491462035948,6,929.4653846153847,-0.0942777688069861,4365.25498489426,0,Somalia_Wheat,Somalia_2010,Wheat_2010,4364.13,-0.1543178334184977,-0.9956951982871534,1655.4266256963015,549.7857142857143,1105.2142857142858,1748.6666666666667,180.72723461984427,1655.4266256963015,1104.0642726825802,0
Benishangul Gumuz,Wheat,2010,58318.95,0,0,14,2010,1,2,1183.4835164835165,-1.0,6,929.4653846153847,-1.0,64289.84447004608,1,Benushangul Gumuz_Wheat,Benushangul Gumuz_2010,Wheat_2010,2329.4392857142857,-1.0,-1.0,0.0,1148.8333333333333,-1148.8333333333333,1204.0,1053.5715447941832,0.0,-1150.8333333333333,2
SNNPR,Wheat,2010,155660.71,308990982,1985,14,2010,1,7,1521.2747252747254,-0.72612497564657,6,929.4653846153847,0.423900053492279,155662.96322418135,0,S.N.N.P.R_Wheat,S.N.N.P.R_2010,Wheat_2010,155660.71,inf,inf,1985.0287333264766,1491.7666666666667,493.23333333333335,1213.3333333333333,1063.6532956435265,1985.0287333264766,inf,0
Gambela,Wheat,2010,58318.95,0,0,14,2010,1,4,485.2197802197802,-0.1133742964865565,6,929.4653846153847,0.050681203459444796,64289.84447004608,1,Gambela_Wheat,Gambela_2010,Wheat_2010,11020.445,-1.0,-1.0,0.0,462.8839779005525,-462.8839779005525,661.6666666666666,1146.0402843414072,0.0,-464.8839779005525,2
Harari,Wheat,2010,246.78,444621,1802,14,2010,1,5,12684.181318681318,inf,6,929.4653846153847,inf,246.73751387347392,0,Harari_Wheat,Harari_2010,Wheat_2010,246.78,inf,inf,1801.6897641624118,536.2277777777778,1265.7722222222224,1262.3333333333333,1097.0352470788416,1801.6897641624118,inf,0
Dire Dawa,Wheat,2010,58318.95,0,0,14,2010,1,3,361.5824175824176,-0.1133742964865565,6,929.4653846153847,0.050681203459444796,64289.84447004608,1,DIRE DAWA_Wheat,DIRE DAWA_2010,Wheat_2010,11020.445,-1.0,-1.0,0.0,361.5824175824176,-361.5824175824176,600.6666666666666,1040.3851850797055,0.0,-363.5824175824176,2
Tigray,Wheat,2011,100175.69,192507914,1922,15,2010,1,9,1323.2252747252746,0.1782415747133336,6,929.4653846153847,0.0866063303398398,100160.20499479708,0,Tigray_Wheat,Tigray_2011,Wheat_2011,100175.69,inf,inf,1921.702900174683,1323.2252747252746,598.7747252747254,1241.3333333333333,1076.699277111922,1921.702900174683,inf,0
Afar,Wheat,2011,58318.95,0,0,15,2010,1,0,454.0164835164835,-0.1133742964865565,6,929.4653846153847,0.050681203459444796,64289.84447004608,1,Afar_Wheat,Afar_2011,Wheat_2011,39.89,-1.0,-1.0,0.0,425.4088397790055,-425.4088397790055,640.6666666666666,1109.6672173824606,0.0,-427.4088397790055,2
Amhara,Wheat,2011,498748.68,824860321,1654,15,2010,1,1,1654.5824175824175,0.9149773532181666,6,929.4653846153847,-0.079492230587015,498706.36094316805,0,Amhara_Wheat,Amhara_2011,Wheat_2011,498748.68,inf,inf,1653.8596573328275,1625.4222222222222,28.577777777777783,1192.0,1040.9630156734684,1653.8596573328275,inf,0
Oromia,Wheat,2011,815975.59,1583211946,1940,15,2010,1,6,1857.7087912087911,0.7425793294668734,6,929.4653846153847,-0.0566244962188925,816088.6319587629,0,Oromiya_Wheat,Oromiya_2011,Wheat_2011,815975.59,0.17291414752116085,0.9193697474508535,1940.2687597554236,1817.2122905027934,122.7877094972066,1198.0,1047.3070227970409,1940.2687597554236,123.87999339217862,0
Somali,Wheat,2011,4279.81,7336086,1714,15,2010,1,8,549.7857142857143,inf,6,929.4653846153847,0.0154459196259615,4280.096849474912,0,Somalia_Wheat,Somalia_2011,Wheat_2011,4279.81,-0.11649484536082477,-0.9953663272826265,1714.1148789315412,549.7857142857143,1164.2142857142858,1769.3333333333333,150.8155606472255,1714.1148789315412,1163.1024245416422,0
Benishangul Gumuz,Wheat,2011,2690.4,2984165,1109,15,2010,1,2,1183.4835164835165,1.0665146874396232,6,929.4653846153847,inf,2690.8611361587014,0,Benushangul Gumuz_Wheat,Benushangul Gumuz_2011,Wheat_2011,2690.4,-0.352975495915986,-0.5932210990983475,1109.190083258995,1148.8333333333333,-39.83333333333326,1587.6666666666667,429.66304627386364,1109.190083258995,-40.77952992834759,1
SNNPR,Wheat,2011,131162.87,244601954,1865,15,2010,1,7,1521.2747252747254,0.2340372378205155,6,929.4653846153847,-0.208384812991079,131153.86273458446,0,S.N.N.P.R_Wheat,S.N.N.P.R_2011,Wheat_2011,131162.87,0.6816952209197475,80.96663187189716,1864.8719260260164,1491.7666666666667,373.23333333333335,1562.6666666666667,400.07540955841836,1864.8719260260164,454.88166042615023,0
Gambela,Wheat,2011,58318.95,0,0,15,2010,1,4,485.2197802197802,-0.1133742964865565,6,929.4653846153847,0.050681203459444796,64289.84447004608,1,Gambela_Wheat,Gambela_2011,Wheat_2011,11020.445,-1.0,-1.0,0.0,462.8839779005525,-462.8839779005525,991.3333333333334,938.0513489854029,0.0,-464.8839779005525,2
Harari,Wheat,2011,116.51,140048,1202,15,2010,1,5,12684.181318681318,7.418369800432796,6,929.4653846153847,-0.68501712694632,116.51247920133112,0,Harari_Wheat,Harari_2011,Wheat_2011,116.51,inf,inf,1202.0255772036735,536.2277777777778,665.7722222222222,1022.3333333333334,945.3921584894462,1202.0255772036735,inf,0
Dire Dawa,Wheat,2011,58318.95,0,0,15,2010,1,3,361.5824175824176,-1.0,6,929.4653846153847,0.050681203459444796,64289.84447004608,1,DIRE DAWA_Wheat,DIRE DAWA_2011,Wheat_2011,11020.445,-1.0,-1.0,0.0,361.5824175824176,-361.5824175824176,400.6666666666667,693.9750235659291,0.0,-363.5824175824176,2
Tigray,Wheat,2012,105308.56,200169578,1901,16,2010,1,9,1323.2252747252746,0.2205172498011038,6,929.4653846153847,0.0397992157350997,105296.9900052604,0,Tigray_Wheat,Tigray_2012,Wheat_2012,105308.56,inf,inf,1900.791141764734,1323.2252747252746,577.7747252747254,1034.3333333333333,961.5270840352517,1900.791141764734,inf,0
Afar,Wheat,2012,58318.95,0,0,16,2010,1,0,454.0164835164835,-0.1133742964865565,6,929.4653846153847,0.050681203459444796,64289.84447004608,1,Afar_Wheat,Afar_2012,Wheat_2012,39.89,-1.0,-1.0,0.0,425.4088397790055,-425.4088397790055,633.6666666666666,1097.5428617294783,0.0,-427.4088397790055,2
Amhara,Wheat,2012,460164.57,769486730,1672,16,2010,1,1,1654.5824175824175,0.783044124883802,6,929.4653846153847,-0.0671308700276298,460219.3361244019,0,Amhara_Wheat,Amhara_2012,Wheat_2012,460164.57,inf,inf,1672.1989917650549,1625.4222222222222,46.57777777777778,1191.0,1037.7721329848866,1672.1989917650549,inf,0
Oromia,Wheat,2012,740810.94,1675933968,2262,16,2010,1,6,1857.7087912087911,0.9218301901752846,6,929.4653846153847,0.0585657670372328,740908.0318302388,0,Oromiya_Wheat,Oromiya_2012,Wheat_2012,740810.94,0.3528708133971292,1.1779894345936284,2262.296461226666,1817.2122905027934,444.7877094972066,1311.3333333333333,1173.3376893858542,2262.296461226666,446.31856974519735,0
Somali,Wheat,2012,4130.51,9675557,2342,16,2010,1,8,549.7857142857143,inf,6,929.4653846153847,0.3188990696128699,4131.322374039282,0,Somalia_Wheat,Somalia_2012,Wheat_2012,4130.51,0.03536693191865603,-0.9942267671729653,2342.460616243515,549.7857142857143,1792.2142857142858,2092.0,365.92348927064717,2342.460616243515,1791.2554258790315,0
Benishangul Gumuz,Wheat,2012,1668.86,0,0,16,2010,1,2,1183.4835164835165,-1.0,6,929.4653846153847,-1.0,64289.84447004608,0,Benushangul Gumuz_Wheat,Benushangul Gumuz_2012,Wheat_2012,1668.86,-1.0,-1.0,0.0,1148.8333333333333,-1148.8333333333333,1534.6666666666667,1329.6621124681778,0.0,-1150.8333333333333,2
SNNPR,Wheat,2012,125303.57,258140288,2060,16,2010,1,7,1521.2747252747254,1.2713271566044275,6,929.4653846153847,0.0553484294732984,125310.81941747572,0,S.N.N.P.R_Wheat,S.N.N.P.R_2012,Wheat_2012,125303.57,inf,inf,2060.119180961883,1491.7666666666667,568.2333333333333,1467.3333333333333,1278.5465706548732,2060.119180961883,inf,0
Gambela,Wheat,2012,58318.95,0,0,16,2010,1,4,485.2197802197802,-0.1133742964865565,6,929.4653846153847,0.050681203459444796,64289.84447004608,1,Gambela_Wheat,Gambela_2012,Wheat_2012,11020.445,-1.0,-1.0,0.0,462.8839779005525,-462.8839779005525,686.6666666666666,1189.3415545306298,0.0,-464.8839779005525,2
Harari,Wheat,2012,71.79,83108,1158,16,2010,1,5,12684.181318681318,3.066148050296003,6,929.4653846153847,-0.406574888609619,71.76856649395509,0,Harari_Wheat,Harari_2012,Wheat_2012,71.79,inf,inf,1157.6542693968518,536.2277777777778,621.7722222222222,1072.6666666666667,1032.6477295444636,1157.6542693968518,inf,0
Dire Dawa,Wheat,2012,58318.95,0,0,16,2010,1,3,361.5824175824176,-0.1133742964865565,6,929.4653846153847,0.050681203459444796,64289.84447004608,1,DIRE DAWA_Wheat,DIRE DAWA_2012,Wheat_2012,11020.445,-1.0,-1.0,0.0,361.5824175824176,-361.5824175824176,386.0,668.5716117215871,0.0,-363.5824175824176,2
Tigray,Wheat,2013,111846.34,205272449,1835,17,2010,1,9,1323.2252747252746,0.2925585846275178,6,929.4653846153847,0.0254927399607147,111865.09482288828,0,Tigray_Wheat,Tigray_2013,Wheat_2013,111846.34,inf,inf,1835.3076998317513,1323.2252747252746,511.77472527472537,997.6666666666666,927.9473763815141,1835.3076998317513,inf,0
Afar,Wheat,2013,58318.95,0,0,17,2010,1,0,454.0164835164835,-0.1133742964865565,6,929.4653846153847,0.050681203459444796,64289.84447004608,1,Afar_Wheat,Afar_2013,Wheat_2013,39.89,-1.0,-1.0,0.0,425.4088397790055,-425.4088397790055,611.6666666666666,1059.4377439629639,0.0,-427.4088397790055,2
Amhara,Wheat,2013,498192.03,888568580,1784,17,2010,1,1,1654.5824175824175,0.504766017866719,6,929.4653846153847,0.1547549104582999,498076.55829596415,0,Amhara_Wheat,Amhara_2013,Wheat_2013,498192.03,inf,inf,1783.586501775229,1625.4222222222222,158.57777777777778,1206.3333333333333,1045.0264749437383,1783.586501775229,inf,0
Oromia,Wheat,2013,872971.81,2026290010,2321,17,2010,1,6,1857.7087912087911,1.2570967538115825,6,929.4653846153847,0.2090512208056159,873024.5626884963,0,Oromiya_Wheat,Oromiya_2013,Wheat_2013,872971.81,0.30100896860986537,1.2803979969672121,2321.140255376631,1817.2122905027934,503.7877094972066,1368.3333333333333,1215.049107375227,2321.140255376631,505.36911646278367,0
Somali,Wheat,2013,4150.13,9278182,2236,17,2010,1,8,549.7857142857143,inf,6,929.4653846153847,-0.0410699869785274,4149.455277280858,0,Somalia_Wheat,Somalia_2013,Wheat_2013,4150.13,-0.03662214562688493,-0.9954210986807362,2235.6364740381628,549.7857142857143,1686.2142857142858,2113.6666666666665,288.6456882292508,2235.6364740381628,1685.182242469978,0
Benishangul Gumuz,Wheat,2013,1770.9,2946056,1664,17,2010,1,2,1183.4835164835165,2.7397697787662296,6,929.4653846153847,inf,1770.4663461538462,0,Benushangul Gumuz_Wheat,Benushangul Gumuz_2013,Wheat_2013,1770.9,-0.2558139534883721,-0.6824748641490326,1663.5925235755828,1148.8333333333333,515.1666666666667,2073.6666666666665,357.31825216932003,1663.5925235755828,514.2283778490294,0
SNNPR,Wheat,2013,138351.34,302233680,2185,17,2010,1,7,1521.2747252747254,1.2989146574436758,6,929.4653846153847,0.1708117409398721,138322.05034324943,0,S.N.N.P.R_Wheat,S.N.N.P.R_2013,Wheat_2013,138351.34,0.31310096153846145,101.58925152814474,2184.537424791115,1491.7666666666667,693.2333333333333,2028.3333333333333,316.55068051314896,2184.537424791115,795.1356858230165,0
Gambela,Wheat,2013,58318.95,0,0,17,2010,1,4,485.2197802197802,-0.1133742964865565,6,929.4653846153847,0.050681203459444796,64289.84447004608,1,Gambela_Wheat,Gambela_2013,Wheat_2013,11020.445,-1.0,-1.0,0.0,462.8839779005525,-462.8839779005525,1283.0,1141.2392387225402,0.0,-464.8839779005525,2
Harari,Wheat,2013,58.94,0,0,17,2010,1,5,12684.181318681318,-0.1133742964865565,6,929.4653846153847,-1.0,64289.84447004608,0,Harari_Wheat,Harari_2013,Wheat_2013,58.94,0.0,0.0,0.0,536.2277777777778,-536.2277777777778,728.3333333333334,1261.5103381793333,0.0,-536.2277777777778,1
Dire Dawa,Wheat,2013,58318.95,0,0,17,2010,1,3,361.5824175824176,-0.1133742964865565,6,929.4653846153847,0.050681203459444796,64289.84447004608,1,DIRE DAWA_Wheat,DIRE DAWA_2013,Wheat_2013,11020.445,0.0,0.0,0.0,361.5824175824176,-361.5824175824176,0.0,0.0,0.0,-361.5824175824176,1
Tigray,Wheat,2014,112818.67,205033333,1817,18,2010,1,9,1323.2252747252746,0.2793326241450362,6,929.4653846153847,-0.00116487137540799,112841.6802421574,0,Tigray_Wheat,Tigray_2014,Wheat_2014,112818.67,inf,inf,1817.3705912328164,1323.2252747252746,493.77472527472537,605.6666666666666,1049.045439117551,1817.3705912328164,inf,0
Afar,Wheat,2014,58318.95,0,0,18,2010,1,0,454.0164835164835,-0.1133742964865565,6,929.4653846153847,0.050681203459444796,64289.84447004608,1,Afar_Wheat,Afar_2014,Wheat_2014,39.89,-1.0,-1.0,0.0,425.4088397790055,-425.4088397790055,605.6666666666666,1049.045439117551,0.0,-427.4088397790055,2
Amhara,Wheat,2014,52948.64,1119991322,2115,18,2010,1,1,1654.5824175824175,0.9022669363343434,6,929.4653846153847,0.2604444352511317,529546.7243498818,0,Amhara_Wheat,Amhara_2014,Wheat_2014,52948.64,inf,inf,21152.409618075177,1625.4222222222222,489.5777777777778,1310.6666666666667,1144.8084264772585,21152.409618075177,inf,0
Oromia,Wheat,2014,837000.48,2302851378,2751,18,2010,1,6,1857.7087912087911,1.2490777573226324,6,929.4653846153847,0.1364865673892357,837096.1025081788,0,Oromiya_Wheat,Oromiya_2014,Wheat_2014,837000.48,0.300709219858156,1.0561332331466047,2751.314285984639,1817.2122905027934,933.7877094972066,1622.0,1440.2385219122575,2751.314285984639,935.1445519502114,0
Somali,Wheat,2014,58318.95,0,0,18,2010,1,8,549.7857142857143,-0.1133742964865565,6,929.4653846153847,-1.0,64289.84447004608,1,Somalia_Wheat,Somalia_2014,Wheat_2014,6192.941333333333,-1.0,-1.0,0.0,549.7857142857143,-549.7857142857143,1622.0,1440.2385219122575,0.0,-551.7857142857143,2
Benishangul Gumuz,Wheat,2014,2016.18,4068453,2018,18,2010,1,2,1183.4835164835165,3.9115381736617305,6,929.4653846153847,0.3809829141061813,2016.081764122894,0,Benushangul Gumuz_Wheat,Benushangul Gumuz_2014,Wheat_2014,2016.18,inf,inf,2017.9016754456447,1148.8333333333333,869.1666666666667,1589.6666666666667,1424.641124400576,2017.9016754456447,inf,0
SNNPR,Wheat,2014,118349.23,281685626,2380,18,2010,1,7,1521.2747252747254,1.128241792330634,6,929.4653846153847,-0.067987307040036,118355.3050420168,0,S.N.N.P.R_Wheat,S.N.N.P.R_2014,Wheat_2014,118349.23,0.17938553022794856,68.23654420980161,2380.122168940178,1491.7666666666667,888.2333333333333,1466.0,1282.4305049397428,2380.122168940178,956.6492630733629,0
Gambela,Wheat,2014,58318.95,0,0,18,2010,1,4,485.2197802197802,-0.1133742964865565,6,929.4653846153847,0.050681203459444796,64289.84447004608,1,Gambela_Wheat,Gambela_2014,Wheat_2014,11020.445,-1.0,-1.0,0.0,462.8839779005525,-462.8839779005525,1466.0,1282.4305049397428,0.0,-464.8839779005525,2
Harari,Wheat,2014,58318.95,0,0,18,2010,1,5,12684.181318681318,-0.1133742964865565,6,929.4653846153847,0.050681203459444796,64289.84447004608,1,Harari_Wheat,Harari_2014,Wheat_2014,114.2029411764706,0.0,0.0,0.0,536.2277777777778,-536.2277777777778,793.3333333333334,1374.0936406713104,0.0,-536.2277777777778,1
Dire Dawa,Wheat,2014,58318.95,0,0,18,2010,1,3,361.5824175824176,-0.1133742964865565,6,929.4653846153847,0.050681203459444796,64289.84447004608,1,DIRE DAWA_Wheat,DIRE DAWA_2014,Wheat_2014,11020.445,0.0,0.0,0.0,361.5824175824176,-361.5824175824176,0.0,0.0,0.0,-361.5824175824176,1
Tigray,Wheat,2015,108865.39,203459405,1869,19,2010,1,9,1323.2252747252746,0.200052313846059,6,929.4653846153847,-0.00767644937030798,108860.03477795613,0,Tigray_Wheat,Tigray_2015,Wheat_2015,108865.39,inf,inf,1868.9080615979055,1323.2252747252746,545.7747252747254,623.0,1079.0676531154115,1868.9080615979055,inf,0
Afar,Wheat,2015,58318.95,0,0,19,2010,1,0,454.0164835164835,-0.1133742964865565,6,929.4653846153847,0.050681203459444796,64289.84447004608,1,Afar_Wheat,Afar_2015,Wheat_2015,39.89,-1.0,-1.0,0.0,425.4088397790055,-425.4088397790055,623.0,1079.0676531154115,0.0,-427.4088397790055,2
Amhara,Wheat,2015,529609.63,1195823247,2225,19,2010,1,1,1654.5824175824175,0.9114131982849244,6,929.4653846153847,0.0677076005058545,537448.6503370786,0,Amhara_Wheat,Amhara_2015,Wheat_2015,529609.63,inf,inf,2257.9333517783657,1625.4222222222222,599.5777777777778,1364.6666666666667,1195.1653999900336,2257.9333517783657,inf,0
Oromia,Wheat,2015,875641.45,2470321041,2821,19,2010,1,6,1857.7087912087911,18.370106873574,6,929.4653846153847,0.0727227404251531,875689.8408365828,0,Oromiya_Wheat,Oromiya_2015,Wheat_2015,875641.45,0.26786516853932585,1.0657911168706358,2821.1558977707145,1817.2122905027934,1003.7877094972066,1682.0,1486.8244684561807,2821.1558977707145,1005.1213657826165,0
Somali,Wheat,2015,58318.95,0,0,19,2010,1,8,549.7857142857143,-0.1133742964865565,6,929.4653846153847,0.050681203459444796,64289.84447004608,1,Somalia_Wheat,Somalia_2015,Wheat_2015,6192.941333333333,-1.0,-1.0,0.0,549.7857142857143,-549.7857142857143,1682.0,1486.8244684561807,0.0,-551.7857142857143,2
Benishangul Gumuz,Wheat,2015,2033.12,0,0,19,2010,1,2,1183.4835164835165,-1.0,6,929.4653846153847,-1.0,64289.84447004608,0,Benushangul Gumuz_Wheat,Benushangul Gumuz_2015,Wheat_2015,2033.12,0.0,0.0,0.0,1148.8333333333333,-1148.8333333333333,940.3333333333334,1628.7051093839352,0.0,-1148.8333333333333,1
SNNPR,Wheat,2015,137294.72,334571131,2437,19,2010,1,7,1521.2747252747254,1.6376372271124509,6,929.4653846153847,0.1877465518954097,137288.11284366023,0,S.N.N.P.R_Wheat,S.N.N.P.R_2015,Wheat_2015,137294.72,inf,inf,2436.88272207409,1491.7666666666667,945.2333333333333,812.3333333333334,1407.0026060151192,2436.88272207409,inf,0
Gambela,Wheat,2015,58318.95,0,0,19,2010,1,4,485.2197802197802,-0.1133742964865565,6,929.4653846153847,0.050681203459444796,64289.84447004608,1,Gambela_Wheat,Gambela_2015,Wheat_2015,11020.445,-1.0,-1.0,0.0,462.8839779005525,-462.8839779005525,812.3333333333334,1407.0026060151192,0.0,-464.8839779005525,2
Harari,Wheat,2015,58318.95,0,0,19,2010,1,5,12684.181318681318,-0.1133742964865565,6,929.4653846153847,0.050681203459444796,64289.84447004608,1,Harari_Wheat,Harari_2015,Wheat_2015,114.2029411764706,0.0,0.0,0.0,536.2277777777778,-536.2277777777778,812.3333333333334,1407.0026060151192,0.0,-536.2277777777778,1
Dire Dawa,Wheat,2015,58318.95,0,0,19,2010,1,3,361.5824175824176,-0.1133742964865565,6,929.4653846153847,0.050681203459444796,64289.84447004608,1,DIRE DAWA_Wheat,DIRE DAWA_2015,Wheat_2015,11020.445,0.0,0.0,0.0,361.5824175824176,-361.5824175824176,0.0,0.0,0.0,-361.5824175824176,1
Tigray,Wheat,2016,102847.97,176096635,1712,20,2010,1,9,1323.2252747252746,0.1203891162214498,6,929.4653846153847,-0.134487614372016,102860.1839953271,0,Tigray_Wheat,Tigray_2016,Wheat_2016,102847.97,inf,inf,1712.2033132982594,1323.2252747252746,388.77472527472537,570.6666666666666,988.4236608526406,1712.2033132982594,inf,0
Afar,Wheat,2016,58318.95,0,0,20,2010,1,0,454.0164835164835,-0.1133742964865565,6,929.4653846153847,0.050681203459444796,64289.84447004608,1,Afar_Wheat,Afar_2016,Wheat_2016,39.89,-1.0,-1.0,0.0,425.4088397790055,-425.4088397790055,570.6666666666666,988.4236608526406,0.0,-427.4088397790055,2
Amhara,Wheat,2016,545106.1,1221904309,2242,20,2010,1,1,1654.5824175824175,1.121712323150827,6,929.4653846153847,0.0218101312760312,545006.3822479929,0,Amhara_Wheat,Amhara_2016,Wheat_2016,545106.1,inf,inf,2241.589864798798,1625.4222222222222,616.5777777777778,1318.0,1171.779842803248,2241.589864798798,inf,0
Oromia,Wheat,2016,872252.8,2459375144,2820,20,2010,1,6,1857.7087912087911,1.5093454923115537,6,929.4653846153847,-0.00443096132783171,872118.8453900709,0,Oromiya_Wheat,Oromiya_2016,Wheat_2016,872252.8,0.2578055307760927,1.012739562243413,2819.5669237175275,1817.2122905027934,1002.7877094972066,1687.3333333333333,1489.577568753416,2819.5669237175275,1004.058254590226,0
Somali,Wheat,2016,58318.95,0,0,20,2010,1,8,549.7857142857143,-0.1133742964865565,6,929.4653846153847,0.050681203459444796,64289.84447004608,1,Somalia_Wheat,Somalia_2016,Wheat_2016,6192.941333333333,-1.0,-1.0,0.0,549.7857142857143,-549.7857142857143,1687.3333333333333,1489.577568753416,0.0,-551.7857142857143,2
Benishangul Gumuz,Wheat,2016,2951.7,6740195,2283,20,2010,1,2,1183.4835164835165,7.477198379568781,6,929.4653846153847,inf,2952.341217696014,0,Benushangul Gumuz_Wheat,Benushangul Gumuz_2016,Wheat_2016,2951.7,inf,inf,2283.4959514855846,1148.8333333333333,1134.1666666666667,1701.0,1497.378709612236,2283.4959514855846,inf,0
SNNPR,Wheat,2016,133419.8,334633928,2508,20,2010,1,7,1521.2747252747254,1.3493430987201438,6,929.4653846153847,0.000187694018346,133426.60606060605,0,S.N.N.P.R_Wheat,S.N.N.P.R_2016,Wheat_2016,133419.8,0.09855453350854138,48.647514352329566,2508.127939031538,1491.7666666666667,1016.2333333333333,1597.0,1387.6105361375737,2508.127939031538,1064.9794022191716,0
Gambela,Wheat,2016,58318.95,0,0,20,2010,1,4,485.2197802197802,-0.1133742964865565,6,929.4653846153847,0.050681203459444796,64289.84447004608,1,Gambela_Wheat,Gambela_2016,Wheat_2016,11020.445,-1.0,-1.0,0.0,462.8839779005525,-462.8839779005525,1597.0,1387.610536137574,0.0,-464.8839779005525,2
Harari,Wheat,2016,58318.95,0,0,20,2010,1,5,12684.181318681318,-0.1133742964865565,6,929.4653846153847,0.050681203459444796,64289.84447004608,1,Harari_Wheat,Harari_2016,Wheat_2016,114.2029411764706,0.0,0.0,0.0,536.2277777777778,-536.2277777777778,836.0,1447.994475127583,0.0,-536.2277777777778,1
Dire Dawa,Wheat,2016,58318.95,0,0,20,2010,1,3,361.5824175824176,-0.1133742964865565,6,929.4653846153847,0.050681203459444796,64289.84447004608,1,DIRE DAWA_Wheat,DIRE DAWA_2016,Wheat_2016,11020.445,0.0,0.0,0.0,361.5824175824176,-361.5824175824176,0.0,0.0,0.0,-361.5824175824176,1
Tigray,Wheat,2017,107724.17,212867257,1976,21,2010,1,9,1323.2252747252746,0.2553167924476451,6,929.4653846153847,0.208809339258527,107726.34463562752,0,Tigray_Wheat,Tigray_2017,Wheat_2017,107724.17,inf,inf,1976.0398896552185,1323.2252747252746,652.7747252747254,658.6666666666666,1140.8441319187023,1976.0398896552185,inf,0
Afar,Wheat,2017,58318.95,0,0,21,2010,1,0,454.0164835164835,-0.1133742964865565,6,929.4653846153847,0.050681203459444796,64289.84447004608,1,Afar_Wheat,Afar_2017,Wheat_2017,39.89,-1.0,-1.0,0.0,425.4088397790055,-425.4088397790055,658.6666666666666,1140.8441319187023,0.0,-427.4088397790055,2
Amhara,Wheat,2017,554284.49,1319069113,2380,21,2010,1,1,1654.5824175824175,1.169274980095889,6,929.4653846153847,0.079519159793715,554230.7197478992,0,Amhara_Wheat,Amhara_2017,Wheat_2017,554284.49,inf,inf,2379.7691200055046,1625.4222222222222,754.5777777777778,1452.0,1273.5902009673302,2379.7691200055046,inf,0
Oromia,Wheat,2017,898455.57,2664024446,2965,21,2010,1,6,1857.7087912087911,1.435245740316884,6,929.4653846153847,0.0832119095369696,898490.5382799326,0,Oromiya_Wheat,Oromiya_2017,Wheat_2017,898455.57,0.2457983193277311,1.0196246123458432,2965.115399084231,1817.2122905027934,1147.7877094972066,1781.6666666666667,1570.4484497535532,2965.115399084231,1149.0531324288802,0
Somali,Wheat,2017,58318.95,0,0,21,2010,1,8,549.7857142857143,-0.1133742964865565,6,929.4653846153847,0.050681203459444796,64289.84447004608,1,Somalia_Wheat,Somalia_2017,Wheat_2017,6192.941333333333,-1.0,-1.0,0.0,549.7857142857143,-549.7857142857143,1781.6666666666667,1570.4484497535532,0.0,-551.7857142857143,2
Benishangul Gumuz,Wheat,2017,2081.17,0,0,21,2010,1,2,1183.4835164835165,-1.0,6,929.4653846153847,-1.0,64289.84447004608,0,Benushangul Gumuz_Wheat,Benushangul Gumuz_2017,Wheat_2017,2081.17,0.0,0.0,0.0,1148.8333333333333,-1148.8333333333333,988.3333333333334,1711.8435481472416,0.0,-1148.8333333333333,1
SNNPR,Wheat,2017,127211.62,328759190,2584,21,2010,1,7,1521.2747252747254,1.1699346575199256,6,929.4653846153847,-0.0175557153905804,127228.7886996904,0,S.N.N.P.R_Wheat,S.N.N.P.R_2017,Wheat_2017,127211.62,inf,inf,2584.348741097708,1491.7666666666667,1092.2333333333333,861.3333333333334,1491.8730955859942,2584.348741097708,inf,0
Gambela,Wheat,2017,58318.95,0,0,21,2010,1,4,485.2197802197802,-0.1133742964865565,6,929.4653846153847,0.050681203459444796,64289.84447004608,1,Gambela_Wheat,Gambela_2017,Wheat_2017,11020.445,-1.0,-1.0,0.0,462.8839779005525,-462.8839779005525,861.3333333333334,1491.8730955859942,0.0,-464.8839779005525,2
Harari,Wheat,2017,58318.95,0,0,21,2010,1,5,12684.181318681318,-0.1133742964865565,6,929.4653846153847,0.050681203459444796,64289.84447004608,1,Harari_Wheat,Harari_2017,Wheat_2017,114.2029411764706,0.0,0.0,0.0,536.2277777777778,-536.2277777777778,861.3333333333334,1491.8730955859942,0.0,-536.2277777777778,1
Dire Dawa,Wheat,2017,58318.95,0,0,21,2010,1,3,361.5824175824176,-0.1133742964865565,6,929.4653846153847,0.050681203459444796,64289.84447004608,1,DIRE DAWA_Wheat,DIRE DAWA_2017,Wheat_2017,11020.445,0.0,0.0,0.0,361.5824175824176,-361.5824175824176,0.0,0.0,0.0,-361.5824175824176,1
Tigray,Wheat,2018,107929.86,214003144,1983,22,2010,1,9,1323.2252747252746,0.2631666603509262,6,929.4653846153847,0.005336128327148,107918.88250126073,0,Tigray_Wheat,Tigray_2018,Wheat_2018,107929.86,inf,inf,1982.7983099394366,1323.2252747252746,659.7747252747254,661.0,1144.8855838030292,1982.7983099394366,inf,0
Afar,Wheat,2018,58318.95,0,0,22,2010,1,0,454.0164835164835,-0.1133742964865565,6,929.4653846153847,0.050681203459444796,64289.84447004608,1,Afar_Wheat,Afar_2018,Wheat_2018,39.89,-1.0,-1.0,0.0,425.4088397790055,-425.4088397790055,661.0,1144.8855838030292,0.0,-427.4088397790055,2
Amhara,Wheat,2018,554661.74,1404707481,2533,22,2010,1,1,1654.5824175824175,1.196735106347834,6,929.4653846153847,0.0649233365833501,554562.7639163048,0,Amhara_Wheat,Amhara_2018,Wheat_2018,554661.74,inf,inf,2532.548001237655,1625.4222222222222,907.5777777777778,1505.3333333333333,1332.3461762369936,2532.548001237655,inf,0
Oromia,Wheat,2018,898682.57,2669917773,2971,22,2010,1,6,1857.7087912087911,1.4528691239366005,6,929.4653846153847,0.0022121895348403,898659.6341299226,0,Oromiya_Wheat,Oromiya_2018,Wheat_2018,898682.57,0.1729174891433083,0.9006930689222976,2970.9241751511886,1817.2122905027934,1153.7877094972066,1834.6666666666667,1603.8897509908027,2970.9241751511886,1154.8613200552722,0
Somali,Wheat,2018,58318.95,0,0,22,2010,1,8,549.7857142857143,-0.1133742964865565,6,929.4653846153847,0.050681203459444796,64289.84447004608,1,Somalia_Wheat,Somalia_2018,Wheat_2018,6192.941333333333,-1.0,-1.0,0.0,549.7857142857143,-549.7857142857143,1834.6666666666667,1603.8897509908027,0.0,-551.7857142857143,2
Benishangul Gumuz,Wheat,2018,2455.71,5908357,2406,22,2010,1,2,1183.4835164835165,4.552335683629964,6,929.4653846153847,inf,2455.676226101413,0,Benushangul Gumuz_Wheat,Benushangul Gumuz_2018,Wheat_2018,2455.71,inf,inf,2405.966909773548,1148.8333333333333,1257.1666666666667,1792.3333333333333,1577.7041336490627,2405.966909773548,inf,0
SNNPR,Wheat,2018,127246.59,339195951,2606,22,2010,1,7,1521.2747252747254,1.1953760078705171,6,929.4653846153847,0.031745914083801,130159.61281657712,0,S.N.N.P.R_Wheat,S.N.N.P.R_2018,Wheat_2018,127246.59,0.0831255195344971,56.40952197032102,2665.6584746200274,1491.7666666666667,1114.2333333333333,1670.6666666666667,1450.2914649591435,2665.6584746200274,1170.7259808231888,0
Gambela,Wheat,2018,58318.95,0,0,22,2010,1,4,485.2197802197802,-0.1133742964865565,6,929.4653846153847,0.050681203459444796,64289.84447004608,1,Gambela_Wheat,Gambela_2018,Wheat_2018,11020.445,-1.0,-1.0,0.0,462.8839779005525,-462.8839779005525,1670.6666666666667,1450.2914649591435,0.0,-464.8839779005525,2
Harari,Wheat,2018,58318.95,0,0,22,2010,1,5,12684.181318681318,-0.1133742964865565,6,929.4653846153847,0.050681203459444796,64289.84447004608,1,Harari_Wheat,Harari_2018,Wheat_2018,114.2029411764706,0.0,0.0,0.0,536.2277777777778,-536.2277777777778,868.6666666666666,1504.574801508166,0.0,-536.2277777777778,1
Dire Dawa,Wheat,2018,58318.95,0,0,22,2010,1,3,361.5824175824176,-0.1133742964865565,6,929.4653846153847,0.050681203459444796,64289.84447004608,1,DIRE DAWA_Wheat,DIRE DAWA_2018,Wheat_2018,11020.445,0.0,0.0,0.0,361.5824175824176,-361.5824175824176,0.0,0.0,0.0,-361.5824175824176,1
Tigray,Wheat,2019,119580.03,251411295,2102,23,2010,1,9,1323.2252747252746,0.4904154055220338,6,929.4653846153847,0.1748018758079554,119605.75404376784,0,Tigray_Wheat,Tigray_2019,Wheat_2019,119580.03,inf,inf,2102.452182024039,1323.2252747252746,778.7747252747254,700.6666666666666,1213.5902658365949,2102.452182024039,inf,0
Afar,Wheat,2019,58318.95,0,0,23,2010,1,0,454.0164835164835,-0.1133742964865565,6,929.4653846153847,0.050681203459444796,64289.84447004608,1,Afar_Wheat,Afar_2019,Wheat_2019,39.89,-1.0,-1.0,0.0,425.4088397790055,-425.4088397790055,700.6666666666666,1213.5902658365947,0.0,-427.4088397790055,2
Amhara,Wheat,2019,570742.91,1482043379,2597,23,2010,1,1,1654.5824175824175,2.0762503272467883,6,929.4653846153847,0.055054806104503,570675.1555641125,0,Amhara_Wheat,Amhara_2019,Wheat_2019,570742.91,inf,inf,2596.691703099737,1625.4222222222222,971.5777777777778,1566.3333333333333,1378.878650691691,2596.691703099737,inf,0
Oromia,Wheat,2019,897118.0,2685287615,2912,23,2010,1,6,1857.7087912087911,1.8796413973417248,6,929.4653846153847,0.005756672417192,922145.472184066,0,Oromiya_Wheat,Oromiya_2019,Wheat_2019,897118.0,0.12129380053908356,0.8118819280525256,2993.2379185346854,1817.2122905027934,1094.7877094972066,1836.3333333333333,1598.0914658846468,2993.2379185346854,1095.7208852257982,0
Somali,Wheat,2019,58318.95,0,0,23,2010,1,8,549.7857142857143,-0.1133742964865565,6,929.4653846153847,0.050681203459444796,64289.84447004608,1,Somalia_Wheat,Somalia_2019,Wheat_2019,6192.941333333333,-1.0,-1.0,0.0,549.7857142857143,-549.7857142857143,1836.3333333333333,1598.0914658846468,0.0,-551.7857142857143,2
Benishangul Gumuz,Wheat,2019,3033.6,7322787,2414,23,2010,1,2,1183.4835164835165,1.776700593729927,6,929.4653846153847,0.2393948097584488,3033.466031483016,0,Benushangul Gumuz_Wheat,Benushangul Gumuz_2019,Wheat_2019,3033.6,inf,inf,2413.893393987342,1148.8333333333333,1265.1666666666667,1775.3333333333333,1557.5163990575954,2413.893393987342,inf,0
SNNPR,Wheat,2019,151583.2,402857455,2658,23,2010,1,7,1521.2747252747254,1.2147928115197706,6,929.4653846153847,0.1876835611165652,151564.12904439427,0,S.N.N.P.R_Wheat,S.N.N.P.R_2019,Wheat_2019,151583.2,0.10107705053852523,54.01422545814865,2657.665592229218,1491.7666666666667,1166.2333333333333,1690.6666666666667,1469.2342676827745,2657.665592229218,1220.3486358420205,0
Gambela,Wheat,2019,58318.95,0,0,23,2010,1,4,485.2197802197802,-0.1133742964865565,6,929.4653846153847,0.050681203459444796,64289.84447004608,1,Gambela_Wheat,Gambela_2019,Wheat_2019,11020.445,-1.0,-1.0,0.0,462.8839779005525,-462.8839779005525,1690.6666666666667,1469.2342676827743,0.0,-464.8839779005525,2
Harari,Wheat,2019,38.07,51437,1351,23,2010,1,5,12684.181318681318,inf,6,929.4653846153847,inf,38.07327905255367,0,Harari_Wheat,Harari_2019,Wheat_2019,38.07,inf,inf,1351.116364591542,536.2277777777778,814.7722222222222,1336.3333333333333,1329.0606958801156,1351.116364591542,inf,0
Dire Dawa,Wheat,2019,58318.95,0,0,23,2010,1,3,361.5824175824176,-0.1133742964865565,6,929.4653846153847,0.050681203459444796,64289.84447004608,1,DIRE DAWA_Wheat,DIRE DAWA_2019,Wheat_2019,11020.445,-1.0,-1.0,0.0,361.5824175824176,-361.5824175824176,450.3333333333333,780.0002136751851,0.0,-363.5824175824176,2
Tigray,Wheat,2020,121471.1,259339841,2135,24,2020,1,9,1323.2252747252746,0.4705177149211239,6,929.4653846153847,0.0315361567188141,121470.65152224824,0,Tigray_Wheat,Tigray_2020,Wheat_2020,121471.1,inf,inf,2134.9921174666238,1323.2252747252746,811.7747252747254,1162.0,1079.9754626842239,2134.9921174666238,inf,0
Afar,Wheat,2020,58318.95,0,0,24,2020,1,0,454.0164835164835,-0.1133742964865565,6,929.4653846153847,0.050681203459444796,64289.84447004608,1,Afar_Wheat,Afar_2020,Wheat_2020,39.89,-1.0,-1.0,0.0,425.4088397790055,-425.4088397790055,711.6666666666666,1232.642824719852,0.0,-427.4088397790055,2
Amhara,Wheat,2020,575015.31,1558379990,2710,24,2020,1,1,1654.5824175824175,2.166111914098835,6,929.4653846153847,0.0515076765509439,575047.9667896678,0,Amhara_Wheat,Amhara_2020,Wheat_2020,575015.31,inf,inf,2710.1539087715764,1625.4222222222222,1084.5777777777778,1615.0,1427.8742941869934,2710.1539087715764,inf,0
Oromia,Wheat,2020,897236.5,2800964857,3122,24,2020,1,6,1857.7087912087911,2.0957185711459934,6,929.4653846153847,0.0430781571976974,897170.037475977,0,Oromiya_Wheat,Oromiya_2020,Wheat_2020,897236.5,0.1520295202952029,0.7973567903679255,3121.768738788491,1817.2122905027934,1304.7877094972066,1944.0,1696.109666265718,3121.768738788491,1305.7370958078698,0
Somali,Wheat,2020,58318.95,0,0,24,2020,1,8,549.7857142857143,-0.1133742964865565,6,929.4653846153847,0.050681203459444796,64289.84447004608,1,Somalia_Wheat,Somalia_2020,Wheat_2020,6192.941333333333,-1.0,-1.0,0.0,549.7857142857143,-549.7857142857143,1944.0,1696.109666265718,0.0,-551.7857142857143,2
Benishangul Gumuz,Wheat,2020,3377.63,8477865,2510,24,2020,1,2,1183.4835164835165,inf,6,929.4653846153847,0.1577374843758257,3377.635458167331,0,Benushangul Gumuz_Wheat,Benushangul Gumuz_2020,Wheat_2020,3377.63,inf,inf,2510.0040560985067,1148.8333333333333,1361.1666666666667,1877.3333333333333,1654.3643290803084,2510.0040560985067,inf,0
SNNPR,Wheat,2020,145106.35,400771950,2762,24,2020,1,7,1521.2747252747254,1.282727448060343,6,929.4653846153847,-0.00517678144990518,145102.08182476467,0,S.N.N.P.R_Wheat,S.N.N.P.R_2020,Wheat_2020,145106.35,0.10039840637450204,46.2727449658611,2761.9187582073423,1491.7666666666667,1270.2333333333333,1757.3333333333333,1527.1022668221467,2761.9187582073423,1316.6064767055689,0
Gambela,Wheat,2020,58318.95,0,0,24,2020,1,4,485.2197802197802,-0.1133742964865565,6,929.4653846153847,0.050681203459444796,64289.84447004608,1,Gambela_Wheat,Gambela_2020,Wheat_2020,11020.445,-1.0,-1.0,0.0,462.8839779005525,-462.8839779005525,1757.3333333333333,1527.1022668221467,0.0,-464.8839779005525,2
Harari,Wheat,2020,101.07,154222,1526,24,2020,1,5,12684.181318681318,inf,6,929.4653846153847,1.9982697280167967,101.06290956749672,0,Harari_Wheat,Harari_2020,Wheat_2020,101.07,inf,inf,1525.8929454833285,536.2277777777778,989.7722222222222,1429.3333333333333,1383.5350856893144,1525.8929454833285,inf,0
Dire Dawa,Wheat,2020,58318.95,0,0,24,2020,1,3,361.5824175824176,-0.1133742964865565,6,929.4653846153847,0.050681203459444796,64289.84447004608,1,DIRE DAWA_Wheat,DIRE DAWA_2020,Wheat_2020,11020.445,-1.0,-1.0,0.0,361.5824175824176,-361.5824175824176,508.6666666666667,881.0365107833705,0.0,-363.5824175824176,2
Tigray,Wheat,2021,102258.28,223907183,2190,25,2020,1,9,1323.2252747252746,0.3934211026874659,6,929.4653846153847,-0.13662635815374,102240.72283105024,0,Tigray_Wheat,Tigray_2021,Wheat_2021,102258.28,inf,inf,2189.623989372792,1323.2252747252746,866.7747252747254,1238.6666666666667,1122.918222015004,2189.623989372792,inf,0
Afar,Wheat,2021,58318.95,0,0,25,2020,1,0,454.0164835164835,-0.1133742964865565,6,929.4653846153847,0.050681203459444796,64289.84447004608,1,Afar_Wheat,Afar_2021,Wheat_2021,39.89,-1.0,-1.0,0.0,425.4088397790055,-425.4088397790055,730.0,1264.3970895252817,0.0,-427.4088397790055,2
Amhara,Wheat,2021,641170.34,1815255660,2831,25,2020,1,1,1654.5824175824175,1.4903963468553347,6,929.4653846153847,0.1648350669595033,641206.5206640763,0,Amhara_Wheat,Amhara_2021,Wheat_2021,641170.34,inf,inf,2831.1597507769934,1625.4222222222222,1205.5777777777778,1673.6666666666667,1484.4495051477295,2831.1597507769934,inf,0
Oromia,Wheat,2021,996364.4,3287749709,3300,25,2020,1,6,1857.7087912087911,1.6686392851197072,6,929.4653846153847,0.1737918456147198,996287.7906060606,0,Oromiya_Wheat,Oromiya_2021,Wheat_2021,996364.4,0.16566584245849514,0.8111772250306604,3299.746266526584,1817.2122905027934,1482.7877094972066,2043.6666666666667,1785.3347958669658,3299.746266526584,1483.7645525646958,0
Somali,Wheat,2021,58318.95,0,0,25,2020,1,8,549.7857142857143,-0.1133742964865565,6,929.4653846153847,0.050681203459444796,64289.84447004608,1,Somalia_Wheat,Somalia_2021,Wheat_2021,6192.941333333333,-1.0,-1.0,0.0,549.7857142857143,-549.7857142857143,2043.6666666666667,1785.3347958669658,0.0,-551.7857142857143,2
Benishangul Gumuz,Wheat,2021,58318.95,0,0,25,2020,1,2,1183.4835164835165,-0.1133742964865565,6,929.4653846153847,-1.0,64289.84447004608,1,Benushangul Gumuz_Wheat,Benushangul Gumuz_2021,Wheat_2021,2329.4392857142857,0.0,0.0,0.0,1148.8333333333333,-1148.8333333333333,1100.0,1905.2558883257661,0.0,-1148.8333333333333,1
SNNPR,Wheat,2021,147640.62,431681366,2924,25,2020,1,7,1521.2747252747254,1.3494489210505098,6,929.4653846153847,0.0771246989715721,147633.8461012312,0,S.N.N.P.R_Wheat,S.N.N.P.R_2021,Wheat_2021,147640.62,inf,inf,2923.865843966247,1491.7666666666667,1432.2333333333333,974.6666666666666,1688.1721871104671,2923.865843966247,inf,0
Gambela,Wheat,2021,58318.95,0,0,25,2020,1,4,485.2197802197802,-0.1133742964865565,6,929.4653846153847,0.050681203459444796,64289.84447004608,1,Gambela_Wheat,Gambela_2021,Wheat_2021,11020.445,-1.0,-1.0,0.0,462.8839779005525,-462.8839779005525,974.6666666666666,1688.1721871104671,0.0,-464.8839779005525,2
Harari,Wheat,2021,58318.95,0,0,25,2020,1,5,12684.181318681318,-0.1133742964865565,6,929.4653846153847,-1.0,64289.84447004608,1,Harari_Wheat,Harari_2021,Wheat_2021,114.2029411764706,0.0,0.0,0.0,536.2277777777778,-536.2277777777778,974.6666666666666,1688.1721871104671,0.0,-536.2277777777778,1
Dire Dawa,Wheat,2021,58318.95,0,0,25,2020,1,3,361.5824175824176,-0.1133742964865565,6,929.4653846153847,0.050681203459444796,64289.84447004608,1,DIRE DAWA_Wheat,DIRE DAWA_2021,Wheat_2021,11020.445,0.0,0.0,0.0,361.5824175824176,-361.5824175824176,0.0,0.0,0.0,-361.5824175824176,1
Tigray,Wheat,2022,58318.95,0,0,26,2020,1,9,1323.2252747252746,-0.1133742964865565,6,929.4653846153847,-1.0,64289.84447004608,1,Tigray_Wheat,Tigray_2022,Wheat_2022,92105.364,0.0,0.0,0.0,1323.2252747252746,-1323.2252747252746,0.0,0.0,0.0,-1323.2252747252746,1
Afar,Wheat,2022,58318.95,0,0,26,2020,1,0,454.0164835164835,-0.1133742964865565,6,929.4653846153847,0.050681203459444796,64289.84447004608,1,Afar_Wheat,Afar_2022,Wheat_2022,39.89,0.0,0.0,0.0,425.4088397790055,-425.4088397790055,0.0,0.0,0.0,-425.4088397790055,1
Amhara,Wheat,2022,689614.06,1922028970,2787,26,2020,1,1,1654.5824175824175,1.9730879991501489,6,929.4653846153847,0.0588199846185852,689640.8216720488,0,Amhara_Wheat,Amhara_2022,Wheat_2022,689614.06,inf,inf,2787.1081543784067,1625.4222222222222,1161.5777777777778,929.0,1609.0752002314885,2787.1081543784067,inf,0
Oromia,Wheat,2022,1030582.0,3467385140,3364,26,2020,1,6,1857.7087912087911,1.7964153608071831,6,929.4653846153847,0.0546378060678585,1030732.800237812,0,Oromiya_Wheat,Oromiya_2022,Wheat_2022,1030582.0,0.20703265159669892,0.80402334934629,3364.4922383662824,1817.2122905027934,1546.7877094972066,2050.3333333333335,1798.9253273366687,3364.4922383662824,1547.7987654981496,0
Somali,Wheat,2022,58318.95,0,0,26,2020,1,8,549.7857142857143,-0.1133742964865565,6,929.4653846153847,0.050681203459444796,64289.84447004608,1,Somalia_Wheat,Somalia_2022,Wheat_2022,6192.941333333333,-1.0,-1.0,0.0,549.7857142857143,-549.7857142857143,2050.3333333333335,1798.925327336669,0.0,-551.7857142857143,2
Benishangul Gumuz,Wheat,2022,58318.95,0,0,26,2020,1,2,1183.4835164835165,-0.1133742964865565,6,929.4653846153847,0.050681203459444796,64289.84447004608,1,Benushangul Gumuz_Wheat,Benushangul Gumuz_2022,Wheat_2022,2329.4392857142857,0.0,0.0,0.0,1148.8333333333333,-1148.8333333333333,1121.3333333333333,1942.206305553903,0.0,-1148.8333333333333,1
SNNPR,Wheat,2022,142738.62,409266109,2867,26,2020,1,7,1521.2747252747254,1.458908828781457,6,929.4653846153847,-0.0519254681009325,142750.64841297525,0,S.N.N.P.R_Wheat,S.N.N.P.R_2022,Wheat_2022,142738.62,inf,inf,2867.2415986647484,1491.7666666666667,1375.2333333333333,955.6666666666666,1655.2632217666592,2867.2415986647484,inf,0
Gambela,Wheat,2022,58318.95,0,0,26,2020,1,4,485.2197802197802,-0.1133742964865565,6,929.4653846153847,0.050681203459444796,64289.84447004608,1,Gambela_Wheat,Gambela_2022,Wheat_2022,11020.445,-1.0,-1.0,0.0,462.8839779005525,-462.8839779005525,955.6666666666666,1655.263221766659,0.0,-464.8839779005525,2
Harari,Wheat,2022,246.0,376766,1528,26,2020,1,5,12684.181318681318,30.47585630743525,6,929.4653846153847,inf,246.57460732984293,0,Harari_Wheat,Harari_2022,Wheat_2022,246.0,inf,inf,1531.5691056910568,536.2277777777778,991.7722222222222,1465.0,1434.5379046926598,1531.5691056910568,inf,0
Dire Dawa,Wheat,2022,58318.95,0,0,26,2020,1,3,361.5824175824176,-0.1133742964865565,6,929.4653846153847,0.050681203459444796,64289.84447004608,1,DIRE DAWA_Wheat,DIRE DAWA_2022,Wheat_2022,11020.445,-1.0,-1.0,0.0,361.5824175824176,-361.5824175824176,509.3333333333333,882.1912113217517,0.0,-363.5824175824176,2
