Region_Code,Crop_Code,Year,Area cultivated(Ha),Production(kg),Yield_Growth_Rate,Production_Growth_Rate,Area_Efficiency,Regional_Avg_Yield,Crop_Avg_Yield,Yield_Anomaly,Rolling_Yield_Trend,Yield_Stability,Production_Area_Ratio,Early_Warning_Score
2,5,2008,18870.52,20510225,0.0,0.0,1086.8924120797942,1148.8333333333333,598.7192307692308,-61.83333333333326,744.3333333333334,645.2862413947266,1086.8924120797942,-361.5824175824176
4,2,2013,58318.95,0,-1.0,-1.0,0.0,462.8839779005525,702.5423076923076,-462.8839779005525,809.0,701.9024148697588,0.0,-464.8839779005525
2,4,2009,58905.26,94750164,-0.00433168316831678,1.6694347600711965,1608.5178810856619,1148.8333333333333,1501.899613899614,460.16666666666674,1690.6666666666667,135.43387070202,1608.5178810856619,461.8317697435696
9,1,2015,64197.01,159149435,0.3235451147891084,267.8475832349329,2479.0786206398084,1323.2252747252746,2015.483870967742,1155.7747252747254,2185.0,303.4007251144921,2479.0786206398084,1423.9458536244474
5,6,2004,58318.95,0,0.0,0.0,0.0,536.2277777777778,929.4653846153847,-536.2277777777778,504.3333333333333,873.5309572839036,0.0,-536.2277777777778
9,1,1996,45050.0,67963000,0.0,0.0,1508.612652608213,1323.2252747252746,2015.483870967742,185.77472527472537,1509.0,0.0,1508.612652608213,185.77472527472537
5,2,1997,58318.95,0,0.0,0.0,0.0,536.2277777777778,702.5423076923076,-536.2277777777778,0.0,0.0,0.0,-536.2277777777778
1,6,2021,641170.34,1815255660,0.0,0.0,2831.1597507769934,1625.4222222222222,929.4653846153847,1205.5777777777778,1673.6666666666667,1484.4495051477295,2831.1597507769934,-361.5824175824176
0,5,1999,58318.95,5080000,2.4526184538653366,-0.9550474302704234,87.10719243059074,425.4088397790055,598.7192307692308,2343.5911602209944,1190.3333333333333,1424.7604477010632,87.10719243059074,2345.0887312445893
9,3,2021,58318.95,0,0.0,0.0,0.0,1323.2252747252746,382.8538461538462,-1323.2252747252746,0.0,0.0,0.0,-1323.2252747252746
4,4,2021,3254.18,3989843,-0.5231427460132244,-0.9753390470538866,1226.0670890977144,462.8839779005525,1501.899613899614,763.1160220994475,1265.6666666666667,1285.9589158808026,1226.0670890977144,761.6175403063804
6,3,2019,11212.68,24678517,0.4881676808654496,4.462009529433325,2200.947231170425,1817.2122905027934,382.8538461538462,383.7877094972066,1226.6666666666667,1121.9867794824204,2200.947231170425,388.73788670750537
9,4,2004,128927.0,194205000,0.0818965517241379,21.64796659849128,1506.3175285238933,1323.2252747252746,1501.899613899614,182.77472527472537,1269.3333333333333,316.36898288759716,1506.3175285238933,204.50458842494078
3,5,2009,58318.95,0,0.0,0.0,0.0,361.5824175824176,598.7192307692308,-361.5824175824176,0.0,0.0,0.0,-361.5824175824176
4,5,2008,58318.95,0,-1.0,-1.0,0.0,462.8839779005525,598.7192307692308,-462.8839779005525,692.0,601.289447770373,0.0,-464.8839779005525
7,3,2018,337.6,501864,0.0,0.0,1486.563981042654,1491.7666666666667,382.8538461538462,-4.7666666666666515,495.6666666666667,858.519850284974,1486.563981042654,-361.5824175824176
4,1,1999,58318.95,13607000,-1.0,-0.9528075469080567,233.32038728406462,462.8839779005525,2015.483870967742,-462.8839779005525,1225.6666666666667,1063.539530686722,233.32038728406462,-464.83678544746056
0,4,1996,13160.0,11564000,-0.5113952195664258,-0.9331437028814579,878.7234042553191,425.4088397790055,1501.899613899614,453.5911602209945,1339.0,650.5382386916237,878.7234042553191,452.1466212985466
5,4,2018,7316.23,13837675,-0.1504941599281222,2.6482147767505344,1891.366865175097,536.2277777777778,1501.899613899614,1354.7722222222224,2220.0,326.04140841309686,1891.366865175097,1357.2699428390447
9,1,1999,69870.0,131798000,0.0,0.0,1886.3317589809647,1323.2252747252746,2015.483870967742,562.7747252747254,894.3333333333334,946.7599132479854,1886.3317589809647,-361.5824175824176
9,1,2009,64275.12,111607170,-0.1192288178589549,198.4121115421106,1736.397691672921,1323.2252747252746,2015.483870967742,412.77472527472537,1788.6666666666667,162.5310226797722,1736.397691672921,611.067607998977
7,1,2013,305204.64,871890174,-0.028231292517006845,4.994247313977689,2856.7395764363214,1491.7666666666667,2015.483870967742,1365.2333333333333,2997.3333333333335,176.14293438378832,2856.7395764363214,1370.199349354794
4,3,1999,58318.95,0,0.0,0.0,0.0,462.8839779005525,382.8538461538462,-462.8839779005525,0.0,0.0,0.0,-462.8839779005525
5,4,2002,3834.52,3489212,-0.2702485966319166,0.050400822929558275,909.947529286586,536.2277777777778,1501.899613899614,373.77222222222224,1052.0,174.63962895059018,909.947529286586,373.55237444851986
2,6,2005,58318.95,0,-1.0,-1.0,0.0,1148.8333333333333,929.4653846153847,-1148.8333333333333,885.6666666666666,853.1156623420611,0.0,-1150.8333333333333
0,1,2021,2933.27,2684522,-0.7024390243902439,-0.989107915085231,915.1977144961085,425.4088397790055,2015.483870967742,489.5911602209945,1799.0,1132.0989356058947,915.1977144961085,487.899613281519
7,6,2017,127211.62,328759190,0.0,0.0,2584.348741097708,1491.7666666666667,929.4653846153847,1092.2333333333333,861.3333333333334,1491.8730955859942,2584.348741097708,-361.5824175824176
5,6,2013,58.94,0,0.0,0.0,0.0,536.2277777777778,929.4653846153847,-536.2277777777778,728.3333333333334,1261.5103381793333,0.0,-536.2277777777778
3,5,2005,58318.95,0,0.0,0.0,0.0,361.5824175824176,598.7192307692308,-361.5824175824176,0.0,0.0,0.0,-361.5824175824176
5,3,1999,58318.95,0,0.0,0.0,0.0,536.2277777777778,382.8538461538462,-536.2277777777778,0.0,0.0,0.0,-536.2277777777778
9,0,2007,101575.87,121058747,0.5031525851197982,7054.527858724793,1191.8061543553601,1323.2252747252746,726.1538461538462,-131.22527472527463,1024.0,206.8260138377172,1191.8061543553601,6923.805736584638
7,5,2008,234789.37,232246796,-0.09015639374425022,10.323464077064001,989.1708300081899,1491.7666666666667,598.7192307692308,-502.76666666666665,692.0,601.289447770373,989.1708300081899,-492.5333589833469
9,2,1998,68090.0,58996000,0.0,0.0,866.4414745190189,1323.2252747252746,702.5423076923076,-457.22527472527463,288.6666666666667,499.98533311821586,866.4414745190189,-361.5824175824176
0,1,2001,6750.0,7295000,-0.30077619663648125,-0.9152325730022426,1080.7407407407406,425.4088397790055,2015.483870967742,655.5911602209944,1175.6666666666667,333.242154196213,1080.7407407407406,654.3751514513557
9,0,2005,95453.0,77779500,0.0,0.0,814.8460498884268,1323.2252747252746,726.1538461538462,-508.22527472527463,271.6666666666667,470.5404693895444,814.8460498884268,-361.5824175824176
1,6,2005,392722.0,569397100,0.0,0.0,1449.8731927419396,1625.4222222222222,929.4653846153847,-175.42222222222222,809.6666666666666,739.6825895837576,1449.8731927419396,-361.5824175824176
4,0,1997,58318.95,0,-1.0,-1.0,0.0,462.8839779005525,726.1538461538462,-462.8839779005525,394.6666666666667,683.582718720517,0.0,-464.8839779005525
7,4,2019,102872.44,268432922,-0.027218493661446685,0.7660568283044926,2609.3764471806053,1491.7666666666667,1501.899613899614,1117.2333333333333,2531.6666666666665,200.5151698334298,2609.3764471806053,1117.9721716679765
6,3,2018,21253.56,45913699,0.4285714285714286,6.4181694479733515,2160.282747925524,1817.2122905027934,382.8538461538462,342.7877094972066,1224.0,1108.425910920527,2160.282747925524,349.6344503737514
4,0,2022,58318.95,0,-1.0,-1.0,0.0,462.8839779005525,726.1538461538462,-462.8839779005525,783.3333333333334,1356.7731325956204,0.0,-464.8839779005525
8,3,2018,58318.95,0,-1.0,-1.0,0.0,549.7857142857143,382.8538461538462,-549.7857142857143,1224.0,1108.4259109205268,0.0,-551.7857142857143
5,6,2005,58318.95,0,0.0,0.0,0.0,536.2277777777778,929.4653846153847,-536.2277777777778,497.6666666666667,861.983951900111,0.0,-536.2277777777778
8,3,2005,490.0,391600,-0.3867996930161166,-0.9913658722651797,799.1836734693877,549.7857142857143,382.8538461538462,249.21428571428567,1105.3333333333333,268.99876083977284,799.1836734693877,247.83612014900436
2,1,2004,25677.0,44011400,2.252371916508539,2.789349519996556,1714.039802157573,1148.8333333333333,2015.483870967742,565.1666666666667,1404.6666666666667,771.0345863405429,1714.039802157573,570.2083881031718
3,2,2011,58318.95,0,0.0,0.0,0.0,361.5824175824176,702.5423076923076,-361.5824175824176,0.0,0.0,0.0,-361.5824175824176
5,1,2002,667.56,826740,-0.42418604651162795,-0.9247511638566753,1238.4504763616756,536.2277777777778,2015.483870967742,701.7722222222222,1698.6666666666667,456.0716318006775,1238.4504763616756,700.423285011854
2,1,2010,35953.4,80121872,0.3643600734843846,0.8175161178290944,2228.49221492265,1148.8333333333333,2015.483870967742,1079.1666666666667,2062.0,374.6771943953877,2228.49221492265,1080.3485428579802
9,0,1998,52930.0,41914000,0.0,0.0,791.8760627243529,1323.2252747252746,726.1538461538462,-531.2252747252746,264.0,457.26141319818385,791.8760627243529,-361.5824175824176
6,6,2010,857603.04,1678241527,0.19767441860465107,0.8728435896663913,1956.897828860308,1817.2122905027934,929.4653846153847,139.7877094972066,1197.0,1049.1372646131683,1956.897828860308,140.85822750547766
4,0,2017,58318.95,0,-1.0,-1.0,0.0,462.8839779005525,726.1538461538462,-462.8839779005525,1083.6666666666667,955.1211092491533,0.0,-464.8839779005525
8,5,2010,58318.95,0,-1.0,-1.0,0.0,549.7857142857143,598.7192307692308,-549.7857142857143,833.3333333333334,722.5360429302705,0.0,-551.7857142857143
6,5,2016,1369934.27,2215625767,0.0062227753578096845,0.26101167057850816,1617.3226814743455,1817.2122905027934,598.7192307692308,-200.2122905027934,1074.6666666666667,930.7020647518374,1617.3226814743455,-199.94505605685708
5,1,2011,808.72,1620428,0.18369757826343758,-0.8418468193255084,2003.6947274705708,536.2277777777778,2015.483870967742,1467.7722222222224,2014.0,326.1150103874399,2003.6947274705708,1467.1140729811602
1,2,1998,159360.0,142966000,0.0,0.0,897.1260040160643,1625.4222222222222,702.5423076923076,-728.4222222222222,587.6666666666666,509.1702400311051,897.1260040160643,-361.5824175824176
2,4,2017,58377.9,142172507,0.21932899349023538,0.7623067661978293,2435.3823450312534,1148.8333333333333,1501.899613899614,1286.1666666666667,2341.0,307.9545420999587,2435.3823450312534,1287.1483024263548
0,1,2017,4664.83,13553348,0.13698630136986312,-0.9201811589698488,2905.4323523043713,425.4088397790055,2015.483870967742,2479.5911602209944,2291.6666666666665,779.1234390860876,2905.4323523043713,2478.8079653633945
6,0,1998,352590.0,479665000,0.42110762800417967,1.270453082399273,1360.4044357469015,1817.2122905027934,726.1538461538462,-457.2122905027934,772.3333333333334,698.5530282901458,1360.4044357469015,-455.52072979238994
0,1,2005,6863.0,13131100,0.6751313485113835,-0.7564630190491911,1913.317791053475,425.4088397790055,2015.483870967742,1487.5911602209944,1444.0,411.73656626537155,1913.317791053475,1487.5098285504566
4,0,2019,58318.95,0,-1.0,-1.0,0.0,462.8839779005525,726.1538461538462,-462.8839779005525,1168.3333333333333,1029.3990156073262,0.0,-464.8839779005525
4,4,2014,3050.36,7228069,0.2769396551724137,-0.9670562975836942,2369.579000511415,462.8839779005525,1501.899613899614,1907.1160220994475,2076.3333333333335,264.73068075561076,2369.579000511415,1906.4259054570362
7,1,2009,280446.0,528670080,-0.2197847682119205,5.835939203687101,1885.1047260435164,1491.7666666666667,2015.483870967742,393.23333333333335,1982.0,394.5465751974029,1885.1047260435164,398.8494877688085
7,1,2008,248881.66,439811852,-0.12133267031327699,6.043982898221354,1767.15251738517,1491.7666666666667,2015.483870967742,275.23333333333335,1554.0,592.9241098150748,1767.15251738517,281.15598356124144
3,2,2020,58318.95,0,0.0,0.0,0.0,361.5824175824176,702.5423076923076,-361.5824175824176,0.0,0.0,0.0,-361.5824175824176
3,4,2013,9429.03,15412641,0.30800000000000005,0.79417285924687,1634.5945447198703,361.5824175824176,1501.899613899614,1273.4175824175825,1711.0,503.3219645515159,1634.5945447198703,1274.5197552768293
5,6,2022,246.0,376766,0.0,0.0,1531.5691056910568,536.2277777777778,929.4653846153847,991.7722222222222,1465.0,1434.5379046926598,1531.5691056910568,-361.5824175824176
0,1,2018,4308.23,13800912,0.251660805001954,-0.9132324391783089,3203.3832919783767,425.4088397790055,2015.483870967742,2777.5911602209944,2614.0,563.5166368440233,3203.3832919783767,2776.929588586818
6,3,2010,14147.33,19355740,-0.032531824611032545,0.5654982077328206,1368.1549804804158,1817.2122905027934,382.8538461538462,-449.2122905027934,927.3333333333334,803.4235080786057,1368.1549804804158,-448.6793241196716
7,5,2009,194962.3,210060030,0.07699999999999996,11.903245879036417,1077.4392279943354,1491.7666666666667,598.7192307692308,-414.76666666666665,692.3333333333334,600.8130602220074,1077.4392279943354,-402.7864207876302
3,4,2017,10507.78,20889029,0.08931506849315074,0.6003570900493613,1987.9583508600292,361.5824175824176,1501.899613899614,1626.4175824175825,1993.3333333333333,171.0623667944782,1987.9583508600292,1627.107254576125
7,5,2006,193193.16,145474277,-0.061097256857855387,9.896202769622906,752.9991072147689,1491.7666666666667,598.7192307692308,-738.7666666666667,518.3333333333334,449.55793100926775,752.9991072147689,-728.9315611539016
0,3,2010,58318.95,0,0.0,0.0,0.0,425.4088397790055,382.8538461538462,-425.4088397790055,0.0,0.0,0.0,-425.4088397790055
8,2,2006,58318.95,0,-1.0,-1.0,0.0,549.7857142857143,702.5423076923076,-549.7857142857143,829.3333333333334,728.5117249113654,0.0,-551.7857142857143
8,4,2018,41271.04,95083254,-0.1858657243816254,-0.9543103291948541,2303.873466721459,549.7857142857143,1501.899613899614,1754.2142857142858,2594.3333333333335,267.2271193822386,2303.873466721459,1753.0741096607094
1,6,2000,314190.0,327110000,0.0,0.0,1041.1216143098125,1625.4222222222222,929.4653846153847,-584.4222222222222,687.3333333333334,595.3321201928662,1041.1216143098125,-361.5824175824176
8,1,2004,22046.0,11614500,-0.7328940699442473,-0.9925142990133595,526.8302639934682,549.7857142857143,2015.483870967742,-22.785714285714334,1433.0,789.4276407625963,526.8302639934682,-24.51112265467194
4,1,2001,8790.0,24420000,0.6535714285714285,-0.9578437837707199,2778.156996587031,462.8839779005525,2015.483870967742,2315.1160220994475,2078.0,608.115120680287,2778.156996587031,2314.811749744248
2,2,2002,17279.16,19878643,0.0,0.0,1150.4403570543939,1148.8333333333333,702.5423076923076,1.1666666666667425,752.6666666666666,652.1666453701336,1150.4403570543939,-361.5824175824176
3,3,2010,58318.95,0,0.0,0.0,0.0,361.5824175824176,382.8538461538462,-361.5824175824176,0.0,0.0,0.0,-361.5824175824176
5,2,1999,58318.95,0,0.0,0.0,0.0,536.2277777777778,702.5423076923076,-536.2277777777778,0.0,0.0,0.0,-536.2277777777778
7,0,2022,70837.95,166442165,0.0,0.0,2349.6186013288075,1491.7666666666667,726.1538461538462,858.2333333333333,783.3333333333334,1356.7731325956204,2349.6186013288075,-361.5824175824176
4,3,2009,58318.95,0,-1.0,-1.0,0.0,462.8839779005525,382.8538461538462,-462.8839779005525,287.3333333333333,497.67593204145794,0.0,-464.8839779005525
0,5,2022,1453.0,0,0.0,0.0,0.0,425.4088397790055,598.7192307692308,-425.4088397790055,0.0,0.0,0.0,-425.4088397790055
9,6,1999,54940.0,57752000,0.0,0.0,1051.1831088460137,1323.2252747252746,929.4653846153847,-272.22527472527463,583.6666666666666,535.0704003524523,1051.1831088460137,-361.5824175824176
7,4,2006,103150.03,102768411,-0.2713972201901975,0.4211080945381023,996.3003500823024,1491.7666666666667,1501.899613899614,-495.76666666666665,984.6666666666666,388.1241210403357,996.3003500823024,-495.6169557923187
9,2,1997,55430.0,54309000,0.0,0.0,979.7762944254014,1323.2252747252746,702.5423076923076,-343.22527472527463,326.6666666666667,565.8032638058331,979.7762944254014,-361.5824175824176
0,2,2006,58318.95,0,-1.0,-1.0,0.0,425.4088397790055,702.5423076923076,-425.4088397790055,381.6666666666667,661.0660582221212,0.0,-427.4088397790055
8,2,2015,58318.95,0,-1.0,-1.0,0.0,549.7857142857143,702.5423076923076,-549.7857142857143,1331.6666666666667,1153.4393496553396,0.0,-551.7857142857143
4,6,2013,58318.95,0,-1.0,-1.0,0.0,462.8839779005525,929.4653846153847,-462.8839779005525,1283.0,1141.2392387225402,0.0,-464.8839779005525
2,3,2007,58318.95,0,0.0,0.0,0.0,1148.8333333333333,382.8538461538462,-1148.8333333333333,385.6666666666667,667.9942614523972,0.0,-1148.8333333333333
9,6,2007,100140.38,148062729,0.0,0.0,1478.5516991247687,1323.2252747252746,929.4653846153847,155.77472527472537,783.3333333333334,743.3870683118812,1478.5516991247687,-361.5824175824176
4,3,1998,58318.95,0,0.0,0.0,0.0,462.8839779005525,382.8538461538462,-462.8839779005525,0.0,0.0,0.0,-462.8839779005525
6,6,2000,565920.0,733140000,0.24399615754082604,1.2412644064687721,1295.4834605597964,1817.2122905027934,929.4653846153847,-522.2122905027934,778.6666666666666,686.1999222772715,1295.4834605597964,-520.7270299387837
6,1,2010,1000055.87,2325533029,0.031957390146471365,1.9030356569643474,2325.403108728315,1817.2122905027934,2015.483870967742,507.7877094972066,2754.6666666666665,807.3613400041722,2325.403108728315,509.7227025443174
7,2,2002,4527.18,5151849,-0.01043478260869568,-0.7408349755061248,1137.9819225213046,1491.7666666666667,702.5423076923076,-353.76666666666665,762.6666666666666,660.5159599383906,1137.9819225213046,-354.51793642478145
9,3,2008,58318.95,0,0.0,0.0,0.0,1323.2252747252746,382.8538461538462,-1323.2252747252746,0.0,0.0,0.0,-1323.2252747252746
6,2,2004,71966.0,67366900,-0.056451612903225756,-0.5669981765137282,936.0934330100325,1817.2122905027934,702.5423076923076,-881.2122905027934,642.6666666666666,557.2695338284099,936.0934330100325,-881.8357402922104
0,0,2001,58318.95,0,-1.0,-1.0,0.0,425.4088397790055,726.1538461538462,-425.4088397790055,292.0,505.75883581011226,0.0,-427.4088397790055
2,5,2018,24529.72,32869677,0.0,0.0,1339.9939746560499,1148.8333333333333,598.7192307692308,191.16666666666674,1042.6666666666667,930.3447389722444,1339.9939746560499,-361.5824175824176
5,2,1998,58318.95,0,0.0,0.0,0.0,536.2277777777778,702.5423076923076,-536.2277777777778,229.33333333333334,397.2169852024622,0.0,-536.2277777777778
0,3,2017,58318.95,0,0.0,0.0,0.0,425.4088397790055,382.8538461538462,-425.4088397790055,0.0,0.0,0.0,-425.4088397790055
5,2,2004,58318.95,0,0.0,0.0,0.0,536.2277777777778,702.5423076923076,-536.2277777777778,507.6666666666667,879.3044599757999,0.0,-536.2277777777778
2,5,2007,15719.53,14346476,0.0,0.0,912.6529864442512,1148.8333333333333,598.7192307692308,-235.83333333333326,653.3333333333334,569.7563806868103,912.6529864442512,-361.5824175824176
1,5,1998,744400.0,518998000,0.47669491525423724,235.01546157344248,697.2031166039764,1625.4222222222222,598.7192307692308,-928.4222222222222,585.0,112.50333328395267,697.2031166039764,-692.9300657335255
5,6,2019,38.07,51437,0.0,0.0,1351.116364591542,536.2277777777778,929.4653846153847,814.7722222222222,1336.3333333333333,1329.0606958801156,1351.116364591542,-361.5824175824176
1,1,2017,519495.71,1962937196,0.3012048192771084,143.83042831926105,3778.543611072361,1625.4222222222222,2015.483870967742,2154.5777777777776,3080.0,630.9714732061964,3778.543611072361,2298.709410916316
4,6,2001,58318.95,0,-1.0,-1.0,0.0,462.8839779005525,929.4653846153847,-462.8839779005525,567.3333333333334,982.6501581607431,0.0,-464.8839779005525
6,2,2019,82044.16,201074320,0.06565217391304357,-0.6479144075708203,2450.8060049612304,1817.2122905027934,702.5423076923076,633.7877094972066,1583.6666666666667,1373.5721070745915,2450.8060049612304,633.2054472635489
3,1,2004,184.0,234900,-0.01920122887864828,-0.8051107608064383,1276.6304347826087,361.5824175824176,2015.483870967742,915.4175824175825,859.6666666666666,744.5981018867367,1276.6304347826087,914.5932704278974
3,4,2012,9389.52,13811632,-0.23703319502074693,-0.06999228474346741,1470.962519915821,361.5824175824176,1501.899613899614,1109.4175824175825,1684.0,230.07172794586788,1470.962519915821,1109.1105569378183
5,1,2013,1242.35,2741443,-0.06522659889877169,-0.7710214451666186,2206.6591540226186,536.2277777777778,2015.483870967742,1670.7722222222224,2475.0,339.6645403924277,2206.6591540226186,1669.935974178157
2,3,2001,58318.95,0,0.0,0.0,0.0,1148.8333333333333,382.8538461538462,-1148.8333333333333,442.0,765.5664569454437,0.0,-1148.8333333333333
9,6,2011,100175.69,192507914,0.0,0.0,1921.702900174683,1323.2252747252746,929.4653846153847,598.7747252747254,1241.3333333333333,1076.699277111922,1921.702900174683,-361.5824175824176
6,0,1999,383450.0,385697000,0.30479896238651105,0.9049023094095103,1005.8599556656669,1817.2122905027934,726.1538461538462,-811.2122905027934,592.3333333333334,526.260708521293,1005.8599556656669,-810.0025892309974
6,2,2017,89584.8,203588144,0.00619743249225313,-0.6347088179201104,2272.574633196703,1817.2122905027934,702.5423076923076,455.7877094972066,1510.6666666666667,1308.2944367891093,2272.574633196703,455.1591981117787
9,1,2013,69026.2,161159543,0.3670960187353629,429.75698886219,2334.7590190391475,1323.2252747252746,2015.483870967742,1011.7747252747254,2207.6666666666665,449.72917776516687,2334.7590190391475,1441.8988101556506
2,5,2010,18632.31,18256459,0.0,0.0,979.8279977093554,1148.8333333333333,598.7192307692308,-168.83333333333326,731.6666666666666,644.4442049807986,979.8279977093554,-361.5824175824176
2,2,2014,31800.01,43700817,0.0,0.0,1374.2390961512276,1148.8333333333333,702.5423076923076,225.16666666666674,1067.6666666666667,952.2028845436944,1374.2390961512276,-361.5824175824176
4,3,2015,58318.95,0,-1.0,-1.0,0.0,462.8839779005525,382.8538461538462,-462.8839779005525,459.0,795.0113206741157,0.0,-464.8839779005525
7,6,2011,131162.87,244601954,0.6816952209197475,80.96663187189716,1864.8719260260164,1491.7666666666667,929.4653846153847,373.23333333333335,1562.6666666666667,400.07540955841836,1864.8719260260164,454.88166042615023
6,0,2009,451955.5,724293850,0.1466380543633763,0.4898573443823282,1602.577798035426,1817.2122905027934,726.1538461538462,-214.2122905027934,1000.3333333333334,872.3567695234174,1602.577798035426,-213.5757951040477
4,0,2004,58318.95,0,-1.0,-1.0,0.0,462.8839779005525,726.1538461538462,-462.8839779005525,368.6666666666667,638.5493977237256,0.0,-464.8839779005525
7,2,2021,9362.3,22601497,0.08202599731062299,-0.5698036435979317,2414.096642918941,1491.7666666666667,702.5423076923076,922.2333333333333,1548.3333333333333,1344.0142608370395,2414.096642918941,921.745555687046
0,4,2002,1404.78,1094059,-0.5379596678529063,-0.9943121218772308,778.8116288671536,425.4088397790055,1501.899613899614,353.5911602209945,1125.0,490.2356576178437,778.8116288671536,352.05888843126434
1,3,2016,2872.6,3780234,0.0,0.0,1315.9625426442944,1625.4222222222222,382.8538461538462,-309.4222222222222,438.6666666666667,759.7929542535487,1315.9625426442944,-361.5824175824176
2,5,2002,10736.57,7592932,0.0,0.0,707.2027658740175,1148.8333333333333,598.7192307692308,-441.83333333333326,547.6666666666666,487.91836748920775,707.2027658740175,-361.5824175824176
0,5,2015,58318.95,0,-1.0,-1.0,0.0,425.4088397790055,598.7192307692308,-425.4088397790055,475.3333333333333,823.3014838644069,0.0,-427.4088397790055
3,0,2009,58318.95,0,0.0,0.0,0.0,361.5824175824176,726.1538461538462,-361.5824175824176,0.0,0.0,0.0,-361.5824175824176
6,5,1998,729530.0,607224000,0.19368723098995688,0.1699929479497031,832.3495949446905,1817.2122905027934,598.7192307692308,-985.2122905027934,667.0,181.86533479473258,832.3495949446905,-984.8486103238538
3,0,2001,58318.95,0,-1.0,-1.0,0.0,361.5824175824176,726.1538461538462,-361.5824175824176,316.6666666666667,548.4827557301445,0.0,-363.5824175824176
9,6,2009,101092.5,138719280,0.0,0.0,1372.2014986274946,1323.2252747252746,929.4653846153847,48.77472527472537,787.6666666666666,708.2403076169367,1372.2014986274946,-361.5824175824176
6,1,2008,5845.44,9917832,-0.2679033649698016,-0.9892341569474485,1696.6784365248811,1817.2122905027934,2015.483870967742,-120.2122905027934,2297.3333333333335,590.2714065015633,1696.6784365248811,-121.46942802471064
7,3,2005,506.0,486200,0.0,0.0,960.8695652173913,1491.7666666666667,382.8538461538462,-529.7666666666667,587.0,514.8485214118809,960.8695652173913,-361.5824175824176
3,1,2014,316.0,591969,-0.14979573309123917,-0.808276042545515,1873.3196202531647,361.5824175824176,2015.483870967742,1511.4175824175825,2080.6666666666665,180.79362083141427,1873.3196202531647,1510.4595106419458
8,2,2008,58318.95,0,0.0,0.0,0.0,549.7857142857143,702.5423076923076,-549.7857142857143,451.3333333333333,781.7322644827528,0.0,-549.7857142857143
9,4,1997,141190.0,234032000,1.7404958677685949,53.06144606144606,1657.5678164175933,1323.2252747252746,1501.899613899614,334.77472527472537,1341.0,639.4317790038278,1657.5678164175933,389.57666720394
9,6,2020,121471.1,259339841,0.0,0.0,2134.9921174666238,1323.2252747252746,929.4653846153847,811.7747252747254,1162.0,1079.9754626842239,2134.9921174666238,-361.5824175824176
0,0,2015,58318.95,0,-1.0,-1.0,0.0,425.4088397790055,726.1538461538462,-425.4088397790055,570.6666666666666,988.4236608526393,0.0,-427.4088397790055
2,1,2013,49476.37,145454488,-0.07981220657277,0.5805230112540523,2939.8779255632535,1148.8333333333333,2015.483870967742,1791.1666666666667,3117.6666666666665,154.2930112912809,2939.8779255632535,1791.6673774713481
7,0,1997,48550.0,57469000,0.0,0.0,1183.707518022657,1491.7666666666667,726.1538461538462,-307.76666666666665,598.0,592.0912091899355,1183.707518022657,-361.5824175824176
2,2,2019,21311.26,42655487,0.0,0.0,2001.5469287128026,1148.8333333333333,702.5423076923076,853.1666666666667,1484.3333333333333,1304.9269455924853,2001.5469287128026,-361.5824175824176
4,5,2022,58318.95,0,-1.0,-1.0,0.0,462.8839779005525,598.7192307692308,-462.8839779005525,1024.3333333333333,887.2712850832793,0.0,-464.8839779005525
2,0,2007,822.62,970893,3.125874125874126,0.021972192135104596,1180.2448275023705,1148.8333333333333,726.1538461538462,31.166666666666742,949.3333333333334,583.2746637162744,1180.2448275023705,34.31451298467597
2,5,2000,23810.0,14522000,0.0,0.0,609.9118017639647,1148.8333333333333,598.7192307692308,-538.8333333333333,480.6666666666667,430.81473202913304,609.9118017639647,-361.5824175824176
6,6,2018,898682.57,2669917773,0.1729174891433083,0.9006930689222976,2970.9241751511886,1817.2122905027934,929.4653846153847,1153.7877094972066,1834.6666666666667,1603.8897509908027,2970.9241751511886,1154.8613200552722
5,4,2013,6871.85,8590388,-0.44395017793594305,0.043505534338163176,1250.0837474624736,536.2277777777778,1501.899613899614,713.7722222222222,1735.0,499.58883094000146,1250.0837474624736,713.3717775786245
5,5,2001,58318.95,0,0.0,0.0,0.0,536.2277777777778,598.7192307692308,-536.2277777777778,230.66666666666666,399.52638627922164,0.0,-536.2277777777778
6,6,2017,898455.57,2664024446,0.2457983193277311,1.0196246123458432,2965.115399084231,1817.2122905027934,929.4653846153847,1147.7877094972066,1781.6666666666667,1570.4484497535532,2965.115399084231,1149.0531324288802
4,5,2001,58318.95,0,-1.0,-1.0,0.0,462.8839779005525,598.7192307692308,-462.8839779005525,423.0,370.813969531894,0.0,-464.8839779005525
8,4,2004,31008.0,27036800,-0.42251655629139073,-0.9642666541197468,871.9298245614035,549.7857142857143,1501.899613899614,322.21428571428567,1234.0,327.5789981057997,871.9298245614035,320.82750250387454
4,2,1998,58318.95,0,-1.0,-1.0,0.0,462.8839779005525,702.5423076923076,-462.8839779005525,229.33333333333334,397.2169852024622,0.0,-464.8839779005525
9,6,2010,113595.76,177164359,0.0,0.0,1559.6036242902026,1323.2252747252746,929.4653846153847,236.77472527472537,520.0,900.6664199358158,1559.6036242902026,-361.5824175824176
0,0,2012,58318.95,0,-1.0,-1.0,0.0,425.4088397790055,726.1538461538462,-425.4088397790055,549.6666666666666,952.050593893693,0.0,-427.4088397790055
3,4,2014,10001.74,18144939,0.24161533196440788,0.8656695899872688,1814.1782329874602,361.5824175824176,1501.899613899614,1452.4175824175825,1881.6666666666667,458.26229752547766,1814.1782329874602,1453.5248673395342
8,1,2014,30095.76,83716824,-0.16179572160289246,-0.9767156329023884,2781.6816721026485,549.7857142857143,2015.483870967742,2232.214285714286,3157.3333333333335,326.086389371484,2781.6816721026485,2231.0757743597806
9,0,2011,90648.61,163385776,0.0,0.0,1802.4079574965353,1323.2252747252746,726.1538461538462,478.77472527472537,600.6666666666666,1040.3851850797057,1802.4079574965353,-361.5824175824176
7,1,2015,310243.28,999868525,-0.06768874746890363,5.388565725168771,3222.85312674621,1491.7666666666667,2015.483870967742,1731.2333333333333,3216.0,244.57514182761446,3222.85312674621,1736.5542103110333
4,2,2006,58318.95,0,-1.0,-1.0,0.0,462.8839779005525,702.5423076923076,-462.8839779005525,730.3333333333334,650.3786076842725,0.0,-464.8839779005525
4,6,2010,58318.95,0,-1.0,-1.0,0.0,462.8839779005525,929.4653846153847,-462.8839779005525,661.6666666666666,1146.0402843414072,0.0,-464.8839779005525
1,1,2011,472260.11,1214805420,0.0,0.0,2572.3227396868224,1625.4222222222222,2015.483870967742,946.5777777777778,1652.0,1433.7586965734504,2572.3227396868224,-361.5824175824176
4,1,2002,5110.06,10986748,0.2587822014051522,-0.966405257678501,2150.0232873977993,462.8839779005525,2015.483870967742,1687.1160220994475,1957.3333333333333,226.38315602829908,2150.0232873977993,1686.408399043174
1,0,2008,330278.78,429937725,0.0,0.0,1301.7418951347706,1625.4222222222222,726.1538461538462,-323.4222222222222,888.3333333333334,769.9235892822956,1301.7418951347706,-361.5824175824176
9,3,2015,58318.95,0,0.0,0.0,0.0,1323.2252747252746,382.8538461538462,-1323.2252747252746,0.0,0.0,0.0,-1323.2252747252746
8,0,2011,58318.95,0,-1.0,-1.0,0.0,549.7857142857143,726.1538461538462,-549.7857142857143,1027.0,918.2913481025504,0.0,-551.7857142857143
8,3,2016,58318.95,0,-1.0,-1.0,0.0,549.7857142857143,382.8538461538462,-549.7857142857143,1077.0,979.6157409923546,0.0,-551.7857142857143
8,2,2002,58318.95,0,-1.0,-1.0,0.0,549.7857142857143,702.5423076923076,-549.7857142857143,729.0,631.4990102921779,0.0,-551.7857142857143
0,3,1997,58318.95,0,0.0,0.0,0.0,425.4088397790055,382.8538461538462,-425.4088397790055,0.0,0.0,0.0,-425.4088397790055
5,2,2019,58318.95,0,0.0,0.0,0.0,536.2277777777778,702.5423076923076,-536.2277777777778,530.3333333333334,918.5642782806934,0.0,-536.2277777777778
8,1,2017,24767.08,51594344,-0.4544264012572027,-0.9881721234497712,2083.182353349688,549.7857142857143,2015.483870967742,1533.2142857142858,3227.0,990.9152335089,2083.182353349688,1531.7716871895789
0,2,2010,58318.95,0,-1.0,-1.0,0.0,425.4088397790055,702.5423076923076,-425.4088397790055,382.6666666666667,662.7981090296894,0.0,-427.4088397790055
6,0,2011,513707.03,908545120,0.3483231707317074,1.1092581190808444,1768.6055804998423,1817.2122905027934,726.1538461538462,-48.212290502793394,1027.0,918.2913481025504,1768.6055804998423,-46.75470921298084
7,0,2014,76763.65,132356026,0.3660855784469097,158.7835035118175,1724.2018325079646,1491.7666666666667,726.1538461538462,232.23333333333335,995.3333333333334,892.399760944238,1724.2018325079646,391.38292242359773
5,4,2010,6122.81,6776006,-0.44006069802731407,-0.26808066530285246,1106.682389295111,536.2277777777778,1501.899613899614,570.7722222222222,1692.3333333333333,506.9766595547875,1106.682389295111,570.0640808588921
2,6,2006,2047.65,2893619,1.8954918032786887,-0.38650502245890805,1413.1414060020022,1148.8333333333333,929.4653846153847,264.16666666666674,1171.6666666666667,600.5416999121162,1413.1414060020022,265.6756534474865
8,1,2013,28808.44,92029339,-0.007147296457426955,-0.974371124378563,3194.5269858416495,549.7857142857143,2015.483870967742,2645.214285714286,3106.3333333333335,173.87447579599294,3194.5269858416495,2644.23276729345
9,2,2013,78663.67,139174988,0.0,0.0,1769.2409723573792,1323.2252747252746,702.5423076923076,445.77472527472537,589.6666666666666,1021.3326261964474,1769.2409723573792,-361.5824175824176
6,2,2016,88929.61,183257842,-0.03916083916083912,2.376455074709969,2060.706687007848,1817.2122905027934,702.5423076923076,243.7877094972066,1402.0,1214.8938225211284,2060.706687007848,246.12500373275574
6,4,2010,754878.14,1465676728,0.19214241866175574,0.8500271361396592,1941.6070625650916,1817.2122905027934,1501.899613899614,124.7877094972066,1642.0,293.7158490786591,1941.6070625650916,125.82987905200802
3,3,2009,58318.95,0,0.0,0.0,0.0,361.5824175824176,382.8538461538462,-361.5824175824176,0.0,0.0,0.0,-361.5824175824176
9,2,2002,54693.25,58577450,0.0,0.0,1071.0179044031943,1323.2252747252746,702.5423076923076,-252.22527472527463,357.0,618.3421383020893,1071.0179044031943,-361.5824175824176
5,4,2019,7991.36,14059021,-0.19311926605504592,0.9199981044502537,1759.277644856445,536.2277777777778,1501.899613899614,1222.7722222222224,2182.6666666666665,425.0062744634828,1759.277644856445,1223.4991010606175
8,0,2013,58318.95,0,-1.0,-1.0,0.0,549.7857142857143,726.1538461538462,-549.7857142857143,1174.0,1044.6564028425803,0.0,-551.7857142857143
0,4,2008,58318.95,2068315,-1.0,-0.9923655027213188,35.46557336851915,425.4088397790055,1501.899613899614,-425.4088397790055,943.0,835.097000353851,35.46557336851915,-427.40120528172685
2,1,2006,31720.76,62662819,2.30820770519263,3.5672968125405067,1975.4513763226355,1148.8333333333333,2015.483870967742,826.1666666666667,1646.6666666666667,930.0335119410119,1975.4513763226355,832.0421711843999
6,3,2006,34794.57,31798337,0.024663677130044803,3.2960711185568226,913.887914119933,1817.2122905027934,382.8538461538462,-903.2122905027934,602.0,521.4633256519581,913.887914119933,-899.8915557071065
0,5,2021,58318.95,0,-1.0,-1.0,0.0,425.4088397790055,598.7192307692308,-425.4088397790055,551.6666666666666,955.514695508831,0.0,-427.4088397790055
2,4,2001,61070.0,75467000,0.42396313364055294,2.545881689611427,1235.7458654003603,1148.8333333333333,1501.899613899614,87.16666666666674,1137.3333333333333,236.0112991645379,1235.7458654003603,90.13651148991872
8,5,2014,58318.95,0,-1.0,-1.0,0.0,549.7857142857143,598.7192307692308,-549.7857142857143,1000.0,866.0398374208892,0.0,-551.7857142857143
0,5,2013,58318.95,0,-1.0,-1.0,0.0,425.4088397790055,598.7192307692308,-425.4088397790055,437.3333333333333,757.4835531767895,0.0,-427.4088397790055
5,5,2018,58318.95,0,0.0,0.0,0.0,536.2277777777778,598.7192307692308,-536.2277777777778,497.6666666666667,861.983951900112,0.0,-536.2277777777778
4,1,2005,58318.95,0,-1.0,-1.0,0.0,462.8839779005525,2015.483870967742,-462.8839779005525,1115.3333333333333,977.793604669887,0.0,-464.8839779005525
7,2,1999,58318.95,1645000,0.0,-0.9435057352840167,28.2069550291972,1491.7666666666667,702.5423076923076,-1491.7666666666667,0.0,0.0,28.2069550291972,-1492.7101724019506
7,6,2001,105790.0,180038000,0.0,0.0,1701.84327441157,1491.7666666666667,929.4653846153847,210.23333333333335,757.3333333333334,866.326343437237,1701.84327441157,-361.5824175824176
6,0,2014,471134.15,1023909187,0.3770595690747782,0.7390747177941781,2173.2858613624167,1817.2122905027934,726.1538461538462,355.7877094972066,1250.3333333333333,1122.9453830589148,2173.2858613624167,356.90384378407555
4,5,2005,58318.95,0,-1.0,-1.0,0.0,462.8839779005525,598.7192307692308,-462.8839779005525,563.3333333333334,492.7162807674752,0.0,-464.8839779005525
5,2,2018,58318.95,0,0.0,0.0,0.0,536.2277777777778,702.5423076923076,-536.2277777777778,535.3333333333334,927.2245323185379,0.0,-536.2277777777778
7,2,1996,3510.0,0,-1.0,-1.0,0.0,1491.7666666666667,702.5423076923076,-1491.7666666666667,367.0,635.6626463777778,0.0,-1493.7666666666667
7,5,2004,182723.0,119526900,-0.10655737704918034,12.674125682122387,654.1426093047946,1491.7666666666667,598.7192307692308,-837.7666666666667,462.0,402.0000000000003,654.1426093047946,-825.1990983615934
8,5,1997,58318.95,0,-1.0,-1.0,0.0,549.7857142857143,598.7192307692308,-549.7857142857143,612.3333333333334,536.5224443891731,0.0,-551.7857142857143
8,3,2019,58318.95,0,-1.0,-1.0,0.0,549.7857142857143,382.8538461538462,-549.7857142857143,1226.6666666666667,1121.9867794824204,0.0,-551.7857142857143
4,1,1998,9000.0,21642000,0.22579001019367984,-0.9333349761888626,2404.6666666666665,462.8839779005525,2015.483870967742,1942.1160220994475,2054.3333333333335,314.8242896177688,2404.6666666666665,1941.4084771334524
3,3,2020,58318.95,0,0.0,0.0,0.0,361.5824175824176,382.8538461538462,-361.5824175824176,0.0,0.0,0.0,-361.5824175824176
7,0,2002,68463.31,75973303,0.11334002006018062,71.74223826092619,1109.6936884880383,1491.7666666666667,726.1538461538462,-381.76666666666665,997.6666666666666,112.0014880853511,1109.6936884880383,-309.9110883856803
3,3,2021,58318.95,0,0.0,0.0,0.0,361.5824175824176,382.8538461538462,-361.5824175824176,0.0,0.0,0.0,-361.5824175824176
5,4,1997,3580.0,3445000,-0.5247035573122529,-0.18960244648318048,962.2905027932961,536.2277777777778,1501.899613899614,425.77222222222224,1387.3333333333333,561.655885158638,962.2905027932961,425.0579162184268
9,2,2021,9199.73,215725616,0.0,0.0,23449.124702572793,1323.2252747252746,702.5423076923076,1068.7747252747254,797.3333333333334,1381.0218439015848,23449.124702572793,-361.5824175824176
7,6,2013,138351.34,302233680,0.31310096153846145,101.58925152814474,2184.537424791115,1491.7666666666667,929.4653846153847,693.2333333333333,2028.3333333333333,316.55068051314896,2184.537424791115,795.1356858230165
9,3,1996,35781.0,0,0.0,0.0,0.0,1323.2252747252746,382.8538461538462,-1323.2252747252746,0.0,0.0,0.0,-1323.2252747252746
5,2,2001,58318.95,0,0.0,0.0,0.0,536.2277777777778,702.5423076923076,-536.2277777777778,161.66666666666666,280.0148805569689,0.0,-536.2277777777778
2,5,2001,16950.0,9777000,0.0,0.0,576.8141592920354,1148.8333333333333,598.7192307692308,-571.8333333333333,466.0,421.60526562176665,576.8141592920354,-361.5824175824176
4,3,2021,58318.95,0,-1.0,-1.0,0.0,462.8839779005525,382.8538461538462,-462.8839779005525,541.3333333333334,937.6168371639527,0.0,-464.8839779005525
3,1,2007,335.48,374977,-0.3094502779493514,-0.8305341124120362,1117.7328007630856,361.5824175824176,2015.483870967742,756.4175824175825,1629.0,516.0726693015229,1117.7328007630856,755.2775980272211
7,4,1996,140370.0,167762000,0.07754733994589724,3.314422384528341,1195.1414119826175,1491.7666666666667,1501.899613899614,-296.76666666666665,954.6666666666666,344.4856068594642,1195.1414119826175,-293.37469694219243
5,6,2012,71.79,83108,0.0,0.0,1157.6542693968518,536.2277777777778,929.4653846153847,621.7722222222222,1072.6666666666667,1032.6477295444636,1157.6542693968518,-361.5824175824176
4,6,2016,58318.95,0,-1.0,-1.0,0.0,462.8839779005525,929.4653846153847,-462.8839779005525,1597.0,1387.610536137574,0.0,-464.8839779005525
6,4,1997,426420.0,734956000,0.345823575331772,-0.08373310726574579,1723.549552084799,1817.2122905027934,1501.899613899614,-93.2122905027934,1001.6666666666666,895.3012528380228,1723.549552084799,-92.95020003472737
9,5,2000,126440.0,115440000,0.0,0.0,913.0022144890858,1323.2252747252746,598.7192307692308,-410.22527472527463,304.3333333333333,527.1207957701288,913.0022144890858,-361.5824175824176
4,3,1996,58318.95,0,0.0,0.0,0.0,462.8839779005525,382.8538461538462,-462.8839779005525,0.0,0.0,0.0,-462.8839779005525
9,5,2002,124698.64,102850035,0.0,0.0,824.7887466936287,1323.2252747252746,598.7192307692308,-498.22527472527463,275.0,476.31397208144176,824.7887466936287,-361.5824175824176
1,5,2008,1047084.74,1268568413,0.0,0.0,1211.524115039629,1625.4222222222222,598.7192307692308,-413.4222222222222,829.6666666666666,719.247060010212,1211.524115039629,-361.5824175824176
5,3,2020,58318.95,0,0.0,0.0,0.0,536.2277777777778,382.8538461538462,-536.2277777777778,0.0,0.0,0.0,-536.2277777777778
8,1,2012,28934.09,75840758,-0.17056962025316458,-0.9782248202760981,2621.1558061788014,549.7857142857143,2015.483870967742,2071.214285714286,2829.0,289.787853437646,2621.1558061788014,2070.0654912737564
4,2,2008,58318.95,0,-1.0,-1.0,0.0,462.8839779005525,702.5423076923076,-462.8839779005525,843.0,744.0288972882703,0.0,-464.8839779005525
1,3,2013,3476.78,4294195,0.0,0.0,1235.1069092666203,1625.4222222222222,382.8538461538462,-390.4222222222222,411.6666666666667,713.0275824491882,1235.1069092666203,-361.5824175824176
2,0,2013,723.21,787764,0.0,0.0,1089.2603808022566,1148.8333333333333,726.1538461538462,-59.83333333333326,1030.0,1001.8038730210618,1089.2603808022566,-361.5824175824176
7,1,2012,306431.17,844723248,-0.10399740006499836,4.899439649670507,2756.6492272962964,1491.7666666666667,2015.483870967742,1265.2333333333333,2818.3333333333335,234.10538937267543,2756.6492272962964,1270.0287755829388
6,0,2013,448545.32,897741759,0.31558185404339256,0.5203005397322216,2001.4516236620193,1817.2122905027934,726.1538461538462,183.7877094972066,1174.0,1044.6564028425803,2001.4516236620193,184.62359189098223
1,5,1997,903190.0,75076000,0.0,0.0,83.1231523821123,1625.4222222222222,598.7192307692308,-788.4222222222222,539.3333333333334,467.91487829874933,83.1231523821123,-361.5824175824176
6,4,2019,718966.58,2053163606,0.0777358490566038,0.20485020283518596,2855.7149429671686,1817.2122905027934,1501.899613899614,1038.7877094972066,1835.3333333333333,1592.7791225820765,2855.7149429671686,1039.0702955490983
5,1,2004,925.0,1205300,0.0,0.0,1303.027027027027,536.2277777777778,2015.483870967742,765.7722222222222,1027.3333333333333,921.2390207396403,1303.027027027027,-361.5824175824176
5,0,1999,20.0,0,0.0,0.0,0.0,536.2277777777778,726.1538461538462,-536.2277777777778,307.6666666666667,532.8942984620247,0.0,-536.2277777777778
6,5,2018,1443847.96,2581457748,-0.0022321428571429047,0.265762797079544,1787.9013715543845,1817.2122905027934,598.7192307692308,-29.212290502793394,1193.3333333333333,1033.458917099917,1787.9013715543845,-28.948759848570994
5,3,2001,58318.95,0,0.0,0.0,0.0,536.2277777777778,382.8538461538462,-536.2277777777778,163.0,282.3242816337273,0.0,-536.2277777777778
0,1,1997,1470.0,1360000,-0.5335350479072113,-0.9835659476768775,925.1700680272108,425.4088397790055,2015.483870967742,499.5911602209945,969.3333333333334,992.2430817765039,925.1700680272108,498.0740592254104
1,2,2015,242894.75,490200198,0.0,0.0,2018.1588856902013,1625.4222222222222,702.5423076923076,392.5777777777778,1424.6666666666667,1239.5230265442156,2018.1588856902013,-361.5824175824176
8,5,2013,58318.95,0,-1.0,-1.0,0.0,549.7857142857143,598.7192307692308,-549.7857142857143,932.6666666666666,807.7185978627294,0.0,-551.7857142857143
9,3,2009,58318.95,0,0.0,0.0,0.0,1323.2252747252746,382.8538461538462,-1323.2252747252746,0.0,0.0,0.0,-1323.2252747252746
4,2,2007,58318.95,0,-1.0,-1.0,0.0,462.8839779005525,702.5423076923076,-462.8839779005525,927.3333333333334,838.1887217884364,0.0,-464.8839779005525
4,2,2005,58318.95,0,-1.0,-1.0,0.0,462.8839779005525,702.5423076923076,-462.8839779005525,783.3333333333334,679.0495809094745,0.0,-464.8839779005525
2,0,2001,58318.95,0,-1.0,-1.0,0.0,1148.8333333333333,726.1538461538462,-1148.8333333333333,631.6666666666666,645.9445280620722,0.0,-1150.8333333333333
6,1,2014,1083332.83,3595409042,-0.015425689706318635,1.2492745092920243,3318.840657676736,1817.2122905027934,2015.483870967742,1501.7877094972066,3445.3333333333335,175.71662793637526,3318.840657676736,1503.0215583167924
0,3,2021,58318.95,0,0.0,0.0,0.0,425.4088397790055,382.8538461538462,-425.4088397790055,0.0,0.0,0.0,-425.4088397790055
4,4,2022,4706.0,5681329,-0.5166199439327193,-0.9712508021262568,1207.2522311942203,462.8839779005525,1501.899613899614,744.1160220994475,1234.6666666666667,1248.7298880595952,1207.2522311942203,742.6281513533885
2,3,1996,58318.95,0,0.0,0.0,0.0,1148.8333333333333,382.8538461538462,-1148.8333333333333,522.3333333333334,904.7078718201435,0.0,-1148.8333333333333
6,3,2016,18685.46,35777129,0.45516717325227973,8.46426305884768,1914.704213864684,1817.2122905027934,382.8538461538462,97.7877094972066,1077.0,979.6157409923546,1914.704213864684,106.70713972930656
5,3,2014,58318.95,0,0.0,0.0,0.0,536.2277777777778,382.8538461538462,-536.2277777777778,261.3333333333333,452.6426110446683,0.0,-536.2277777777778
5,2,2013,58318.95,0,0.0,0.0,0.0,536.2277777777778,702.5423076923076,-536.2277777777778,390.3333333333333,676.0771652210506,0.0,-536.2277777777778
1,1,2006,341083.52,725680151,-0.2170713760117734,19.89625805364447,2127.57318500759,1625.4222222222222,2015.483870967742,502.5777777777778,2195.0,492.92697227885594,2127.57318500759,522.2569644554105
8,0,1997,4220.0,2573000,-0.46160635481023826,-0.9933903956514815,609.7156398104265,549.7857142857143,726.1538461538462,60.214285714285666,900.3333333333334,266.2260943884599,609.7156398104265,58.75928896382395
8,6,2012,4130.51,9675557,0.03536693191865603,-0.9942267671729653,2342.460616243515,549.7857142857143,929.4653846153847,1792.2142857142858,2092.0,365.92348927064717,2342.460616243515,1791.2554258790315
7,4,1997,111760.0,131422000,0.004269854824936026,1.928036716870154,1175.9305654974946,1491.7666666666667,1501.899613899614,-315.76666666666665,1006.6666666666666,288.9746240300922,1175.9305654974946,-313.83436009497154
4,1,2010,4792.95,9712493,0.048111743404035234,-0.981983187223168,2026.4123347833797,462.8839779005525,2015.483870967742,1563.1160220994475,2062.3333333333335,150.8188759185417,2026.4123347833797,1562.1821506556284
6,1,2015,1129849.71,3944110364,-0.024587873707739627,1.1464536304510342,3490.827434031027,1817.2122905027934,2015.483870967742,1673.7877094972066,2356.6666666666665,2041.4074393254602,3490.827434031027,1674.90957525395
6,1,2007,948732.18,2215804820,0.013449023861171305,1.5505075979643688,2335.5430191057712,1817.2122905027934,2015.483870967742,518.7877094972066,2784.0,802.9551668679896,2335.5430191057712,520.3516661190322
5,6,1997,100.0,70000,0.0,0.0,700.0,536.2277777777778,929.4653846153847,163.77222222222224,883.3333333333334,987.8427675158296,700.0,-361.5824175824176
7,0,1999,58318.95,91094000,0.0,0.0,1561.9965722976838,1491.7666666666667,726.1538461538462,-568.7666666666667,307.6666666666667,532.8942984620247,1561.9965722976838,-361.5824175824176
7,5,2015,238539.4,326860266,0.18923611111111116,12.25513432258638,1370.256930301661,1491.7666666666667,598.7192307692308,-121.76666666666665,840.6666666666666,736.1530637940278,1370.256930301661,-109.32229623296917
0,0,2019,58318.95,0,-1.0,-1.0,0.0,425.4088397790055,726.1538461538462,-425.4088397790055,614.0,1063.4791958472904,0.0,-427.4088397790055
5,6,1996,120.0,0,0.0,0.0,0.0,536.2277777777778,929.4653846153847,-536.2277777777778,632.6666666666666,1095.8108109219097,0.0,-536.2277777777778
5,0,2006,54.68,59453,0.0,0.0,1087.289685442575,536.2277777777778,726.1538461538462,550.7722222222222,734.3333333333334,636.1166035667778,1087.289685442575,-361.5824175824176
5,0,2018,58318.95,0,0.0,0.0,0.0,536.2277777777778,726.1538461538462,-536.2277777777778,634.6666666666666,1099.2749125370472,0.0,-536.2277777777778
2,3,2006,37.07,37332,2.237942122186495,-0.5345775517073719,1007.0677097383328,1148.8333333333333,382.8538461538462,-141.83333333333326,744.0,377.8610855856952,1007.0677097383328,-140.12996876285413
3,3,1999,58318.95,0,0.0,0.0,0.0,361.5824175824176,382.8538461538462,-361.5824175824176,0.0,0.0,0.0,-361.5824175824176
9,3,2004,51710.0,0,0.0,0.0,0.0,1323.2252747252746,382.8538461538462,-1323.2252747252746,0.0,0.0,0.0,-1323.2252747252746
4,0,1998,58318.95,0,-1.0,-1.0,0.0,462.8839779005525,726.1538461538462,-462.8839779005525,337.3333333333333,584.2784724199014,0.0,-464.8839779005525
3,0,2021,58318.95,0,0.0,0.0,0.0,361.5824175824176,726.1538461538462,-361.5824175824176,0.0,0.0,0.0,-361.5824175824176
7,2,2022,9157.31,21567919,0.055580457194083444,-0.5894767426699682,2355.2679771679677,1491.7666666666667,702.5423076923076,863.2333333333333,1528.6666666666667,1325.3151826389578,2355.2679771679677,862.6994370478575
7,6,2015,137294.72,334571131,0.0,0.0,2436.88272207409,1491.7666666666667,929.4653846153847,945.2333333333333,812.3333333333334,1407.0026060151192,2436.88272207409,-361.5824175824176
1,4,2012,733017.68,1432067373,0.0,0.0,1953.6600713368878,1625.4222222222222,1501.899613899614,328.5777777777778,1385.3333333333333,1206.1249244308533,1953.6600713368878,-361.5824175824176
5,3,2002,58318.95,0,0.0,0.0,0.0,536.2277777777778,382.8538461538462,-536.2277777777778,334.0,578.5049697280048,0.0,-536.2277777777778
4,6,2006,58318.95,0,-1.0,-1.0,0.0,462.8839779005525,929.4653846153847,-462.8839779005525,974.6666666666666,845.5071456429768,0.0,-464.8839779005525
9,5,2007,160740.57,157359904,0.0,0.0,978.968184572196,1323.2252747252746,598.7192307692308,-344.22527472527463,326.3333333333333,565.2259135366438,978.968184572196,-361.5824175824176
1,2,2006,164648.78,184679530,0.0,0.0,1121.6574456245592,1625.4222222222222,702.5423076923076,-503.4222222222222,755.6666666666666,654.5275649912179,1121.6574456245592,-361.5824175824176
1,5,2015,1143115.98,1809367086,0.0,0.0,1582.8377152071657,1625.4222222222222,598.7192307692308,-42.42222222222222,1003.0,872.1634021214145,1582.8377152071657,-361.5824175824176
7,3,2008,574.87,393423,0.0,0.0,684.3686398664046,1491.7666666666667,382.8538461538462,-807.7666666666667,228.0,394.90758412570415,684.3686398664046,-361.5824175824176
5,5,1996,58318.95,0,0.0,0.0,0.0,536.2277777777778,598.7192307692308,-536.2277777777778,293.6666666666667,508.6455871560604,0.0,-536.2277777777778
2,3,2016,58318.95,0,0.0,0.0,0.0,1148.8333333333333,382.8538461538462,-1148.8333333333333,638.3333333333334,1105.625765498134,0.0,-1148.8333333333333
1,4,2011,710731.78,1533586075,0.25538103548574753,329.24733781965006,2157.7564394264177,1625.4222222222222,1501.899613899614,532.5777777777778,2009.0,251.17921888563342,2157.7564394264177,862.0804966329135
3,0,2012,58318.95,0,-1.0,-1.0,0.0,361.5824175824176,726.1538461538462,-361.5824175824176,269.6666666666667,467.0763677744078,0.0,-363.5824175824176
7,6,2016,133419.8,334633928,0.09855453350854138,48.647514352329566,2508.127939031538,1491.7666666666667,929.4653846153847,1016.2333333333333,1597.0,1387.6105361375737,2508.127939031538,1064.9794022191716
7,0,2015,73614.79,126845014,0.2974397590361446,122.34005952838197,1723.0914331209804,1491.7666666666667,726.1538461538462,231.23333333333335,1017.0,902.6200751146627,1723.0914331209804,353.87083262075146
7,6,2008,118815.25,197457919,0.14541695382494835,38.71869529972382,1661.8903634003211,1491.7666666666667,929.4653846153847,170.23333333333335,1037.6666666666667,904.8172927908342,1661.8903634003211,209.09744558688212
4,5,1999,58318.95,0,-1.0,-1.0,0.0,462.8839779005525,598.7192307692308,-462.8839779005525,356.3333333333333,312.53853095791857,0.0,-464.8839779005525
7,2,2017,3626.67,5646942,-0.15103598691384956,-0.896289138786411,1557.0597821141707,1491.7666666666667,702.5423076923076,65.23333333333335,1130.3333333333333,988.6467181624242,1557.0597821141707,64.1860082076331
4,6,1997,58318.95,0,-1.0,-1.0,0.0,462.8839779005525,929.4653846153847,-462.8839779005525,650.0,1125.8330249197702,0.0,-464.8839779005525
9,1,2007,58613.21,102667972,0.4396055875102711,791.7416570149023,1751.618312663647,1323.2252747252746,2015.483870967742,428.77472527472537,1423.3333333333333,287.7157161736768,1751.618312663647,1220.9559878771379
3,6,1999,58318.95,0,-1.0,-1.0,0.0,361.5824175824176,929.4653846153847,-361.5824175824176,225.0,389.7114317029974,0.0,-363.5824175824176
1,4,2018,672491.78,1781203242,0.0,0.0,2648.661730854167,1625.4222222222222,1501.899613899614,1023.5777777777778,1833.6666666666667,1591.242386732244,2648.661730854167,-361.5824175824176
7,5,1999,167400.0,97731000,0.20412371134020613,8.303284150404568,583.8172043010753,1491.7666666666667,598.7192307692308,-907.7666666666667,356.3333333333333,312.53853095791857,583.8172043010753,-899.2592588049218
1,5,2022,1177078.03,2254030137,0.0,0.0,1914.93688570502,1625.4222222222222,598.7192307692308,289.5777777777778,638.3333333333334,1105.6257654981337,1914.93688570502,-361.5824175824176
9,4,2016,239371.58,624644832,0.3295975547631176,31.06669393628765,2609.5196096378695,1323.2252747252746,1501.899613899614,1286.7747252747254,2134.3333333333335,417.2724929028142,2609.5196096378695,1318.1710167657761
8,3,2004,470.0,632100,-0.07876712328767121,-0.9783572609831508,1344.8936170212767,549.7857142857143,382.8538461538462,795.2142857142857,1253.6666666666667,264.1218153302246,1344.8936170212767,794.1571613300148
1,2,2014,236680.54,461839493,0.0,0.0,1951.3200916306848,1625.4222222222222,702.5423076923076,325.5777777777778,1284.6666666666667,1112.812802466494,1951.3200916306848,-361.5824175824176
8,5,2007,58318.95,0,-1.0,-1.0,0.0,549.7857142857143,598.7192307692308,-549.7857142857143,694.0,601.051578485574,0.0,-551.7857142857143
5,1,2015,1300.31,2747185,-0.024469067405355482,-0.7281902180199036,2112.7154293976055,536.2277777777778,2015.483870967742,1576.7722222222224,2500.6666666666665,626.1200630337065,2112.7154293976055,1576.019562936797
0,1,2007,13221.0,49061022,1.118150684931507,-0.5221389782589647,3710.8404810528705,425.4088397790055,2015.483870967742,3285.5911602209944,2226.6666666666665,1313.0081238641799,3710.8404810528705,3286.187171927667
8,4,2010,32704.78,57353549,-0.09680741503604529,-0.9608688956409492,1753.6748145072372,549.7857142857143,1501.899613899614,1204.2142857142858,1775.0,157.55316562988324,1753.6748145072372,1203.1566094036089
2,5,2015,21409.26,24659144,0.0,0.0,1151.7980537393632,1148.8333333333333,598.7192307692308,3.1666666666667425,927.0,837.4837311852693,1151.7980537393632,-361.5824175824176
5,4,2001,4990.0,3781000,-0.39841269841269844,-0.338986013986014,757.7154308617235,536.2277777777778,1501.899613899614,221.77222222222224,990.3333333333334,253.07377053604995,757.7154308617235,221.03482350982353
2,2,2001,22690.0,23164000,0.0,0.0,1020.8902600264433,1148.8333333333333,702.5423076923076,-127.83333333333326,595.3333333333334,531.2253131518992,1020.8902600264433,-361.5824175824176
4,6,2000,58318.95,0,-1.0,-1.0,0.0,462.8839779005525,929.4653846153847,-462.8839779005525,365.6666666666667,633.3532453010193,0.0,-464.8839779005525
6,5,2013,1256564.8,1753559651,-0.004279600570613384,0.1474690827852445,1395.5186799757562,1817.2122905027934,598.7192307692308,-421.2122905027934,932.6666666666666,807.7185978627294,1395.5186799757562,-421.0691010205788
3,1,2017,240.02,499129,-0.12347239780868102,-0.850571096003765,2079.5308724272977,361.5824175824176,2015.483870967742,1718.4175824175825,2235.0,147.2379027288812,2079.5308724272977,1717.4435389237701
6,4,1998,326700.0,412395000,0.2396856581532416,0.1486206080187169,1262.3048668503213,1817.2122905027934,1501.899613899614,-555.2122905027934,974.6666666666666,311.27051471884243,1262.3048668503213,-554.8239842366214
2,1,2002,20482.45,41252556,0.5933544303797469,0.5658753102992986,2014.0440230538827,1148.8333333333333,2015.483870967742,865.1666666666667,1851.3333333333333,525.2440702505198,2014.0440230538827,866.3258964073458
5,0,2000,30.0,0,0.0,0.0,0.0,536.2277777777778,726.1538461538462,-536.2277777777778,340.0,588.8972745734184,0.0,-536.2277777777778
1,2,2013,226547.4,407643895,0.0,0.0,1799.3757377043391,1625.4222222222222,702.5423076923076,173.57777777777778,1189.3333333333333,1030.102098499626,1799.3757377043391,-361.5824175824176
4,0,2015,58318.95,0,-1.0,-1.0,0.0,462.8839779005525,726.1538461538462,-462.8839779005525,1017.0,902.6200751146627,0.0,-464.8839779005525
1,2,2020,234632.36,570819330,0.0,0.0,2432.824398135023,1625.4222222222222,702.5423076923076,807.5777777777778,1651.0,1430.469503344968,2432.824398135023,-361.5824175824176
6,5,2019,1431869.73,2562868888,-0.005555555555555536,0.18569755651711461,1789.8757368102195,1817.2122905027934,598.7192307692308,-27.212290502793394,1196.6666666666667,1036.3557947603385,1789.8757368102195,-27.032148501831834
0,4,1998,4310.0,2775000,-0.3686274509803922,-0.9781201460233858,643.8515081206497,425.4088397790055,1501.899613899614,218.59116022099448,946.6666666666666,273.47638533031164,643.8515081206497,217.2444126239907
6,2,2009,98040.65,138145490,0.049925484351713845,-0.4722786346701603,1409.063383402701,1817.2122905027934,702.5423076923076,-408.2122905027934,917.0,794.8515584686234,1409.063383402701,-408.6346436531118
2,6,2010,58318.95,0,-1.0,-1.0,0.0,1148.8333333333333,929.4653846153847,-1148.8333333333333,1204.0,1053.5715447941832,0.0,-1150.8333333333333
5,4,1998,2990.0,2284000,-0.42685671417854465,-0.47901459854014594,763.8795986622074,536.2277777777778,1501.899613899614,227.77222222222224,1085.6666666666667,291.69218935949095,763.8795986622074,226.86635090950355
1,3,2017,3002.02,4480834,0.0,0.0,1492.6063117500883,1625.4222222222222,382.8538461538462,-132.42222222222222,497.6666666666667,861.9839519001123,1492.6063117500883,-361.5824175824176
1,5,2016,1093135.22,1757022412,0.0,0.0,1607.3239429610549,1625.4222222222222,598.7192307692308,-18.422222222222217,924.3333333333334,830.3097815474257,1607.3239429610549,-361.5824175824176
8,1,2008,36876.29,32593539,-0.47908073070123747,2.2863572401710375,883.861662873353,549.7857142857143,2015.483870967742,334.21428571428567,1633.0,719.1390686091244,883.861662873353,336.02156222375544
5,3,2015,58318.95,0,0.0,0.0,0.0,536.2277777777778,382.8538461538462,-536.2277777777778,459.0,795.0113206741157,0.0,-536.2277777777778
2,3,2004,58318.95,0,-1.0,-1.0,0.0,1148.8333333333333,382.8538461538462,-1148.8333333333333,935.0,811.7727514520303,0.0,-1150.8333333333333
7,5,2007,199492.22,155610758,-0.14567360350492886,9.846618918820203,780.0342188783102,1491.7666666666667,598.7192307692308,-711.7666666666667,564.3333333333334,493.23050730194444,780.0342188783102,-702.0657213513514
8,4,2006,30475.03,18001872,-0.6080901856763925,-0.9779832097873642,590.7089180880216,549.7857142857143,1501.899613899614,41.214285714285666,1227.6666666666667,552.6774224928432,590.7089180880216,39.62821231882191
9,5,2015,184848.49,263601790,0.0,0.0,1426.0424307496373,1323.2252747252746,598.7192307692308,102.77472527472537,475.3333333333333,823.3014838644069,1426.0424307496373,-361.5824175824176
7,1,2022,348216.59,1389362156,3.0548780487804876,134.53253288855652,3989.936711516243,1491.7666666666667,2015.483870967742,2498.2333333333336,1916.3333333333333,1798.8858588952587,3989.936711516243,2635.8207442706707
8,0,1999,58318.95,3014000,-1.0,-0.9921855757239492,51.681314564133956,549.7857142857143,726.1538461538462,-549.7857142857143,592.3333333333334,526.260708521293,51.681314564133956,-551.7778998614383
7,1,2002,191490.02,327037722,-0.15193644488579938,6.927695971129643,1707.8577880977818,1491.7666666666667,2015.483870967742,216.23333333333335,1662.0,377.11006350931467,1707.8577880977818,223.00909285957718
6,2,2021,97266.93,251563241,0.017709563164108655,-0.6191011680428047,2586.3182995494976,1817.2122905027934,702.5423076923076,768.7877094972066,1709.0,1480.208431269056,2586.3182995494976,768.1863178923279
7,4,2002,84276.06,84200946,-0.21953124999999996,0.2559980467510634,999.1087148592376,1491.7666666666667,1501.899613899614,-492.76666666666665,1206.3333333333333,182.04486626470094,999.1087148592376,-492.73019986991557
9,6,2017,107724.17,212867257,0.0,0.0,1976.0398896552185,1323.2252747252746,929.4653846153847,652.7747252747254,658.6666666666666,1140.8441319187023,1976.0398896552185,-361.5824175824176
7,2,2011,3800.09,4266584,-0.22337482710926693,-0.899905833806698,1122.7586715051484,1491.7666666666667,702.5423076923076,-368.76666666666665,856.3333333333334,758.9877030185223,1122.7586715051484,-369.8899473275826
7,2,2004,5186.0,7899500,0.43004694835680746,-0.6084102930168691,1523.2356344003085,1491.7666666666667,702.5423076923076,31.23333333333335,862.6666666666666,781.4002388874302,1523.2356344003085,31.054969988673285
3,3,2011,58318.95,0,0.0,0.0,0.0,361.5824175824176,382.8538461538462,-361.5824175824176,0.0,0.0,0.0,-361.5824175824176
9,4,2007,207488.92,334506297,0.592885375494071,44.3254423381797,1612.164625465302,1323.2252747252746,1501.899613899614,288.77472527472537,1174.0,383.57789300218985,1612.164625465302,333.69305298839913
3,6,2015,58318.95,0,0.0,0.0,0.0,361.5824175824176,929.4653846153847,-361.5824175824176,0.0,0.0,0.0,-361.5824175824176
5,4,1999,3260.0,2545000,0.0,-0.6931516759102966,780.6748466257669,536.2277777777778,1501.899613899614,244.77222222222224,579.0,509.005893875503,780.6748466257669,-361.5824175824176
8,3,2013,58318.95,0,-1.0,-1.0,0.0,549.7857142857143,382.8538461538462,-549.7857142857143,987.3333333333334,889.7394749775539,0.0,-551.7857142857143
6,1,2017,1142653.56,4362096931,0.010052910052910091,1.2222294935818212,3817.514847632383,1817.2122905027934,2015.483870967742,2000.7877094972066,3501.0,516.5007260401452,3817.514847632383,2002.0199919008414
9,1,2001,55680.0,86059000,0.7177777777777778,317.73703703703706,1545.599856321839,1323.2252747252746,2015.483870967742,222.77472527472537,1197.3333333333333,326.0449866710614,1545.599856321839,541.2295400895403
3,1,2019,204.4,275387,-0.37811634349030476,-0.8898466540241668,1347.2945205479452,361.5824175824176,2015.483870967742,985.4175824175825,2061.0,667.7207500145543,1347.2945205479452,984.149619420068
6,4,2013,675657.31,1489815674,0.13542739443872298,0.32691443344157145,2204.987131716224,1817.2122905027934,1501.899613899614,387.7877094972066,1382.3333333333333,1204.3364701499872,2204.987131716224,388.25005132508693
6,6,2004,556354.0,912864500,0.3170144462279294,1.2019550377499577,1640.7979451931683,1817.2122905027934,929.4653846153847,-176.2122905027934,962.3333333333334,856.4872055864781,1640.7979451931683,-174.6933210188155
9,6,2015,108865.39,203459405,0.0,0.0,1868.9080615979055,1323.2252747252746,929.4653846153847,545.7747252747254,623.0,1079.0676531154115,1868.9080615979055,-361.5824175824176
6,1,2002,729461.83,1660387424,0.0581125058112506,1.6045718604458257,2276.1813651030925,1817.2122905027934,2015.483870967742,458.7877094972066,1806.3333333333333,707.9974105414037,2276.1813651030925,460.45039386346366
0,0,2008,58318.95,0,-1.0,-1.0,0.0,425.4088397790055,726.1538461538462,-425.4088397790055,454.3333333333333,786.9284169054598,0.0,-427.4088397790055
9,4,2006,184010.83,69563027,1.4844236760124612,14.716551139829647,378.0376785431597,1323.2252747252746,1501.899613899614,271.77472527472537,932.6666666666666,575.0255066806457,378.0376785431597,287.9757000905675
3,5,2014,58318.95,0,0.0,0.0,0.0,361.5824175824176,598.7192307692308,-361.5824175824176,0.0,0.0,0.0,-361.5824175824176
3,0,2018,58318.95,0,0.0,0.0,0.0,361.5824175824176,726.1538461538462,-361.5824175824176,0.0,0.0,0.0,-361.5824175824176
6,5,2010,1182810.77,1436840508,-0.054474708171206254,0.11724538115142713,1214.767860120178,1817.2122905027934,598.7192307692308,-602.2122905027934,833.3333333333334,722.5360429302705,1214.767860120178,-602.1495198298131
8,0,2009,58318.95,0,-1.0,-1.0,0.0,549.7857142857143,726.1538461538462,-549.7857142857143,1000.3333333333334,872.3567695234174,0.0,-551.7857142857143
4,4,2019,3359.38,7322414,-0.16443081640475277,-0.9727216246597353,2179.692086039686,462.8839779005525,1501.899613899614,1717.1160220994475,2490.3333333333335,271.22376985310353,2179.692086039686,1715.978869658383
3,5,2010,58318.95,0,0.0,0.0,0.0,361.5824175824176,598.7192307692308,-361.5824175824176,0.0,0.0,0.0,-361.5824175824176
2,0,2010,874.3,939263,0.7549019607843137,-0.4912036462737446,1074.3028708681231,1148.8333333333333,726.1538461538462,-74.83333333333326,1157.0,590.8883143200576,1074.3028708681231,-74.5696350188227
1,2,1996,173190.0,159982000,0.0,0.0,923.7369363127201,1625.4222222222222,702.5423076923076,-701.4222222222222,537.0,479.91561758292465,923.7369363127201,-361.5824175824176
3,5,1996,58318.95,0,0.0,0.0,0.0,361.5824175824176,598.7192307692308,-361.5824175824176,0.0,0.0,0.0,-361.5824175824176
8,4,2021,45321.84,78293509,-0.3643724696356275,-0.9573707016930991,1727.5006707582925,549.7857142857143,1501.899613899614,1177.2142857142858,2367.3333333333335,555.3290315959802,1727.5006707582925,1175.892542542957
7,1,1998,165470.0,324638000,0.09242761692650325,7.1987574502475,1961.9145464434641,1491.7666666666667,2015.483870967742,470.23333333333335,1740.3333333333333,254.11480345177264,1961.9145464434641,477.52451840050736
3,3,2002,58318.95,0,0.0,0.0,0.0,361.5824175824176,382.8538461538462,-361.5824175824176,0.0,0.0,0.0,-361.5824175824176
0,0,2004,58318.95,0,-1.0,-1.0,0.0,425.4088397790055,726.1538461538462,-425.4088397790055,357.6666666666667,619.4968388404682,0.0,-427.4088397790055
9,4,2005,142038.0,183866700,0.17743403093721555,24.178251581628462,1294.4895028091075,1323.2252747252746,1501.899613899614,-29.22527472527463,1063.3333333333333,250.41232664015,1294.4895028091075,-4.869589112708951
7,6,1998,66950.0,96071000,0.0,0.0,1434.9663928304706,1491.7666666666667,929.4653846153847,-56.76666666666665,618.6666666666666,737.6383486054218,1434.9663928304706,-361.5824175824176
6,4,2005,522499.0,794826600,0.10618181818181816,0.402916089786449,1521.2021458414274,1817.2122905027934,1501.899613899614,-296.2122905027934,1173.6666666666667,480.73416077218076,1521.2021458414274,-295.7031925948251
0,3,2015,58318.95,0,0.0,0.0,0.0,425.4088397790055,382.8538461538462,-425.4088397790055,0.0,0.0,0.0,-425.4088397790055
1,4,2019,643170.0,1704082052,0.0,0.0,2649.504877404108,1625.4222222222222,1501.899613899614,1024.5777777777778,1857.3333333333333,1614.2370746991687,2649.504877404108,-361.5824175824176
7,5,2010,196701.83,233696152,0.21224489795918378,11.800738193534682,1188.0730952020122,1491.7666666666667,598.7192307692308,-303.76666666666665,722.6666666666666,634.4299278354811,1188.0730952020122,-291.7536835751728
7,6,2010,155660.71,308990982,0.0,0.0,1985.0287333264766,1491.7666666666667,929.4653846153847,493.23333333333335,1213.3333333333333,1063.6532956435265,1985.0287333264766,-361.5824175824176
7,5,2016,212098.09,277360093,0.12467755803955294,7.797354888494928,1307.6972687495677,1491.7666666666667,598.7192307692308,-183.76666666666665,823.6666666666666,716.9911668447066,1307.6972687495677,-175.84463422013218
6,3,1999,58318.95,30670000,0.0,2.72434729811779,525.9011007571296,1817.2122905027934,382.8538461538462,-1817.2122905027934,0.0,0.0,525.9011007571296,-1814.4879432046755
6,1,2018,1146899.78,4676744066,0.023851368315340293,1.2572621068435073,4077.7268838607674,1817.2122905027934,2015.483870967742,2260.7877094972064,3754.6666666666665,480.112833960237,4077.7268838607674,2262.068822972365
2,6,2012,1668.86,0,-1.0,-1.0,0.0,1148.8333333333333,929.4653846153847,-1148.8333333333333,1534.6666666666667,1329.6621124681778,0.0,-1150.8333333333333
2,5,1999,21640.0,10505000,0.0,0.0,485.44362292051756,1148.8333333333333,598.7192307692308,-663.8333333333333,420.6666666666667,392.474627630034,485.44362292051756,-361.5824175824176
0,3,2006,58318.95,0,-1.0,-1.0,0.0,425.4088397790055,382.8538461538462,-425.4088397790055,279.0,483.24217531171695,0.0,-427.4088397790055
5,1,2014,1401.38,3087611,0.017082179132040576,-0.694508060888019,2203.264639141418,536.2277777777778,2015.483870967742,1666.7722222222224,2495.6666666666665,539.273894540921,2203.264639141418,1666.0947963404665
2,6,2017,2081.17,0,0.0,0.0,0.0,1148.8333333333333,929.4653846153847,-1148.8333333333333,988.3333333333334,1711.8435481472416,0.0,-1148.8333333333333
9,5,2021,188391.88,311753877,0.0,0.0,1654.8158922773105,1323.2252747252746,598.7192307692308,331.77472527472537,551.6666666666666,955.514695508831,1654.8158922773105,-361.5824175824176
1,1,2010,355508.17,801069399,-0.3887683125339121,61.11571838165119,2253.307987267916,1625.4222222222222,2015.483870967742,627.5777777777778,2403.6666666666665,1214.0322620644529,2253.307987267916,688.304727846895
3,4,2019,10914.71,17128287,-0.1080159181353042,0.2183129252029712,1569.2846626250264,361.5824175824176,1501.899613899614,1207.4175824175825,1836.0,312.6931403149032,1569.2846626250264,1207.52787942465
0,6,2018,58318.95,0,-1.0,-1.0,0.0,425.4088397790055,929.4653846153847,-425.4088397790055,661.0,1144.8855838030292,0.0,-427.4088397790055
5,3,2011,58318.95,0,0.0,0.0,0.0,536.2277777777778,382.8538461538462,-536.2277777777778,318.6666666666667,551.946857345283,0.0,-536.2277777777778
5,2,2002,58318.95,0,-1.0,-1.0,0.0,536.2277777777778,702.5423076923076,-536.2277777777778,748.3333333333334,648.2610071054199,0.0,-538.2277777777778
6,3,2011,24494.31,39462124,0.26650943396226423,4.375986708159167,1611.073102283755,1817.2122905027934,382.8538461538462,-206.2122905027934,961.0,849.3356227075373,1611.073102283755,-201.56979436067195
8,4,2005,21994.0,13838900,-0.5864562787639711,-0.9825887809995287,629.21251250341,549.7857142857143,1501.899613899614,79.21428571428567,1175.0,478.45166945053035,629.21251250341,77.64524065452217
8,2,2022,58318.95,0,-1.0,-1.0,0.0,549.7857142857143,702.5423076923076,-549.7857142857143,1736.3333333333333,1503.715509440976,0.0,-551.7857142857143
2,5,2012,23615.03,23225663,0.0,0.0,983.5118989897536,1148.8333333333333,598.7192307692308,-164.83333333333326,760.0,676.4140743656955,983.5118989897536,-361.5824175824176
0,3,2001,58318.95,0,0.0,0.0,0.0,425.4088397790055,382.8538461538462,-425.4088397790055,0.0,0.0,0.0,-425.4088397790055
6,5,1999,867800.0,674691000,-0.06834532374100721,-0.08588240554195414,777.4729200276562,1817.2122905027934,598.7192307692308,-1040.2122905027934,1460.0,1133.9854496421021,777.4729200276562,-1040.3665182320763
7,4,2001,153800.0,146571000,-0.22896440129449835,0.9421866511190322,952.997399219766,1491.7666666666667,1501.899613899614,-538.7666666666667,1019.0,192.67329861711477,952.997399219766,-538.0534444168421
9,6,2021,102258.28,223907183,0.0,0.0,2189.623989372792,1323.2252747252746,929.4653846153847,866.7747252747254,1238.6666666666667,1122.918222015004,2189.623989372792,-361.5824175824176
1,5,2005,852307.0,813651400,1.0147679324894514,991.9843788137662,954.6459198387436,1625.4222222222222,598.7192307692308,-670.4222222222222,690.3333333333334,244.11540986454244,954.6459198387436,322.5769245240334
2,0,2021,58318.95,0,0.0,0.0,0.0,1148.8333333333333,726.1538461538462,-1148.8333333333333,932.0,1614.2713526541932,0.0,-1148.8333333333333
8,3,1998,58318.95,0,-1.0,-1.0,0.0,549.7857142857143,382.8538461538462,-549.7857142857143,644.6666666666666,568.8385828451982,0.0,-551.7857142857143
5,4,2017,7151.79,13052730,-0.15782187355791422,1.115962938676657,1825.0997302773153,536.2277777777778,1501.899613899614,1288.7722222222224,2072.3333333333335,216.1511816607269,1825.0997302773153,1289.730363287341
2,0,2018,729.21,1064121,0.0,0.0,1459.2792199777841,1148.8333333333333,726.1538461538462,310.16666666666674,1290.3333333333333,1214.813703138606,1459.2792199777841,-361.5824175824176
4,1,2021,4831.46,11639114,0.19434804164600883,-0.8926712598442078,2409.026257073431,462.8839779005525,2015.483870967742,1946.1160220994475,1780.3333333333333,774.6078577792332,2409.026257073431,1945.4176988812492
9,3,2005,58318.95,0,0.0,0.0,0.0,1323.2252747252746,382.8538461538462,-1323.2252747252746,0.0,0.0,0.0,-1323.2252747252746
9,3,2006,677.77,567289,0.0,0.0,836.9933753338154,1323.2252747252746,382.8538461538462,-486.22527472527463,279.0,483.24217531171695,836.9933753338154,-361.5824175824176
3,3,2000,58318.95,0,0.0,0.0,0.0,361.5824175824176,382.8538461538462,-361.5824175824176,0.0,0.0,0.0,-361.5824175824176
7,2,2014,4184.27,4408923,-0.23289665211062593,-0.8991111996830632,1053.6898909487197,1491.7666666666667,702.5423076923076,-437.76666666666665,809.3333333333334,718.9334693372759,1053.6898909487197,-438.8986745184603
8,6,2014,58318.95,0,-1.0,-1.0,0.0,549.7857142857143,929.4653846153847,-549.7857142857143,1622.0,1440.2385219122575,0.0,-551.7857142857143
6,1,2004,786365.0,1551558100,0.09672040022234585,2.3409123159094896,1973.0762432203874,1817.2122905027934,2015.483870967742,155.7877094972066,2163.6666666666665,488.73851222645993,1973.0762432203874,158.22534221333845
0,1,2010,3498.58,12896404,1.8977987421383649,-0.8431663221707679,3686.1823939998512,425.4088397790055,2015.483870967742,3260.5911602209944,1652.6666666666667,1872.2524758518368,3686.1823939998512,3261.645792640962
1,3,2018,4094.8,6189357,0.0,0.0,1511.5163133730584,1625.4222222222222,382.8538461538462,-113.42222222222222,504.0,872.9536070147151,1511.5163133730584,-361.5824175824176
3,5,2019,58318.95,0,0.0,0.0,0.0,361.5824175824176,598.7192307692308,-361.5824175824176,0.0,0.0,0.0,-361.5824175824176
0,5,1996,4820.0,3331000,-0.0014450867052022698,-0.9452381343811136,691.0788381742739,425.4088397790055,598.7192307692308,265.5911602209945,691.5,0.7071067811865476,691.0788381742739,264.6444769999082
8,4,2007,24414.92,14934682,-0.6354973198332341,-0.9842036006246999,611.7030897500381,549.7857142857143,1501.899613899614,62.214285714285666,1310.3333333333333,605.0886987321218,611.7030897500381,60.59458479382773
9,1,2002,52217.67,89497201,0.5469314079422383,217.28585609756098,1713.925592620276,1323.2252747252746,2015.483870967742,390.77472527472537,1237.0,427.36050355642203,1713.925592620276,608.6075127802286
0,4,2001,11250.0,0,-1.0,-1.0,0.0,425.4088397790055,1501.899613899614,-425.4088397790055,764.3333333333334,673.9112206613967,0.0,-427.4088397790055
0,1,2020,58318.95,0,-1.0,-1.0,0.0,425.4088397790055,2015.483870967742,-425.4088397790055,1349.0,1350.0011111106537,0.0,-427.4088397790055
9,2,2005,55595.0,45147600,0.0,0.0,812.0802230416405,1323.2252747252746,702.5423076923076,-511.22527472527463,270.6666666666667,468.80841858197596,812.0802230416405,-361.5824175824176
9,2,2010,64612.04,74160596,0.0,0.0,1147.7829209540512,1323.2252747252746,702.5423076923076,-175.22527472527463,382.6666666666667,662.7981090296894,1147.7829209540512,-361.5824175824176
7,6,2020,145106.35,400771950,0.10039840637450204,46.2727449658611,2761.9187582073423,1491.7666666666667,929.4653846153847,1270.2333333333333,1757.3333333333333,1527.1022668221467,2761.9187582073423,1316.6064767055689
6,6,1997,431750.0,604331000,0.4329580348004094,1.9168243334556054,1399.7243775332947,1817.2122905027934,929.4653846153847,-417.2122905027934,792.3333333333334,718.0364429005907,1399.7243775332947,-414.8625081345374
6,3,2014,29979.5,54504707,1.5940366972477062,7.940390623603184,1818.0659117063326,1817.2122905027934,382.8538461538462,1575.7877094972066,1567.0,1711.2635682442371,1818.0659117063326,1585.3221368180575
7,3,2002,626.57,627942,0.2929032258064517,28.36915953416585,1002.1896994749189,1491.7666666666667,382.8538461538462,-489.76666666666665,897.0,114.45086281893991,1002.1896994749189,-461.10460390669436
2,2,2004,18934.0,20172900,0.0,0.0,1065.4325551917186,1148.8333333333333,702.5423076923076,-83.83333333333326,667.0,581.2288705836969,1065.4325551917186,-361.5824175824176
4,1,2015,4666.49,10107013,-0.3279553211293825,-0.9898916580057363,2165.870493668689,462.8839779005525,2015.483870967742,1703.1160220994475,2948.6666666666665,687.8330708342916,2165.870493668689,1701.7981751203124
5,5,2013,58318.95,0,0.0,0.0,0.0,536.2277777777778,598.7192307692308,-536.2277777777778,414.3333333333333,717.6463846027056,0.0,-536.2277777777778
5,3,2004,58318.95,0,0.0,0.0,0.0,536.2277777777778,382.8538461538462,-536.2277777777778,291.6666666666667,505.18148554092244,0.0,-536.2277777777778
0,3,2013,58318.95,0,0.0,0.0,0.0,425.4088397790055,382.8538461538462,-425.4088397790055,0.0,0.0,0.0,-425.4088397790055
8,0,2001,3220.0,1946000,-0.5321456235476375,-0.9962084458524763,604.3478260869565,549.7857142857143,726.1538461538462,54.214285714285666,919.6666666666666,346.86644884354723,604.3478260869565,52.68593164488555
0,0,2021,58318.95,0,-1.0,-1.0,0.0,425.4088397790055,726.1538461538462,-425.4088397790055,627.0,1085.9958563456855,0.0,-427.4088397790055
2,3,2000,58318.95,0,0.0,0.0,0.0,1148.8333333333333,382.8538461538462,-1148.8333333333333,370.6666666666667,642.0134993388639,0.0,-1148.8333333333333
1,5,2019,1200986.74,2161486185,0.0,0.0,1799.7585760189158,1625.4222222222222,598.7192307692308,174.57777777777778,1136.0,988.4776173490221,1799.7585760189158,-361.5824175824176
1,6,2012,460164.57,769486730,0.0,0.0,1672.1989917650549,1625.4222222222222,929.4653846153847,46.57777777777778,1191.0,1037.7721329848866,1672.1989917650549,-361.5824175824176
3,2,2000,58318.95,0,0.0,0.0,0.0,361.5824175824176,702.5423076923076,-361.5824175824176,0.0,0.0,0.0,-361.5824175824176
6,0,2004,412329.0,549074700,0.2957198443579767,0.4956737597539256,1331.6422080426069,1817.2122905027934,726.1538461538462,-485.2122905027934,786.6666666666666,698.02387733754,1331.6422080426069,-484.4208968986815
2,1,1998,22050.0,39596000,0.2276144907723856,0.22206104749853406,1795.7369614512472,1148.8333333333333,2015.483870967742,647.1666666666667,1681.6666666666667,189.43688482798987,1795.7369614512472,647.6163422049376
9,1,2016,62640.0,137908952,0.09334657398212509,183.50493542077507,2201.6116219667942,1323.2252747252746,2015.483870967742,878.7747252747254,2109.6666666666665,94.04431579491308,2201.6116219667942,1062.3730072694825
9,2,2012,76654.62,133789707,0.0,0.0,1745.3573835471366,1323.2252747252746,702.5423076923076,421.77472527472537,581.6666666666666,1007.4762197358965,1745.3573835471366,-361.5824175824176
9,0,2014,96577.17,160265852,0.0,0.0,1659.4589797982278,1323.2252747252746,726.1538461538462,335.77472527472537,553.0,957.8240965855894,1659.4589797982278,-361.5824175824176
2,6,2009,2168.38,3700026,0.5767097966728281,-0.536134376664263,1706.3549746815595,1148.8333333333333,929.4653846153847,557.1666666666667,1564.6666666666667,429.79685123711135,1706.3549746815595,557.2072420866753
8,6,2015,58318.95,0,-1.0,-1.0,0.0,549.7857142857143,929.4653846153847,-549.7857142857143,1682.0,1486.8244684561807,0.0,-551.7857142857143
7,6,2006,119118.32,179932070,0.06935598018400557,61.182364022354015,1510.532300992828,1491.7666666666667,929.4653846153847,19.23333333333335,1137.3333333333333,564.46995786608,1510.532300992828,80.48505333587137
5,0,2001,60.0,57000,0.0,0.0,950.0,536.2277777777778,726.1538461538462,413.77222222222224,663.3333333333334,576.2233363317848,950.0,-361.5824175824176
2,0,2014,656.38,828346,0.0,0.0,1261.9915292970536,1148.8333333333333,726.1538461538462,113.16666666666674,1145.0,1091.2144610478729,1261.9915292970536,-361.5824175824176
2,1,2020,61948.91,256836140,0.0,0.0,4145.934771087982,1148.8333333333333,2015.483870967742,2997.166666666667,2752.6666666666665,2383.9398761993416,4145.934771087982,-361.5824175824176
9,5,2005,137360.0,88176500,0.0,0.0,641.9372451951077,1323.2252747252746,598.7192307692308,-681.2252747252746,214.0,370.65887281974017,641.9372451951077,-361.5824175824176
2,6,2002,891.15,970677,-0.17249240121580545,-0.9117353324825219,1089.2408685406497,1148.8333333333333,929.4653846153847,-59.83333333333326,1326.3333333333333,242.66506409727432,1089.2408685406497,-60.917561067031585
1,2,2002,155526.83,167871762,0.0,0.0,1079.3749348585065,1625.4222222222222,702.5423076923076,-546.4222222222222,716.6666666666666,620.6644289254326,1079.3749348585065,-361.5824175824176
0,2,2008,58318.95,0,-1.0,-1.0,0.0,425.4088397790055,702.5423076923076,-425.4088397790055,446.0,772.4946601757189,0.0,-427.4088397790055
1,6,2004,332645.0,414570000,0.0,0.0,1246.2835755835802,1625.4222222222222,929.4653846153847,-379.4222222222222,803.3333333333334,696.9141506192378,1246.2835755835802,-361.5824175824176
0,3,2022,58318.95,0,0.0,0.0,0.0,425.4088397790055,382.8538461538462,-425.4088397790055,0.0,0.0,0.0,-425.4088397790055
1,6,2015,529609.63,1195823247,0.0,0.0,2257.9333517783657,1625.4222222222222,929.4653846153847,599.5777777777778,1364.6666666666667,1195.1653999900336,2257.9333517783657,-361.5824175824176
2,6,1996,58318.95,0,-1.0,-1.0,0.0,1148.8333333333333,929.4653846153847,-1148.8333333333333,740.3333333333334,687.6207772699523,0.0,-1150.8333333333333
2,1,2012,46534.5,143187031,0.17397939717665012,0.8879957792615945,3077.008047792498,1148.8333333333333,2015.483870967742,1928.1666666666667,2952.6666666666665,290.2142886443252,3077.008047792498,1929.228641843105
9,4,2015,224367.43,610662690,0.5005512679162072,32.65471165265422,2721.708271115821,1323.2252747252746,1501.899613899614,1398.7747252747254,1999.0,650.5374700968391,2721.708271115821,1431.929988195296
3,6,2009,58318.95,0,0.0,0.0,0.0,361.5824175824176,929.4653846153847,-361.5824175824176,0.0,0.0,0.0,-361.5824175824176
4,4,2007,2889.0,4128800,0.2990909090909091,-0.9663259927401229,1429.1450328833507,462.8839779005525,1501.899613899614,966.1160220994475,1344.3333333333333,214.89609892534668,1429.1450328833507,965.4487870157983
6,2,2018,93831.88,219537397,0.029476462824461036,-0.6082952435759106,2339.688781680597,1817.2122905027934,702.5423076923076,522.7877094972066,1537.6666666666667,1332.0797023201476,2339.688781680597,522.2088907164551
4,0,2010,58318.95,0,-1.0,-1.0,0.0,462.8839779005525,726.1538461538462,-462.8839779005525,843.3333333333334,754.9101491789158,0.0,-464.8839779005525
0,2,2002,58318.95,0,-1.0,-1.0,0.0,425.4088397790055,702.5423076923076,-425.4088397790055,357.0,618.3421383020893,0.0,-427.4088397790055
9,4,2017,253757.11,712005432,1.371935756551141,62.35372222078372,2805.85411774275,1323.2252747252746,1501.899613899614,1482.7747252747254,1872.3333333333333,838.6336109012855,2805.85411774275,1546.5003832520601
3,2,2013,58318.95,0,0.0,0.0,0.0,361.5824175824176,702.5423076923076,-361.5824175824176,0.0,0.0,0.0,-361.5824175824176
9,6,2018,107929.86,214003144,0.0,0.0,1982.7983099394366,1323.2252747252746,929.4653846153847,659.7747252747254,661.0,1144.8855838030292,1982.7983099394366,-361.5824175824176
8,0,2020,58318.95,0,-1.0,-1.0,0.0,549.7857142857143,726.1538461538462,-549.7857142857143,1485.3333333333333,1301.4858175690322,0.0,-551.7857142857143
6,3,1997,33900.0,40451000,0.5101265822784811,4.549595280559748,1193.244837758112,1817.2122905027934,382.8538461538462,-624.2122905027934,661.0,606.8714855716983,1193.244837758112,-619.1525686399551
5,0,2021,58318.95,0,0.0,0.0,0.0,536.2277777777778,726.1538461538462,-536.2277777777778,812.0,1406.425255745928,0.0,-536.2277777777778
8,0,2006,2531.83,1124023,-0.6703786191536749,-0.9983779337374121,443.95674275129056,549.7857142857143,726.1538461538462,-105.78571428571433,1012.0,494.539179438798,443.95674275129056,-107.45447083860542
6,5,2006,985665.52,1022451976,0.08586387434554976,0.1809004240630694,1037.321439427038,1817.2122905027934,598.7192307692308,-780.2122905027934,816.6666666666666,313.3086869739388,1037.321439427038,-779.9455262043848
4,5,2000,58318.95,0,-1.0,-1.0,0.0,462.8839779005525,598.7192307692308,-462.8839779005525,415.0,359.6178527270307,0.0,-464.8839779005525
3,2,2012,58318.95,0,0.0,0.0,0.0,361.5824175824176,702.5423076923076,-361.5824175824176,0.0,0.0,0.0,-361.5824175824176
6,0,2018,451279.26,1088487660,0.22188449848024305,0.7022184959435016,2412.004619933121,1817.2122905027934,726.1538461538462,594.7877094972066,1462.0,1284.9295700543278,2412.004619933121,595.7118124916303
5,0,2015,27.48,0,0.0,0.0,0.0,536.2277777777778,726.1538461538462,-536.2277777777778,574.3333333333334,994.7745138137246,0.0,-536.2277777777778
8,1,2009,39751.64,65388636,-0.2948992713244749,-0.9699822409966306,1644.9292658114232,549.7857142857143,2015.483870967742,1095.2142857142858,2104.0,397.50597479786387,1644.9292658114232,1093.9494042019646
4,4,2001,4540.0,5720000,0.3221406086044072,-0.9609745447598774,1259.9118942731277,462.8839779005525,1501.899613899614,797.1160220994475,1149.6666666666667,170.74054390604766,1259.9118942731277,796.477188163292
2,6,2022,58318.95,0,0.0,0.0,0.0,1148.8333333333333,929.4653846153847,-1148.8333333333333,1121.3333333333333,1942.206305553903,0.0,-1148.8333333333333
7,0,2019,93643.58,181893969,0.2424824056301984,67.97170322149107,1942.4072531186869,1491.7666666666667,726.1538461538462,450.23333333333335,1168.3333333333333,1029.3990156073262,1942.4072531186869,518.4475189604547
5,6,2011,116.51,140048,0.0,0.0,1202.0255772036735,536.2277777777778,929.4653846153847,665.7722222222222,1022.3333333333334,945.3921584894462,1202.0255772036735,-361.5824175824176
5,2,2020,58318.95,0,0.0,0.0,0.0,536.2277777777778,702.5423076923076,-536.2277777777778,536.6666666666666,929.5339333952975,0.0,-536.2277777777778
5,5,2012,58318.95,0,0.0,0.0,0.0,536.2277777777778,598.7192307692308,-536.2277777777778,380.0,658.179306876174,0.0,-536.2277777777778
3,2,2014,58318.95,0,0.0,0.0,0.0,361.5824175824176,702.5423076923076,-361.5824175824176,0.0,0.0,0.0,-361.5824175824176
1,2,2001,187850.0,178948000,0.0,0.0,952.6111258983232,1625.4222222222222,702.5423076923076,-672.4222222222222,634.3333333333334,549.3508290094167,952.6111258983232,-361.5824175824176
2,6,2014,2016.18,4068453,0.0,0.0,2017.9016754456447,1148.8333333333333,929.4653846153847,869.1666666666667,1589.6666666666667,1424.641124400576,2017.9016754456447,-361.5824175824176
2,4,2012,60122.37,110820634,-0.30947920569501686,0.4638621243680212,1843.251255730604,1148.8333333333333,1501.899613899614,694.1666666666667,2233.3333333333335,414.8618243865417,1843.251255730604,694.3210495853398
6,5,2012,1293514.25,1676543275,-0.007656967840735107,0.2795297629314639,1296.1150408663839,1817.2122905027934,598.7192307692308,-521.2122905027934,867.3333333333334,751.1493415648673,1296.1150408663839,-520.9404177077026
1,3,2011,5769.06,7340443,0.0,0.0,1272.3811158143612,1625.4222222222222,382.8538461538462,-353.4222222222222,424.0,734.3895424092044,1272.3811158143612,-361.5824175824176
5,1,1997,1170.0,1271000,-0.33251382913337435,-0.731516687790452,1086.3247863247864,536.2277777777778,2015.483870967742,549.7722222222222,1540.0,417.35716119410256,1086.3247863247864,548.7081917052984
9,5,2012,152740.04,193845690,0.0,0.0,1269.1216396172215,1323.2252747252746,598.7192307692308,-54.22527472527463,423.0,732.6574916016356,1269.1216396172215,-361.5824175824176
4,3,2018,58318.95,0,-1.0,-1.0,0.0,462.8839779005525,382.8538461538462,-462.8839779005525,495.6666666666667,858.519850284974,0.0,-464.8839779005525
3,0,2005,58318.95,0,-1.0,-1.0,0.0,361.5824175824176,726.1538461538462,-361.5824175824176,170.0,294.44863728670884,0.0,-363.5824175824176
2,4,2019,56675.14,151995631,0.1640625,0.5985531058918114,2681.8748220119087,1148.8333333333333,1501.899613899614,1533.1666666666667,2614.0,282.21268575313167,2681.8748220119087,1533.9292822725586
6,6,2014,837000.48,2302851378,0.300709219858156,1.0561332331466047,2751.314285984639,1817.2122905027934,929.4653846153847,933.7877094972066,1622.0,1440.2385219122575,2751.314285984639,935.1445519502114
2,1,2018,50681.11,203375051,0.6610099337748345,2.5379965952086345,4012.8373470904644,1148.8333333333333,2015.483870967742,2864.166666666667,3502.3333333333335,941.3534582362411,4012.8373470904644,2867.3656731956503
8,6,2009,7370.25,7976504,-0.43231899265477436,-0.9947359061572213,1082.2569112309623,549.7857142857143,929.4653846153847,532.2142857142857,1498.3333333333333,412.0683600245662,1082.2569112309623,530.7872308154737
8,1,2001,26570.0,19049000,-0.6378787878787879,-0.9889553343027638,716.936394429808,549.7857142857143,2015.483870967742,167.21428571428567,1471.6666666666667,666.5600748119654,716.936394429808,165.58745159210412
1,0,2004,357174.0,367108600,0.0,0.0,1027.8144545795606,1625.4222222222222,726.1538461538462,-597.4222222222222,700.3333333333334,606.9236635140642,1027.8144545795606,-361.5824175824176
5,1,2020,1712.35,3963292,0.0,0.0,2314.533827780536,536.2277777777778,2015.483870967742,1778.7722222222224,2153.6666666666665,2077.7031388851806,2314.533827780536,-361.5824175824176
3,4,2007,7553.31,9368009,0.0625535561268209,0.4669181157323372,1240.2521543535217,361.5824175824176,1501.899613899614,878.4175824175825,1278.6666666666667,135.21217893863147,1240.2521543535217,878.9470540894416
5,4,2015,7304.98,13368997,-0.22784810126582278,0.8495945459292102,1830.1209585789422,536.2277777777778,1501.899613899614,1293.7722222222224,2106.3333333333335,270.2227476237504,1830.1209585789422,1294.3939686668857
2,0,2002,1047.11,1044418,0.12528216704288941,-0.8190584131190438,997.4291144196885,1148.8333333333333,726.1538461538462,-151.83333333333326,1060.6666666666667,213.73425867963476,997.4291144196885,-152.5271095794094
4,0,2002,9.41,2121,-0.7972972972972973,-0.9999720822984358,225.39851222104144,462.8839779005525,726.1538461538462,-237.8839779005525,777.3333333333334,481.65997688549237,225.39851222104144,-239.68124728014826
6,6,2009,794835.8,1515266300,0.2647644326476444,1.3151434912868347,1906.3890931938395,1817.2122905027934,929.4653846153847,88.7877094972066,1137.6666666666667,1005.2434199403318,1906.3890931938395,90.36761742114109
6,1,2016,1125747.85,3953859374,0.0011402508551880963,1.1792431698800199,3512.206906724272,1817.2122905027934,2015.483870967742,1694.7877094972066,3146.6666666666665,629.3149714835423,3512.206906724272,1695.9680929179417
7,3,2007,460.99,332400,0.0,0.0,721.056855897091,1491.7666666666667,382.8538461538462,-770.7666666666667,240.33333333333334,416.2695440857203,721.056855897091,-361.5824175824176
5,2,2022,58318.95,0,0.0,0.0,0.0,536.2277777777778,702.5423076923076,-536.2277777777778,785.0,1359.6598839415697,0.0,-536.2277777777778
0,3,2007,58318.95,0,0.0,-1.0,0.0,425.4088397790055,382.8538461538462,-425.4088397790055,0.0,0.0,0.0,-426.4088397790055
6,4,1999,351260.0,493269000,0.14893617021276606,-0.025524063146374232,1404.284575528099,1817.2122905027934,1501.899613899614,-413.2122905027934,2044.3333333333333,1269.9709970441584,1404.284575528099,-413.088878395727
7,2,2019,9670.25,15381202,-0.20529470529470528,-0.6394085947254571,1590.569220030506,1491.7666666666667,702.5423076923076,99.23333333333335,1197.6666666666667,1057.3714263839988,1590.569220030506,98.38863003331319
4,5,2017,58318.95,0,-1.0,-1.0,0.0,462.8839779005525,598.7192307692308,-462.8839779005525,876.0,762.1423751504703,0.0,-464.8839779005525
1,2,2016,256064.53,54275220,0.0,0.0,211.9591495159443,1625.4222222222222,702.5423076923076,519.5777777777778,1310.6666666666667,1149.0980520970925,211.9591495159443,-361.5824175824176
1,3,2007,7657.62,7583392,0.0,0.0,990.3066488021083,1625.4222222222222,382.8538461538462,-635.4222222222222,330.0,571.5767664977297,990.3066488021083,-361.5824175824176
9,0,2013,98162.52,158810944,0.0,0.0,1617.8368688986386,1323.2252747252746,726.1538461538462,294.77472527472537,809.0,808.9999999999999,1617.8368688986386,-361.5824175824176
6,4,2006,542045.77,817642891,-0.04797979797979801,-0.03980706907568454,1508.4388371852804,1817.2122905027934,1501.899613899614,-309.2122905027934,1244.3333333333333,523.8819841656447,1508.4388371852804,-309.30007736984885
0,4,2012,58318.95,0,-1.0,-1.0,0.0,425.4088397790055,1501.899613899614,-425.4088397790055,1309.6666666666667,1158.8038372966028,0.0,-427.4088397790055
0,5,2016,58318.95,0,-1.0,-1.0,0.0,425.4088397790055,598.7192307692308,-425.4088397790055,388.6666666666667,673.1904138751049,0.0,-427.4088397790055
4,0,2011,58318.95,0,-1.0,-1.0,0.0,462.8839779005525,726.1538461538462,-462.8839779005525,972.0,899.1351400095535,0.0,-464.8839779005525
4,5,2015,58318.95,0,-1.0,-1.0,0.0,462.8839779005525,598.7192307692308,-462.8839779005525,840.6666666666666,736.1530637940278,0.0,-464.8839779005525
4,4,2017,2846.94,6168695,-0.026067415730337107,-0.9715589678530966,2166.7808243236595,462.8839779005525,1501.899613899614,1704.1160220994475,2275.6666666666665,141.00118202812538,2166.7808243236595,1703.1183957158642
1,3,2001,12910.0,12873000,0.0,0.0,997.13400464756,1625.4222222222222,382.8538461538462,-628.4222222222222,332.3333333333333,575.6182183820569,997.13400464756,-361.5824175824176
8,6,2004,10128.0,11857300,-0.2864107251675807,-0.9870108871579517,1170.7444707740917,549.7857142857143,929.4653846153847,621.2142857142857,1352.6666666666667,252.50412537884318,1170.7444707740917,619.9408641019602
2,6,2000,58318.95,0,-1.0,-1.0,0.0,1148.8333333333333,929.4653846153847,-1148.8333333333333,653.0,647.5700734283511,0.0,-1150.8333333333333
2,4,2004,48006.0,54012800,0.290137614678899,0.9977512131613209,1125.1260259134274,1148.8333333333333,1501.899613899614,-23.833333333333258,1169.0,321.26780106322457,1125.1260259134274,-22.545444505493037
5,3,2012,58318.95,0,0.0,0.0,0.0,536.2277777777778,382.8538461538462,-536.2277777777778,494.0,855.6330989390257,0.0,-536.2277777777778
0,6,2017,58318.95,0,-1.0,-1.0,0.0,425.4088397790055,929.4653846153847,-425.4088397790055,658.6666666666666,1140.8441319187023,0.0,-427.4088397790055
7,0,2000,5730.0,57877000,0.0,0.0,10100.698080279231,1491.7666666666667,726.1538461538462,-471.76666666666665,562.0,517.8918806082984,10100.698080279231,-361.5824175824176
8,5,1999,58318.95,0,-1.0,-1.0,0.0,549.7857142857143,598.7192307692308,-549.7857142857143,537.0,465.9281060421237,0.0,-551.7857142857143
5,5,2014,58318.95,0,0.0,0.0,0.0,536.2277777777778,598.7192307692308,-536.2277777777778,420.6666666666667,728.6160397173085,0.0,-536.2277777777778
1,0,2002,274628.32,312728240,0.5247657295850068,19565.304198210597,1138.7326696678624,1625.4222222222222,726.1538461538462,-486.4222222222222,997.6666666666666,217.6725369295196,1138.7326696678624,19079.406741717958
9,6,2013,111846.34,205272449,0.0,0.0,1835.3076998317513,1323.2252747252746,929.4653846153847,511.77472527472537,997.6666666666666,927.9473763815141,1835.3076998317513,-361.5824175824176
2,4,1996,35070.0,38884000,0.9803571428571429,1.3823060899399584,1108.7539207299687,1148.8333333333333,1501.899613899614,-39.83333333333326,1096.0,529.6196748611214,1108.7539207299687,-37.470670100536154
7,6,2022,142738.62,409266109,0.0,0.0,2867.2415986647484,1491.7666666666667,929.4653846153847,1375.2333333333333,955.6666666666666,1655.2632217666592,2867.2415986647484,-361.5824175824176
1,4,2006,537623.62,851540211,1.4711388455538223,585.5014009248583,1583.8965761958152,1625.4222222222222,1501.899613899614,-41.42222222222222,1273.3333333333333,547.6443493119715,1583.8965761958152,545.5503175481899
7,3,2019,368.68,538295,0.0,0.0,1460.0602148204405,1491.7666666666667,382.8538461538462,-31.76666666666665,486.6666666666667,842.9313930168541,1460.0602148204405,-361.5824175824176
8,5,2012,58318.95,0,-1.0,-1.0,0.0,549.7857142857143,598.7192307692308,-549.7857142857143,867.3333333333334,751.1493415648673,0.0,-551.7857142857143
8,3,2012,58318.95,0,-1.0,-1.0,0.0,549.7857142857143,382.8538461538462,-549.7857142857143,975.3333333333334,864.4722860412202,0.0,-551.7857142857143
7,0,2017,84037.3,151506493,0.24516574585635365,134.34785409143942,1802.8481757505297,1491.7666666666667,726.1538461538462,311.23333333333335,1083.6666666666667,955.1211092491532,1802.8481757505297,445.8263531706291
8,0,1998,4190.0,1595000,-0.7198529411764706,-0.9966747625947275,380.66825775656326,549.7857142857143,726.1538461538462,-168.78571428571433,899.3333333333334,492.0409874526036,380.66825775656326,-170.50224198948553
3,1,2000,300.0,270000,-0.2146596858638743,-0.8340503995082975,900.0,361.5824175824176,2015.483870967742,538.4175824175825,1355.3333333333333,588.6130590917371,900.0,537.3688723322103
0,5,1998,4660.0,2199000,-0.1945392491467577,-0.9685753890564043,471.88841201716735,425.4088397790055,598.7192307692308,46.59116022099448,352.6666666666667,310.6917014233457,471.88841201716735,45.42804558279132
6,0,2000,385760.0,398704000,0.38791946308724823,0.9960449969211052,1033.5545416839486,1817.2122905027934,726.1538461538462,-783.2122905027934,593.0,533.4950796399157,1033.5545416839486,-781.8283260427851
1,6,1999,244900.0,246588000,0.0,0.0,1006.8926092282564,1625.4222222222222,929.4653846153847,-618.4222222222222,686.0,594.5006307818354,1006.8926092282564,-361.5824175824176
4,3,2012,58318.95,0,-1.0,-1.0,0.0,462.8839779005525,382.8538461538462,-462.8839779005525,494.0,855.6330989390257,0.0,-464.8839779005525
1,6,2009,434386.4,654502110,0.0,0.0,1506.727904004361,1625.4222222222222,929.4653846153847,-118.42222222222222,959.6666666666666,833.832317275682,1506.727904004361,-361.5824175824176
9,0,2019,91579.93,168685384,0.0,0.0,1841.947072901235,1323.2252747252746,726.1538461538462,518.7747252747254,614.0,1063.4791958472904,1841.947072901235,-361.5824175824176
1,4,2021,597440.83,1588192136,1.0765625,530.6300476568093,2658.3254043751917,1625.4222222222222,1501.899613899614,1032.5777777777778,2317.0,915.441423576624,2658.3254043751917,1564.2843879345871
5,2,2016,58318.95,0,0.0,0.0,0.0,536.2277777777778,702.5423076923076,-536.2277777777778,465.0,805.4036255195264,0.0,-536.2277777777778
1,0,2017,323655.73,608069113,0.0,0.0,1878.7528124405524,1625.4222222222222,726.1538461538462,253.57777777777778,1218.3333333333333,1056.3637315495705,1878.7528124405524,-361.5824175824176
9,1,2019,67675.62,173597203,0.23913043478260865,274.71085311331166,2565.136499672999,1323.2252747252746,2015.483870967742,1241.7747252747254,2351.6666666666665,254.476587004251,2565.136499672999,1516.7247088228196
0,2,1998,58318.95,0,-1.0,-1.0,0.0,425.4088397790055,702.5423076923076,-425.4088397790055,288.6666666666667,499.98533311821586,0.0,-427.4088397790055
1,0,1996,295850.0,250946000,0.0,0.0,848.2203819503127,1625.4222222222222,726.1538461538462,-777.4222222222222,594.3333333333334,516.5426732936335,848.2203819503127,-361.5824175824176
0,6,1999,58318.95,0,-1.0,-1.0,0.0,425.4088397790055,929.4653846153847,-425.4088397790055,350.3333333333333,606.7951329182969,0.0,-427.4088397790055
4,1,2004,5967.0,0,-1.0,-1.0,0.0,462.8839779005525,2015.483870967742,-462.8839779005525,1164.6666666666667,1009.1706165625967,0.0,-464.8839779005525
1,4,1997,26220.0,802120000,0.0,0.0,30591.914569031273,1625.4222222222222,1501.899613899614,-344.4222222222222,979.6666666666666,869.1043282214935,30591.914569031273,-361.5824175824176
2,1,2005,27412.0,50018800,3.5173267326732676,3.8275569196320856,1824.7045089741719,1148.8333333333333,2015.483870967742,676.1666666666667,1354.6666666666667,823.3166664979714,1824.7045089741719,683.5115503189721
3,4,2015,9923.91,19479552,0.07267759562841536,0.4570690680834171,1962.8908363739695,361.5824175824176,1501.899613899614,1601.4175824175825,2054.3333333333335,281.34735352110414,1962.8908363739695,1601.9473290812944
0,6,2019,58318.95,0,-1.0,-1.0,0.0,425.4088397790055,929.4653846153847,-425.4088397790055,700.6666666666666,1213.5902658365947,0.0,-427.4088397790055
7,6,2014,118349.23,281685626,0.17938553022794856,68.23654420980161,2380.122168940178,1491.7666666666667,929.4653846153847,888.2333333333333,1466.0,1282.4305049397428,2380.122168940178,956.6492630733629
0,2,2004,58318.95,0,-1.0,-1.0,0.0,425.4088397790055,702.5423076923076,-425.4088397790055,348.6666666666667,603.9083815723484,0.0,-427.4088397790055
9,0,2008,114923.43,156680340,0.0,0.0,1363.3454901232935,1323.2252747252746,726.1538461538462,39.77472527472537,454.3333333333333,786.9284169054598,1363.3454901232935,-361.5824175824176
1,2,2010,164321.16,249509251,0.0,0.0,1518.4243526518435,1625.4222222222222,702.5423076923076,-107.42222222222222,888.6666666666666,791.5310059203824,1518.4243526518435,-361.5824175824176
3,1,2009,58318.95,0,0.0,0.0,0.0,361.5824175824176,2015.483870967742,-361.5824175824176,0.0,0.0,0.0,-361.5824175824176
6,5,2008,11843.87,13571832,-0.054455445544554504,-0.9893014583518563,1145.8950495066224,1817.2122905027934,598.7192307692308,-671.2122905027934,786.0,681.4954145113525,1145.8950495066224,-672.2560474066898
8,6,2019,58318.95,0,-1.0,-1.0,0.0,549.7857142857143,929.4653846153847,-549.7857142857143,1836.3333333333333,1598.0914658846468,0.0,-551.7857142857143
3,4,2002,6160.24,8574942,0.5296703296703296,1.4575583254901106,1391.981805903666,361.5824175824176,1501.899613899614,1030.4175824175825,1183.0,247.29132617218818,1391.981805903666,1032.4048110727429
1,4,2005,411949.0,566553200,1.2000000000000002,524.6083124594118,1375.299369582157,1625.4222222222222,1501.899613899614,-250.42222222222222,1098.0,411.6272585726069,1375.299369582157,275.3860902371896
6,6,1998,486470.0,76080000,0.39393939393939403,-0.6351341630098555,156.39196661664644,1817.2122905027934,929.4653846153847,-253.2122905027934,895.3333333333334,806.261330669736,156.39196661664644,-253.45348527186385
5,5,2010,58318.95,0,0.0,0.0,0.0,536.2277777777778,598.7192307692308,-536.2277777777778,396.0,685.8921197972758,0.0,-536.2277777777778
9,6,1998,42040.0,35324000,0.0,0.0,840.2473834443388,1323.2252747252746,929.4653846153847,-483.22527472527463,513.3333333333334,450.0370355130047,840.2473834443388,-361.5824175824176
4,1,2014,4666.49,10107013,-0.3053239255933291,-0.9886150540755398,2165.870493668689,462.8839779005525,2015.483870967742,1703.1160220994475,2821.3333333333335,568.3813273967853,2165.870493668689,1701.8220831197787
3,5,2020,58318.95,0,0.0,0.0,0.0,361.5824175824176,598.7192307692308,-361.5824175824176,0.0,0.0,0.0,-361.5824175824176
5,2,2008,58318.95,0,0.0,0.0,0.0,536.2277777777778,702.5423076923076,-536.2277777777778,373.6666666666667,647.2096517615697,0.0,-536.2277777777778
3,6,2005,58318.95,0,0.0,0.0,0.0,361.5824175824176,929.4653846153847,-361.5824175824176,0.0,0.0,0.0,-361.5824175824176
2,1,2000,29540.0,49354000,2.8770301624129933,3.726036579526956,1670.7515233581585,1148.8333333333333,2015.483870967742,522.1666666666667,1344.3333333333333,801.5817695864425,1670.7515233581585,528.7697334086067
4,5,2020,58318.95,0,-1.0,-1.0,0.0,462.8839779005525,598.7192307692308,-462.8839779005525,1024.0,887.667167354972,0.0,-464.8839779005525
8,5,2000,58318.95,0,-1.0,-1.0,0.0,549.7857142857143,598.7192307692308,-549.7857142857143,546.3333333333334,473.3036375661334,0.0,-551.7857142857143
3,6,2018,58318.95,0,0.0,0.0,0.0,361.5824175824176,929.4653846153847,-361.5824175824176,0.0,0.0,0.0,-361.5824175824176
4,4,2012,3324.79,5497360,0.031191515907673217,-0.9720543169331011,1653.4457815380822,462.8839779005525,1501.899613899614,1190.1160220994475,1699.6666666666667,126.62279942147367,1653.4457815380822,1189.1751592984222
1,5,2010,1001028.47,1286056342,0.0,0.0,1284.7350305631169,1625.4222222222222,598.7192307692308,-340.4222222222222,790.3333333333334,691.6432124537431,1284.7350305631169,-361.5824175824176
2,1,1997,21730.0,44378000,1.339060710194731,2.1087915936952712,2042.2457432121491,1148.8333333333333,2015.483870967742,893.1666666666667,1655.3333333333333,677.5354849255746,2042.2457432121491,896.6145189705568
9,1,1997,41740.0,82755000,0.0,0.0,1982.6305701964543,1323.2252747252746,2015.483870967742,659.7747252747254,1616.3333333333333,1467.760993259234,1982.6305701964543,-361.5824175824176
9,4,2013,208390.45,505138377,0.6478585995921142,35.57340254938736,2423.9996458570918,1323.2252747252746,1501.899613899614,1100.7747252747254,1941.0,476.63298249281587,2423.9996458570918,1136.9959864237048
0,0,2013,58318.95,0,-1.0,-1.0,0.0,425.4088397790055,726.1538461538462,-425.4088397790055,539.3333333333334,934.1527355488146,0.0,-427.4088397790055
0,4,1999,58318.95,6434000,1.6171641791044777,-0.9558186325338021,110.32434568866553,425.4088397790055,1501.899613899614,3081.5911602209944,1867.6666666666667,1449.422068734064,110.32434568866553,3082.2525057675653
5,1,2006,933.06,1214117,-0.3948837209302326,-0.9033223181296981,1301.2207146378582,536.2277777777778,2015.483870967742,764.7722222222222,1754.3333333333333,427.42757671134467,1301.2207146378582,763.4740161831623
4,6,1998,58318.95,0,-1.0,-1.0,0.0,462.8839779005525,929.4653846153847,-462.8839779005525,478.3333333333333,828.4976362871132,0.0,-464.8839779005525
7,6,1999,82340.0,93416000,0.0,0.0,1134.5154238523196,1491.7666666666667,929.4653846153847,-356.76666666666665,378.3333333333333,655.2925555302253,1134.5154238523196,-361.5824175824176
6,2,2001,63530.0,48582000,-0.19727177334732426,-0.7285133111294901,764.7095860223517,1817.2122905027934,702.5423076923076,-1052.2122905027934,572.6666666666666,504.7735465863215,764.7095860223517,-1053.1380755872701
0,3,1996,58318.95,0,0.0,0.0,0.0,425.4088397790055,382.8538461538462,-425.4088397790055,0.0,0.0,0.0,-425.4088397790055
9,5,2013,161798.11,212223454,0.0,0.0,1311.6559519762006,1323.2252747252746,598.7192307692308,-11.22527472527463,437.3333333333333,757.4835531767895,1311.6559519762006,-361.5824175824176
6,6,1999,599140.0,711278000,0.17874875868917584,1.8844793745032198,1187.1649364088528,1817.2122905027934,929.4653846153847,-630.2122905027934,731.3333333333334,639.715822325299,1187.1649364088528,-628.149062369601
2,0,1996,58318.95,0,-1.0,-1.0,0.0,1148.8333333333333,726.1538461538462,-1148.8333333333333,549.6666666666666,631.8546773850245,0.0,-1150.8333333333333
9,3,2001,65091.0,0,0.0,0.0,0.0,1323.2252747252746,382.8538461538462,-1323.2252747252746,0.0,0.0,0.0,-1323.2252747252746
8,1,2007,37019.2,23627364,-0.7268835616438356,-0.9893368929489015,638.2462073734711,549.7857142857143,2015.483870967742,88.21428571428567,1759.6666666666667,971.5154828068015,638.2462073734711,86.49806525969292
4,4,1998,3290.0,4384000,0.1491379310344827,-0.945706288856414,1332.5227963525836,462.8839779005525,1501.899613899614,870.1160220994475,1295.0,120.57777573002318,1332.5227963525836,869.3194537416256
4,5,2010,58318.95,0,-1.0,-1.0,0.0,462.8839779005525,598.7192307692308,-462.8839779005525,722.6666666666666,634.4299278354811,0.0,-464.8839779005525
5,6,1999,80.0,54000,0.0,0.0,675.0,536.2277777777778,929.4653846153847,138.77222222222224,603.3333333333334,570.8838177189239,675.0,-361.5824175824176
3,0,2011,58318.95,2811,-1.0,-0.8310290935320991,0.048200456283935156,361.5824175824176,726.1538461538462,-361.5824175824176,317.3333333333333,549.6374562685239,0.048200456283935156,-363.4134466759497
1,5,2006,907057.42,865824040,1.0851528384279474,1057.874942979125,954.5415989210474,1625.4222222222222,598.7192307692308,-670.4222222222222,770.6666666666666,272.2211111088439,954.5415989210474,388.5378735953309
6,6,2019,897118.0,2685287615,0.12129380053908356,0.8118819280525256,2993.2379185346854,1817.2122905027934,929.4653846153847,1094.7877094972066,1836.3333333333333,1598.0914658846468,2993.2379185346854,1095.7208852257982
0,3,2011,58318.95,0,0.0,0.0,0.0,425.4088397790055,382.8538461538462,-425.4088397790055,0.0,0.0,0.0,-425.4088397790055
3,6,2019,58318.95,0,-1.0,-1.0,0.0,361.5824175824176,929.4653846153847,-361.5824175824176,450.3333333333333,780.0002136751851,0.0,-363.5824175824176
1,1,2009,396715.7,925964400,-0.177299964751498,23.790604374531895,2334.07551049782,1625.4222222222222,2015.483870967742,708.5777777777778,2302.3333333333335,551.1826678455461,2334.07551049782,732.1910821875582
9,2,2018,82021.79,185826511,0.0,0.0,2265.574928320877,1323.2252747252746,702.5423076923076,942.7747252747254,755.3333333333334,1308.275709983691,2265.574928320877,-361.5824175824176
0,1,2012,4333.21,14049806,0.36793248945147683,-0.9085363398927679,3242.35520549431,425.4088397790055,2015.483870967742,2816.5911602209944,2396.3333333333335,832.8123037835913,3242.35520549431,2816.0505563705533
4,3,2001,58318.95,0,-1.0,-1.0,0.0,462.8839779005525,382.8538461538462,-462.8839779005525,163.0,282.3242816337273,0.0,-464.8839779005525
6,0,2016,439971.07,980086302,11.241758241758241,0.7018199947314556,2227.6153338900212,1817.2122905027934,726.1538461538462,410.7877094972066,803.3333333333334,1237.1488727446397,2227.6153338900212,422.7312877336963
5,3,2008,58318.95,0,0.0,0.0,0.0,536.2277777777778,382.8538461538462,-536.2277777777778,228.0,394.90758412570415,0.0,-536.2277777777778
0,0,2006,501.93,22697,-0.9594229035166817,-0.9997413368677541,45.219452911760605,425.4088397790055,726.1538461538462,-380.4088397790055,384.6666666666667,627.6944585810306,45.219452911760605,-382.36800401938996
7,0,2001,118410.0,123128000,0.0,0.0,1039.8446077189426,1491.7666666666667,726.1538461538462,-451.76666666666665,548.0,522.2566418917044,1039.8446077189426,-361.5824175824176
6,0,2005,532141.0,747348200,0.32327992459943444,0.8732165111142525,1404.4176261554737,1817.2122905027934,726.1538461538462,-413.2122905027934,936.0,541.4323595796614,1404.4176261554737,-412.0157940670797
5,0,2002,18.04,0,-1.0,-1.0,0.0,536.2277777777778,726.1538461538462,-536.2277777777778,445.0,586.7921267365468,0.0,-538.2277777777778
3,6,1996,58318.95,0,0.0,0.0,0.0,361.5824175824176,929.4653846153847,-361.5824175824176,0.0,0.0,0.0,-361.5824175824176
7,2,2016,3781.22,5273914,-0.12648716343143396,-0.8982351027818103,1394.7651816080524,1491.7666666666667,702.5423076923076,-96.76666666666665,997.3333333333334,869.6012496157832,1394.7651816080524,-97.7913889328799
6,1,2000,747550.0,1443799000,0.13856132075471694,1.7505910593345462,1931.3744900006689,1817.2122905027934,2015.483870967742,113.7877094972066,1845.0,129.54921844611707,1931.3744900006689,115.67686187729586
0,6,1997,58318.95,0,-1.0,-1.0,0.0,425.4088397790055,929.4653846153847,-425.4088397790055,336.6666666666667,583.1237718815217,0.0,-427.4088397790055
1,2,2004,156868.0,155581100,0.0,0.0,991.7962873243746,1625.4222222222222,702.5423076923076,-633.4222222222222,679.3333333333334,588.9391592799151,991.7962873243746,-361.5824175824176
1,4,2008,499133.91,790774634,0.0,381.3279500462937,1584.2935496007476,1625.4222222222222,1501.899613899614,-41.42222222222222,1057.6666666666667,915.9696137609221,1584.2935496007476,-361.5824175824176
9,6,2008,103956.9,147749567,0.0,0.0,1421.2579155399978,1323.2252747252746,929.4653846153847,97.77472527472537,845.6666666666666,748.077758881611,1421.2579155399978,-361.5824175824176
7,6,2021,147640.62,431681366,0.0,0.0,2923.865843966247,1491.7666666666667,929.4653846153847,1432.2333333333333,974.6666666666666,1688.1721871104671,2923.865843966247,-361.5824175824176
5,1,2018,1397.66,3382752,-0.08610271903323263,-0.7311596705173072,2420.296781763805,536.2277777777778,2015.483870967742,1883.7722222222224,2958.0,743.1850375243017,2420.296781763805,1882.9549598326719
5,5,2006,1.36,0,0.0,0.0,0.0,536.2277777777778,598.7192307692308,-536.2277777777778,251.0,434.7447526997883,0.0,-536.2277777777778
5,5,2008,58318.95,0,0.0,0.0,0.0,536.2277777777778,598.7192307692308,-536.2277777777778,329.6666666666667,570.99941622854,0.0,-536.2277777777778
5,1,2005,1149.0,1014800,0.0,0.0,883.2027850304613,536.2277777777778,2015.483870967742,346.77222222222224,801.3333333333334,763.7816005464721,883.2027850304613,-361.5824175824176
9,3,2018,58318.95,0,0.0,0.0,0.0,1323.2252747252746,382.8538461538462,-1323.2252747252746,0.0,0.0,0.0,-1323.2252747252746
9,3,2010,58318.95,0,0.0,0.0,0.0,1323.2252747252746,382.8538461538462,-1323.2252747252746,0.0,0.0,0.0,-1323.2252747252746
8,0,2019,58318.95,0,-1.0,-1.0,0.0,549.7857142857143,726.1538461538462,-549.7857142857143,1478.3333333333333,1294.9642208699559,0.0,-551.7857142857143
8,5,2021,58318.95,0,-1.0,-1.0,0.0,549.7857142857143,598.7192307692308,-549.7857142857143,1287.0,1114.5748068209687,0.0,-551.7857142857143
3,4,2008,7135.92,9432046,0.0934656741108355,0.3658714809829535,1321.7701431630398,361.5824175824176,1501.899613899614,960.4175824175825,1398.6666666666667,237.47069994702966,1321.7701431630398,960.8769195726762
5,6,2015,58318.95,0,0.0,0.0,0.0,536.2277777777778,929.4653846153847,-536.2277777777778,812.3333333333334,1407.0026060151192,0.0,-536.2277777777778
5,3,2009,58318.95,0,0.0,0.0,0.0,536.2277777777778,382.8538461538462,-536.2277777777778,287.3333333333333,497.67593204145794,0.0,-536.2277777777778
9,3,2007,58318.95,576380,0.0,0.0,9.883236923847223,1323.2252747252746,382.8538461538462,-1323.2252747252746,373.3333333333333,646.6323014923811,9.883236923847223,-361.5824175824176
8,6,2021,58318.95,0,-1.0,-1.0,0.0,549.7857142857143,929.4653846153847,-549.7857142857143,2043.6666666666667,1785.3347958669658,0.0,-551.7857142857143
3,5,2001,58318.95,0,0.0,0.0,0.0,361.5824175824176,598.7192307692308,-361.5824175824176,0.0,0.0,0.0,-361.5824175824176
0,0,2007,58318.95,0,-1.0,-1.0,0.0,425.4088397790055,726.1538461538462,-425.4088397790055,661.6666666666666,606.7555795650611,0.0,-427.4088397790055
2,3,2013,58318.95,0,0.0,0.0,0.0,1148.8333333333333,382.8538461538462,-1148.8333333333333,575.6666666666666,997.0839148904838,0.0,-1148.8333333333333
6,2,1997,46700.0,41706000,-0.17084493964716807,-0.7806159753820258,893.0620985010706,1817.2122905027934,702.5423076923076,-924.2122905027934,656.6666666666666,576.0836166159676,893.0620985010706,-925.1637514178226
9,6,2004,74466.0,86668600,0.0,0.0,1163.8680740203583,1323.2252747252746,929.4653846153847,-159.22527472527463,571.0,582.3117721633319,1163.8680740203583,-361.5824175824176
7,3,2017,58318.95,0,0.0,0.0,0.0,1491.7666666666667,382.8538461538462,-1491.7666666666667,0.0,0.0,0.0,-1491.7666666666667
5,2,2015,58318.95,0,0.0,0.0,0.0,536.2277777777778,702.5423076923076,-536.2277777777778,503.0,871.2215562071447,0.0,-536.2277777777778
4,0,2008,58318.95,0,-1.0,-1.0,0.0,462.8839779005525,726.1538461538462,-462.8839779005525,860.6666666666666,745.3591975238065,0.0,-464.8839779005525
3,4,2021,11241.97,11611922,-0.4906311637080868,-0.3106584834812194,1032.9081113007774,361.5824175824176,1501.899613899614,671.4175824175825,1429.0,527.6485572803131,1032.9081113007774,670.6162927703932
8,0,2005,5706.0,3899200,-0.5135327635327636,-0.9947826194001671,683.3508587451805,549.7857142857143,726.1538461538462,133.21428571428567,1049.3333333333333,360.64155796764896,683.3508587451805,131.70597033135275
2,6,2018,2455.71,5908357,0.0,0.0,2405.966909773548,1148.8333333333333,929.4653846153847,1257.1666666666667,1792.3333333333333,1577.7041336490627,2405.966909773548,-361.5824175824176
1,1,2013,434641.83,1262972851,0.2445396145610279,6.836786004040729,2905.778422201103,1625.4222222222222,2015.483870967742,1280.5777777777778,2316.3333333333335,599.21810164024,2905.778422201103,1287.6591033963796
9,2,2004,51709.0,54081000,0.0,0.0,1045.8720918988956,1323.2252747252746,702.5423076923076,-277.22527472527463,348.6666666666667,603.9083815723484,1045.8720918988956,-361.5824175824176
7,1,2006,206397.39,374015890,-0.08253164556962023,4.968705142358821,1812.1154051415087,1491.7666666666667,2015.483870967742,320.23333333333335,1461.3333333333333,752.9583875177511,1812.1154051415087,325.11950683012253
1,0,2021,311401.39,728902314,0.0,0.0,2340.7163147216525,1625.4222222222222,726.1538461538462,715.5777777777778,1407.3333333333333,1240.2984855805203,2340.7163147216525,-361.5824175824176
1,4,2001,520870.0,570791000,0.0,0.0,1095.8415727532781,1625.4222222222222,1501.899613899614,-529.4222222222222,789.6666666666666,689.5740230992852,1095.8415727532781,-361.5824175824176
5,6,2000,200.0,143000,0.0,0.0,715.0,536.2277777777778,929.4653846153847,178.77222222222224,604.0,556.8599464856492,715.0,-361.5824175824176
5,2,2007,58318.95,0,0.0,0.0,0.0,536.2277777777778,702.5423076923076,-536.2277777777778,383.6666666666667,664.5301598372588,0.0,-536.2277777777778
0,3,2016,58318.95,0,0.0,0.0,0.0,425.4088397790055,382.8538461538462,-425.4088397790055,0.0,0.0,0.0,-425.4088397790055
3,2,2005,58318.95,0,0.0,0.0,0.0,361.5824175824176,702.5423076923076,-361.5824175824176,0.0,0.0,0.0,-361.5824175824176
4,2,2022,58318.95,0,-1.0,-1.0,0.0,462.8839779005525,702.5423076923076,-462.8839779005525,1528.6666666666667,1325.3151826389578,0.0,-464.8839779005525
7,6,2012,125303.57,258140288,0.0,0.0,2060.119180961883,1491.7666666666667,929.4653846153847,568.2333333333333,1467.3333333333333,1278.5465706548732,2060.119180961883,-361.5824175824176
7,3,2000,60.0,0,0.0,0.0,0.0,1491.7666666666667,382.8538461538462,-1491.7666666666667,0.0,0.0,0.0,-1491.7666666666667
8,2,1998,58318.95,0,-1.0,-1.0,0.0,549.7857142857143,702.5423076923076,-549.7857142857143,581.3333333333334,504.06977030301385,0.0,-551.7857142857143
6,2,2014,99867.65,18289921,-0.06253203485392111,-0.9603976678538403,183.14159790482705,1817.2122905027934,702.5423076923076,11.787709497206606,1260.0,1092.8956949315882,183.14159790482705,10.764779794498844
1,3,2021,4561.04,6837950,0.0,0.0,1499.208513847719,1625.4222222222222,382.8538461538462,-126.42222222222222,499.6666666666667,865.4480535152501,1499.208513847719,-361.5824175824176
6,4,2020,629724.86,1901752085,0.10339788089148705,0.009860833242372857,3019.9730164694465,1817.2122905027934,1501.899613899614,1202.7877094972066,1919.0,1667.9157652591439,3019.9730164694465,1202.9009682113406
1,6,2018,554661.74,1404707481,0.0,0.0,2532.548001237655,1625.4222222222222,929.4653846153847,907.5777777777778,1505.3333333333333,1332.3461762369936,2532.548001237655,-361.5824175824176
7,1,2001,344800.0,579274000,-0.05405405405405406,11.226645278399257,1680.0290023201856,1491.7666666666667,2015.483870967742,188.23333333333335,1391.0,585.6714095804911,1680.0290023201856,199.40592455767856
5,1,2007,1366.38,2212699,-0.24697674418604654,-0.8238072525162441,1619.3877252301702,536.2277777777778,2015.483870967742,1082.7722222222224,1914.0,270.3719660023938,1619.3877252301702,1081.70143822552
8,0,2021,58318.95,0,-1.0,-1.0,0.0,549.7857142857143,726.1538461538462,-549.7857142857143,1712.3333333333333,1500.2734195250316,0.0,-551.7857142857143
8,6,2022,58318.95,0,-1.0,-1.0,0.0,549.7857142857143,929.4653846153847,-549.7857142857143,2050.3333333333335,1798.925327336669,0.0,-551.7857142857143
3,1,2018,304.17,629635,-0.14462809917355368,-0.8138690036987636,2070.0101916691324,361.5824175824176,2015.483870967742,1708.4175824175825,2379.3333333333335,291.1379970621013,2070.0101916691324,1707.4590853147101
3,5,1998,58318.95,0,0.0,0.0,0.0,361.5824175824176,598.7192307692308,-361.5824175824176,0.0,0.0,0.0,-361.5824175824176
8,4,2000,16250.0,7702000,-0.6602150537634408,-0.984994983391617,473.96923076923076,549.7857142857143,1501.899613899614,-75.78571428571433,968.6666666666666,464.2869084233726,473.96923076923076,-77.43092432286939
2,4,2007,58992.05,88717344,1.4575163398692812,4.940357082929519,1503.8864389354158,1148.8333333333333,1501.899613899614,355.16666666666674,1265.0,572.2438291497771,1503.8864389354158,361.56454008946554
5,3,2017,58318.95,0,0.0,0.0,0.0,536.2277777777778,382.8538461538462,-536.2277777777778,0.0,0.0,0.0,-536.2277777777778
9,4,2008,170504.48,270916987,0.28145161290322585,27.91937731912939,1588.9141857152374,1323.2252747252746,1501.899613899614,265.77472527472537,1332.0,225.541570447665,1588.9141857152374,293.975554206758
7,0,1998,49970.0,50575000,0.0,0.0,1012.1072643586152,1491.7666666666667,726.1538461538462,-479.76666666666665,464.3333333333333,511.12066416193096,1012.1072643586152,-361.5824175824176
3,1,2005,281.0,307100,0.23669309173272923,-0.6973787938510051,1092.88256227758,361.5824175824176,2015.483870967742,730.4175824175825,658.3333333333334,579.6312045890303,1092.88256227758,729.9568967154642
9,0,1999,78400.0,84442000,0.0,0.0,1077.0663265306123,1323.2252747252746,726.1538461538462,-246.22527472527463,359.0,621.806239917227,1077.0663265306123,-361.5824175824176
3,6,2002,58318.95,0,-1.0,-1.0,0.0,361.5824175824176,929.4653846153847,-361.5824175824176,183.0,316.96529778510404,0.0,-363.5824175824176
8,1,2011,28094.49,49264060,-0.32460531382364266,-0.9828976605435837,1753.5132333777904,549.7857142857143,2015.483870967742,1204.2142857142858,2307.6666666666665,479.65230462631223,1753.5132333777904,1202.9067827399185
0,2,2020,58318.95,0,-1.0,-1.0,0.0,425.4088397790055,702.5423076923076,-425.4088397790055,840.0,1454.9226783578563,0.0,-427.4088397790055
0,6,2015,58318.95,0,-1.0,-1.0,0.0,425.4088397790055,929.4653846153847,-425.4088397790055,623.0,1079.0676531154115,0.0,-427.4088397790055
0,0,2022,58318.95,0,0.0,0.0,0.0,425.4088397790055,726.1538461538462,-425.4088397790055,0.0,0.0,0.0,-425.4088397790055
8,3,2001,150.0,0,-1.0,-1.0,0.0,549.7857142857143,382.8538461538462,-549.7857142857143,774.3333333333334,690.4739917863186,0.0,-551.7857142857143
4,2,2019,58318.95,0,-1.0,-1.0,0.0,462.8839779005525,702.5423076923076,-462.8839779005525,1197.6666666666667,1057.3714263839988,0.0,-464.8839779005525
8,6,2001,3450.0,1968000,-0.6301103179753407,-0.9980131266904324,570.4347826086956,549.7857142857143,929.4653846153847,20.214285714285666,1052.3333333333333,485.53098081722254,570.4347826086956,18.58616226961989
5,2,2014,58318.95,0,0.0,0.0,0.0,536.2277777777778,702.5423076923076,-536.2277777777778,351.3333333333333,608.5271837258637,0.0,-536.2277777777778
7,5,2022,211639.3,328840228,0.02304147465437789,8.832409853692026,1553.7767701934376,1491.7666666666667,598.7192307692308,62.23333333333335,1024.3333333333333,887.2712850832792,1553.7767701934376,71.08878466167975
1,3,1998,8020.0,6883000,0.0,0.0,858.2294264339153,1625.4222222222222,382.8538461538462,-767.4222222222222,286.0,495.3665309646988,858.2294264339153,-361.5824175824176
9,2,2016,84280.34,150614872,0.0,0.0,1787.0700569076964,1323.2252747252746,702.5423076923076,463.77472527472537,595.6666666666666,1031.7249310418606,1787.0700569076964,-361.5824175824176
2,3,2020,58318.95,0,0.0,0.0,0.0,1148.8333333333333,382.8538461538462,-1148.8333333333333,735.0,1273.0573435631254,0.0,-1148.8333333333333
3,2,1997,58318.95,0,0.0,0.0,0.0,361.5824175824176,702.5423076923076,-361.5824175824176,0.0,0.0,0.0,-361.5824175824176
1,2,1999,273810.0,218018000,0.0,0.0,796.2382674117089,1625.4222222222222,702.5423076923076,-829.4222222222222,265.3333333333333,459.5708142749418,796.2382674117089,-361.5824175824176
8,4,2020,58318.95,0,-1.0,-1.0,0.0,549.7857142857143,1501.899613899614,-549.7857142857143,1919.0,1667.9157652591439,0.0,-551.7857142857143
0,4,2013,58318.95,0,-1.0,-1.0,0.0,425.4088397790055,1501.899613899614,-425.4088397790055,1298.3333333333333,1221.1897204502384,0.0,-427.4088397790055
5,5,2011,58318.95,0,0.0,0.0,0.0,536.2277777777778,598.7192307692308,-536.2277777777778,372.6666666666667,645.4776009540022,0.0,-536.2277777777778
0,6,2009,58318.95,0,-1.0,-1.0,0.0,425.4088397790055,929.4653846153847,-425.4088397790055,457.3333333333333,792.1245693281658,0.0,-427.4088397790055
1,1,1999,305410.0,528471000,-0.44834183673469385,90.84410844629822,1730.3657378605808,1625.4222222222222,2015.483870967742,104.57777777777778,2250.6666666666665,770.6784889519962,1730.3657378605808,194.9735443873413
5,0,2012,25.26,20439,0.0,0.0,809.1448931116389,536.2277777777778,726.1538461538462,272.77222222222224,730.0,693.8811137363517,809.1448931116389,-361.5824175824176
5,6,2008,36.61,36268,0.0,0.0,990.6582900846763,536.2277777777778,929.4653846153847,454.77222222222224,884.3333333333334,836.1186120003151,990.6582900846763,-361.5824175824176
3,1,2021,250.86,380477,-0.3558386411889597,-0.8771390163229311,1516.6905843896993,361.5824175824176,2015.483870967742,1155.4175824175825,2093.6666666666665,500.13731447806646,1516.6905843896993,1154.1846047600707
0,3,2020,58318.95,0,0.0,0.0,0.0,425.4088397790055,382.8538461538462,-425.4088397790055,0.0,0.0,0.0,-425.4088397790055
1,1,2015,513367.36,1837500847,0.0,0.0,3579.3098474355675,1625.4222222222222,2015.483870967742,1953.5777777777778,2019.3333333333333,1833.2431189924957,3579.3098474355675,-361.5824175824176
9,4,2011,216878.62,466394047,1.2210743801652892,51.867467253264245,2150.484206327023,1323.2252747252746,1501.899613899614,826.7747252747254,1408.3333333333333,646.0513395492121,2150.484206327023,879.8632669081549
3,1,2001,370.0,410000,0.24634420697412818,-0.5729166666666667,1108.1081081081081,361.5824175824176,2015.483870967742,746.4175824175825,1591.6666666666667,1033.213595213174,1108.1081081081081,746.0910099578899
3,4,2006,7294.57,7380100,0.12694877505567925,0.5200353599098371,1011.725159947742,361.5824175824176,1501.899613899614,650.4175824175825,1113.0,279.53711739230545,1011.725159947742,651.064566552548
8,6,1996,5220.0,4498000,-0.3657100809418691,-0.9929558936837951,861.6858237547892,549.7857142857143,929.4653846153847,312.21428571428567,1037.6666666666667,278.68680150544157,861.6858237547892,310.85561973966
5,1,2022,1802.0,5610311,-0.22005012531328316,-0.9959619520542058,3113.3801331853497,536.2277777777778,2015.483870967742,2575.7722222222224,2695.3333333333335,1545.7093301566538,3113.3801331853497,2574.556210144855
8,3,2020,58318.95,0,-1.0,-1.0,0.0,549.7857142857143,382.8538461538462,-549.7857142857143,1247.0,1130.5516352648385,0.0,-551.7857142857143
8,3,2008,58318.95,0,0.0,0.0,0.0,549.7857142857143,382.8538461538462,-549.7857142857143,341.0,590.6293253809872,0.0,-549.7857142857143
5,6,2009,58318.95,0,0.0,0.0,0.0,536.2277777777778,929.4653846153847,-536.2277777777778,636.3333333333334,1102.1616638829955,0.0,-536.2277777777778
8,2,2013,58318.95,0,-1.0,-1.0,0.0,549.7857142857143,702.5423076923076,-549.7857142857143,1153.0,1000.9430553233283,0.0,-551.7857142857143
6,6,2016,872252.8,2459375144,0.2578055307760927,1.012739562243413,2819.5669237175275,1817.2122905027934,929.4653846153847,1002.7877094972066,1687.3333333333333,1489.577568753416,2819.5669237175275,1004.058254590226
9,3,2000,57211.0,0,0.0,0.0,0.0,1323.2252747252746,382.8538461538462,-1323.2252747252746,0.0,0.0,0.0,-1323.2252747252746
8,4,2008,33992.75,34265951,-0.4017804154302671,-0.2812764637190919,1008.0370373094263,549.7857142857143,1501.899613899614,458.21428571428567,1425.6666666666667,365.2181996195318,1008.0370373094263,457.5312288351363
1,1,2001,377760.0,648883000,0.5892691951896392,87.94900616860863,1717.7123041084287,1625.4222222222222,2015.483870967742,92.57777777777778,1448.3333333333333,329.53957779503946,1717.7123041084287,181.11605314157606
2,5,2017,24432.5,30318432,0.0,0.0,1240.9058426276476,1148.8333333333333,598.7192307692308,92.16666666666674,986.0,886.448532064891,1240.9058426276476,-361.5824175824176
8,1,2006,22965.34,13719892,-0.7478885135135135,-0.9932472486238108,597.4173254129919,549.7857142857143,2015.483870967742,47.214285714285666,1697.6666666666667,960.7290634374149,597.4173254129919,45.47314995214834
4,6,2019,58318.95,0,-1.0,-1.0,0.0,462.8839779005525,929.4653846153847,-462.8839779005525,1690.6666666666667,1469.2342676827743,0.0,-464.8839779005525
9,0,2002,53237.55,58908878,0.0,0.0,1106.5287189211374,1323.2252747252746,726.1538461538462,-216.22527472527463,685.6666666666666,598.9710621835859,1106.5287189211374,-361.5824175824176
5,3,1997,58318.95,0,0.0,0.0,0.0,536.2277777777778,382.8538461538462,-536.2277777777778,0.0,0.0,0.0,-536.2277777777778
5,0,2007,58318.95,0,0.0,0.0,0.0,536.2277777777778,726.1538461538462,-536.2277777777778,388.6666666666667,673.1904138751036,0.0,-536.2277777777778
5,4,2020,7942.01,16342561,0.0,0.0,2057.736139843692,536.2277777777778,1501.899613899614,1521.7722222222224,1607.3333333333333,1436.0533880511994,2057.736139843692,-361.5824175824176
1,2,2012,230613.94,353529558,0.0,0.0,1532.9930098761592,1625.4222222222222,702.5423076923076,-92.42222222222222,1092.6666666666667,952.1955331408213,1532.9930098761592,-361.5824175824176
3,5,1997,58318.95,0,0.0,0.0,0.0,361.5824175824176,598.7192307692308,-361.5824175824176,0.0,0.0,0.0,-361.5824175824176
6,1,1998,577570.0,1031438000,0.12115505335844312,1.7338141318723843,1785.8233634018388,1817.2122905027934,2015.483870967742,-31.212290502793394,1502.3333333333333,338.2400528224493,1785.8233634018388,-29.357321317562565
0,4,2005,1725.0,1077900,-0.5170015455950541,-0.9941376007727337,624.8695652173913,425.4088397790055,1501.899613899614,199.59116022099448,1006.0,344.0595878623352,624.8695652173913,198.0800210746267
7,3,1999,58318.95,0,0.0,0.0,0.0,1491.7666666666667,382.8538461538462,-1491.7666666666667,0.0,0.0,0.0,-1491.7666666666667
6,1,2001,871250.0,1724724000,0.1525029103608848,1.6579891906553264,1979.5971305595408,1817.2122905027934,2015.483870967742,162.7877094972066,1593.0,462.35159781274643,1979.5971305595408,164.59820159822283
4,2,2021,58318.95,0,-1.0,-1.0,0.0,462.8839779005525,702.5423076923076,-462.8839779005525,1548.3333333333333,1344.0142608370395,0.0,-464.8839779005525
5,3,2006,14.5,16236,0.0,0.0,1119.7241379310344,536.2277777777778,382.8538461538462,583.7722222222222,645.6666666666666,579.3240313791009,1119.7241379310344,-361.5824175824176
2,6,2021,58318.95,0,0.0,0.0,0.0,1148.8333333333333,929.4653846153847,-1148.8333333333333,1100.0,1905.2558883257661,0.0,-1148.8333333333333
1,6,1998,185780.0,208515000,0.0,0.0,1122.3759285176016,1625.4222222222222,929.4653846153847,-503.4222222222222,654.0,583.6677136864777,1122.3759285176016,-361.5824175824176
2,2,2010,28391.84,44268465,0.0,0.0,1559.196762168285,1148.8333333333333,702.5423076923076,410.16666666666674,984.3333333333334,856.4405019225403,1559.196762168285,-361.5824175824176
8,6,2002,8353.8,10997345,-0.1639135959339263,-0.9872052741200252,1316.4482032129092,549.7857142857143,929.4653846153847,766.2142857142857,1375.3333333333333,176.63899154301774,1316.4482032129092,765.0631668442317
3,0,2006,21.65,17158,-0.27046918123275066,-0.7114022841572334,792.5173210161663,361.5824175824176,726.1538461538462,431.4175824175824,626.6666666666666,562.2653584681642,792.5173210161663,430.43571095219244
2,0,2006,1107.79,1152814,1.3445945945945947,0.025614244548376686,1040.643082172614,1148.8333333333333,726.1538461538462,-107.83333333333326,944.0,459.2482988536808,1040.643082172614,-106.46312449419028
6,0,2007,477231.31,659745867,0.03211351755041081,0.40302459418740044,1382.444640943613,1817.2122905027934,726.1538461538462,-435.2122905027934,907.0,785.7792310821148,1382.444640943613,-434.7771523910556
9,3,2016,58318.95,0,0.0,0.0,0.0,1323.2252747252746,382.8538461538462,-1323.2252747252746,0.0,0.0,0.0,-1323.2252747252746
2,5,2014,26021.15,26702847,0.0,0.0,1026.1978044782802,1148.8333333333333,598.7192307692308,-122.83333333333326,843.6666666666666,768.8890253692881,1026.1978044782802,-361.5824175824176
8,5,2018,58318.95,0,-1.0,-1.0,0.0,549.7857142857143,598.7192307692308,-549.7857142857143,1193.3333333333333,1033.458917099917,0.0,-551.7857142857143
1,0,1999,262620.0,202476000,0.0,0.0,770.9846927119031,1625.4222222222222,726.1538461538462,-854.4222222222222,616.0,554.9783779571958,770.9846927119031,-361.5824175824176
2,3,2012,58318.95,0,0.0,0.0,0.0,1148.8333333333333,382.8538461538462,-1148.8333333333333,549.0,950.8958933553139,0.0,-1148.8333333333333
1,3,2002,8996.12,9433917,0.0,0.0,1048.6650911726388,1625.4222222222222,382.8538461538462,-576.4222222222222,609.6666666666666,544.8489087199619,1048.6650911726388,-361.5824175824176
9,2,1996,35780.0,24570000,0.0,0.0,686.6964784795975,1323.2252747252746,702.5423076923076,-636.2252747252746,687.0,0.0,686.6964784795975,-636.2252747252746
8,5,2016,58318.95,0,-1.0,-1.0,0.0,549.7857142857143,598.7192307692308,-549.7857142857143,1074.6666666666667,930.7020647518374,0.0,-551.7857142857143
1,0,2015,362738.63,625622575,0.0,0.0,1724.7200139670815,1625.4222222222222,726.1538461538462,99.57777777777778,1145.6666666666667,992.1977289498969,1724.7200139670815,-361.5824175824176
4,2,1999,58318.95,0,0.0,-1.0,0.0,462.8839779005525,702.5423076923076,-462.8839779005525,0.0,0.0,0.0,-463.8839779005525
5,1,2016,1265.83,2100281,-0.15053763440860213,-0.7364613527736932,1659.2125324885649,536.2277777777778,2015.483870967742,1122.7722222222224,2229.0,747.258991247345,1659.2125324885649,1121.88522323504
4,6,2005,58318.95,0,-1.0,-1.0,0.0,462.8839779005525,929.4653846153847,-462.8839779005525,497.6666666666667,861.983951900111,0.0,-464.8839779005525
6,0,2012,460544.73,872051015,0.33286418015482044,1.0207046831005213,1893.5207770155139,1817.2122905027934,726.1538461538462,76.7877094972066,1105.0,985.7489538416966,1893.5207770155139,78.14127836046195
1,1,2018,520116.84,2071865758,0.24352169840774285,149.12527853231728,3983.4621736146823,1625.4222222222222,2015.483870967742,2357.5777777777776,3248.3333333333335,713.0815755110568,3983.4621736146823,2506.9465780085025
6,4,2014,669575.97,173920869,0.2309207287050714,-0.8467672943424723,259.7477758946457,1817.2122905027934,1501.899613899614,682.7877094972066,1510.3333333333333,1328.8417262162304,259.7477758946457,682.1718629315692
8,0,2004,4012.0,4192500,-0.2154654654654654,-0.9923644269167747,1044.9900299102692,549.7857142857143,726.1538461538462,495.21428571428567,1135.0,170.81861725233463,1044.9900299102692,494.00645582190344
5,5,2005,58318.95,0,0.0,0.0,0.0,536.2277777777778,598.7192307692308,-536.2277777777778,258.6666666666667,448.0238088911497,0.0,-536.2277777777778
3,2,2007,58318.95,0,0.0,0.0,0.0,361.5824175824176,702.5423076923076,-361.5824175824176,0.0,0.0,0.0,-361.5824175824176
1,0,2006,318420.29,396468184,26.666666666666668,17466.867295237254,1245.109675642843,1625.4222222222222,726.1538461538462,-380.4222222222222,799.6666666666666,657.08852777486,1245.109675642843,17113.1117396817
8,4,2001,24510.0,21283000,-0.33639143730886845,-0.9603661148252295,868.3394532843737,549.7857142857143,1501.899613899614,318.21428571428567,1090.6666666666667,220.0484795069784,868.3394532843737,316.91752816215154
0,6,2016,58318.95,0,-1.0,-1.0,0.0,425.4088397790055,929.4653846153847,-425.4088397790055,570.6666666666666,988.4236608526406,0.0,-427.4088397790055
5,0,2022,21.0,11970,0.0,0.0,570.0,536.2277777777778,726.1538461538462,33.77222222222224,973.3333333333334,1225.8194538076693,570.0,-361.5824175824176
2,5,2011,23648.11,23107290,0.0,0.0,977.1305190985664,1148.8333333333333,598.7192307692308,-171.83333333333326,758.0,675.664857751238,977.1305190985664,-361.5824175824176
6,6,2005,765528.0,1302828800,0.1737931034482758,1.2880847127602162,1701.869559310698,1817.2122905027934,929.4653846153847,-115.2122905027934,1050.6666666666667,918.5865954461419,1701.869559310698,-113.75041268658491
5,2,1996,58318.95,0,0.0,0.0,0.0,536.2277777777778,702.5423076923076,-536.2277777777778,0.0,0.0,0.0,-536.2277777777778
4,6,2004,58318.95,0,-1.0,-1.0,0.0,462.8839779005525,929.4653846153847,-462.8839779005525,504.3333333333333,873.5309572839036,0.0,-464.8839779005525
5,3,2016,58318.95,0,0.0,0.0,0.0,536.2277777777778,382.8538461538462,-536.2277777777778,0.0,0.0,0.0,-536.2277777777778
1,5,2021,1086374.6,2096462906,0.0,0.0,1929.7790154519444,1625.4222222222222,598.7192307692308,304.5777777777778,1195.0,1043.994731787474,1929.7790154519444,-361.5824175824176
1,1,2016,517210.23,1814326840,0.4495867768595041,320.70752301815816,3507.909810677952,1625.4222222222222,2015.483870967742,1882.5777777777778,2710.0,699.631331488234,3507.909810677952,2203.7348875727953
7,4,2020,102785.55,284099694,-0.0412764481442941,0.6384563927100804,2764.0042204376005,1491.7666666666667,1501.899613899614,1272.2333333333333,1882.3333333333333,1631.2339909814684,2764.0042204376005,1272.8305132778992
1,1,2014,474254.25,1598474987,-0.07542512342292929,91.80861536378498,3370.5021873815576,1625.4222222222222,2015.483870967742,1745.5777777777778,3098.6666666666665,723.046563738001,3370.5021873815576,1837.3109680181399
8,6,2013,4150.13,9278182,-0.03662214562688493,-0.9954210986807362,2235.6364740381628,549.7857142857143,929.4653846153847,1686.2142857142858,2113.6666666666665,288.6456882292508,2235.6364740381628,1685.182242469978
5,6,2021,58318.95,0,0.0,0.0,0.0,536.2277777777778,929.4653846153847,-536.2277777777778,974.6666666666666,1688.1721871104671,0.0,-536.2277777777778
0,4,2018,58318.95,0,-1.0,-1.0,0.0,425.4088397790055,1501.899613899614,-425.4088397790055,1613.3333333333333,1462.4490874329024,0.0,-427.4088397790055
3,1,2020,282.34,397247,-0.39222462203023756,-0.8997684248347081,1406.9809449599775,361.5824175824176,2015.483870967742,1045.4175824175825,1240.6666666666667,1166.4288805295134,1406.9809449599775,1044.1255893707175
3,2,2018,58318.95,0,0.0,0.0,0.0,361.5824175824176,702.5423076923076,-361.5824175824176,0.0,0.0,0.0,-361.5824175824176
3,3,2001,58318.95,0,0.0,0.0,0.0,361.5824175824176,382.8538461538462,-361.5824175824176,0.0,0.0,0.0,-361.5824175824176
5,1,2008,1272.88,2111165,-0.17667493796526057,-0.8464236120482063,1658.5734711834577,536.2277777777778,2015.483870967742,1122.7722222222224,1813.6666666666667,182.53036277105426,1658.5734711834577,1121.749123672209
5,4,2006,5407.15,4855216,-0.3715885234429671,0.1759387715559,897.9251546563347,536.2277777777778,1501.899613899614,361.77222222222224,1107.6666666666667,282.56385708956634,897.9251546563347,361.5765724703352
2,4,2022,39742.1,0,0.0,-1.0,0.0,1148.8333333333333,1501.899613899614,-1148.8333333333333,905.6666666666666,1568.6606813882117,0.0,-1149.8333333333333
7,3,2022,98.41,143726,0.0,0.0,1460.481658368052,1491.7666666666667,382.8538461538462,-31.76666666666665,486.6666666666667,842.9313930168545,1460.481658368052,-361.5824175824176
3,2,2021,58318.95,0,0.0,0.0,0.0,361.5824175824176,702.5423076923076,-361.5824175824176,0.0,0.0,0.0,-361.5824175824176
8,0,2002,6511.81,5772128,-0.31793687451886066,-0.9879077102555037,886.409155058271,549.7857142857143,726.1538461538462,336.21428571428567,1108.0,208.2378447833143,886.409155058271,334.9084411295113
2,3,2019,58318.95,0,0.0,0.0,0.0,1148.8333333333333,382.8538461538462,-1148.8333333333333,733.6666666666666,1270.7479424863666,0.0,-1148.8333333333333
4,5,1996,58318.95,0,-1.0,-1.0,0.0,462.8839779005525,598.7192307692308,-462.8839779005525,494.0,450.1410889932178,0.0,-464.8839779005525
8,2,2019,58318.95,0,-1.0,-1.0,0.0,549.7857142857143,702.5423076923076,-549.7857142857143,1583.6666666666667,1373.5721070745915,0.0,-551.7857142857143
0,6,2014,58318.95,0,-1.0,-1.0,0.0,425.4088397790055,929.4653846153847,-425.4088397790055,605.6666666666666,1049.045439117551,0.0,-427.4088397790055
9,3,2019,203.83,408743,0.0,0.0,2005.3132512387772,1323.2252747252746,382.8538461538462,681.7747252747254,668.3333333333334,1157.5872897252,2005.3132512387772,-361.5824175824176
4,3,2000,58318.95,0,0.0,0.0,0.0,462.8839779005525,382.8538461538462,-462.8839779005525,0.0,0.0,0.0,-462.8839779005525
6,2,1996,49680.0,42524000,-0.07359307359307354,-0.7341950969484067,855.9581320450885,1817.2122905027934,702.5423076923076,-961.2122905027934,593.3333333333334,514.9653710040446,855.9581320450885,-962.0200786733349
3,3,2006,58318.95,0,-1.0,-1.0,0.0,361.5824175824176,382.8538461538462,-361.5824175824176,373.3333333333333,646.6323014923811,0.0,-363.5824175824176
7,5,1997,183580.0,192448000,0.7914529914529915,17.3914373088685,1048.305915677089,1491.7666666666667,598.7192307692308,-443.76666666666665,544.3333333333334,525.1821906094431,1048.305915677089,-425.58377636634515
2,3,2014,58318.95,0,0.0,0.0,0.0,1148.8333333333333,382.8538461538462,-1148.8333333333333,1131.0,1958.9494633604002,0.0,-1148.8333333333333
3,0,2002,58318.95,0,0.0,0.0,0.0,361.5824175824176,726.1538461538462,-361.5824175824176,75.0,129.90381056766373,0.0,-361.5824175824176
0,6,2006,29.62,14534,-0.6257621951219512,-0.9998556681306842,490.6819716407832,425.4088397790055,929.4653846153847,65.59116022099448,601.0,662.8808339362361,490.6819716407832,63.965542357741846
3,2,2009,58318.95,0,0.0,0.0,0.0,361.5824175824176,702.5423076923076,-361.5824175824176,0.0,0.0,0.0,-361.5824175824176
6,3,2012,27343.84,45043286,0.28772478498827203,12.891093017274398,1647.2918946278212,1817.2122905027934,382.8538461538462,-170.2122905027934,975.3333333333334,864.4722860412202,1647.2918946278212,-157.03347270053072
9,0,2009,97460.26,147775370,0.0,0.0,1516.26283369242,1323.2252747252746,726.1538461538462,192.77472527472537,767.6666666666666,758.1848938968205,1516.26283369242,-361.5824175824176
2,4,2008,59829.26,95367937,0.5813492063492063,1.7831691290284049,1594.0016139260288,1148.8333333333333,1501.899613899614,445.16666666666674,1429.0,367.42482224259,1594.0016139260288,447.53118500204437
7,4,2011,107735.23,175125481,-0.07979626485568758,0.4890499668783479,1625.517307569678,1491.7666666666667,1501.899613899614,134.23333333333335,1597.0,186.20150375332022,1625.517307569678,134.642587035356
4,4,2010,4682.3,9257859,-0.008028098344204704,-0.9572800014618602,1977.2032975247207,462.8839779005525,1501.899613899614,1514.1160220994475,2061.3333333333335,132.45502381310493,1977.2032975247207,1513.1507139996415
2,3,1998,58318.95,3000,0.0,0.0,0.05144125537239611,1148.8333333333333,382.8538461538462,-1148.8333333333333,358.6666666666667,621.2288896480375,0.05144125537239611,-361.5824175824176
6,6,2012,740810.94,1675933968,0.3528708133971292,1.1779894345936284,2262.296461226666,1817.2122905027934,929.4653846153847,444.7877094972066,1311.3333333333333,1173.3376893858542,2262.296461226666,446.31856974519735
7,4,2018,112193.73,285264082,-0.05111940298507467,0.8054363755629614,2542.602710507976,1491.7666666666667,1501.899613899614,1051.2333333333333,2509.0,190.2918810669437,2542.602710507976,1051.9876503059113
7,1,2005,207410.0,315571100,-0.16657534246575345,5.3090497972762245,1521.4844993009017,1491.7666666666667,2015.483870967742,29.23333333333335,1250.0,748.2586451221251,1521.4844993009017,34.37580778814382
4,4,2002,2664.26,3321791,0.2482482482482482,-0.9605492437103973,1246.7968591653967,462.8839779005525,1501.899613899614,784.1160220994475,1175.3333333333333,153.59796005589695,1246.7968591653967,783.4037211039854
9,0,2010,106787.74,144049611,0.0,0.0,1348.9339787507442,1323.2252747252746,726.1538461538462,25.77472527472537,449.6666666666667,778.8455131368053,1348.9339787507442,-361.5824175824176
0,3,2019,58318.95,0,-1.0,-1.0,0.0,425.4088397790055,382.8538461538462,-425.4088397790055,668.3333333333334,1157.5872897252,0.0,-427.4088397790055
3,2,1996,58318.95,0,0.0,0.0,0.0,361.5824175824176,702.5423076923076,-361.5824175824176,0.0,0.0,0.0,-361.5824175824176
0,5,2009,58318.95,0,-1.0,-1.0,0.0,425.4088397790055,598.7192307692308,-425.4088397790055,423.0,732.6574916016351,0.0,-427.4088397790055
4,1,2006,5842.0,12558400,0.1865342163355408,-0.9664228169557181,2149.674768914755,462.8839779005525,2015.483870967742,1687.1160220994475,1979.0,169.0354992301897,2149.674768914755,1686.3361334988274
6,1,2006,858096.17,2031748429,0.11278195488721798,1.799785037802419,2367.7397709396605,1817.2122905027934,2015.483870967742,550.7877094972066,2404.6666666666665,296.7041174863161,2367.7397709396605,552.7002764898963
3,0,2010,58318.95,0,0.0,0.0,0.0,361.5824175824176,726.1538461538462,-361.5824175824176,0.0,0.0,0.0,-361.5824175824176
7,2,2015,4286.6,6466913,-0.024563671622495176,-0.8642388501323064,1508.634582186348,1491.7666666666667,702.5423076923076,17.23333333333335,1018.6666666666666,882.3957917699588,1508.634582186348,16.344530811578547
2,1,1999,29010.0,55272000,0.0,2.882278569923439,1905.2740434332989,1148.8333333333333,2015.483870967742,756.1666666666667,1288.3333333333333,1116.0682476145141,1905.2740434332989,-361.5824175824176
4,1,2018,4751.79,12582755,-0.3042564372044141,-0.9894878019360195,2648.0031735409184,462.8839779005525,2015.483870967742,2185.1160220994475,3489.0,735.6446152864826,2648.0031735409184,2183.822277860307
8,4,2016,33056.64,85415780,0.041935483870967794,-0.9546776944110429,2583.922019902809,549.7857142857143,1501.899613899614,2034.2142857142858,2395.3333333333335,242.35786212402644,2583.922019902809,2033.3015435037457
9,6,1996,84550.0,84653000,0.0,0.0,1001.2182140745122,1323.2252747252746,929.4653846153847,-322.22527472527463,1001.0,0.0,1001.2182140745122,-322.22527472527463
4,2,2004,40.0,0,-1.0,-1.0,0.0,462.8839779005525,702.5423076923076,-462.8839779005525,862.6666666666666,781.4002388874302,0.0,-464.8839779005525
1,3,2020,2469.16,3793179,0.0,0.0,1536.2224400200878,1625.4222222222222,382.8538461538462,-89.42222222222222,512.0,886.8100134752657,1536.2224400200878,-361.5824175824176
4,4,2015,3050.36,7228069,0.11845210004719209,-0.9708240065129173,2369.579000511415,462.8839779005525,1501.899613899614,1907.1160220994475,2211.3333333333335,138.022944952385,2369.579000511415,1906.2636501929817
0,4,2017,1555.78,3338260,-0.23521026372059872,-0.9953114683540785,2145.7146897376238,425.4088397790055,1501.899613899614,1720.5911602209944,2045.0,816.2003430530982,2145.7146897376238,1719.3606384889197
8,2,2001,58318.95,0,-1.0,-1.0,0.0,549.7857142857143,702.5423076923076,-549.7857142857143,572.6666666666666,504.7735465863216,0.0,-551.7857142857143
0,4,2022,2501.0,1199761,0.0,0.0,479.7125149940024,425.4088397790055,1501.899613899614,54.59116022099448,504.3333333333333,516.9297179823676,479.7125149940024,-361.5824175824176
2,4,2020,60134.58,173394724,0.0,0.0,2883.444500651705,1148.8333333333333,1501.899613899614,1734.1666666666667,1967.6666666666667,1705.42555783984,2883.444500651705,-361.5824175824176
1,2,2005,148002.0,149444000,0.0,0.0,1009.7431115795732,1625.4222222222222,702.5423076923076,-615.4222222222222,607.3333333333334,535.202142496957,1009.7431115795732,-361.5824175824176
2,6,2011,2690.4,2984165,-0.352975495915986,-0.5932210990983475,1109.190083258995,1148.8333333333333,929.4653846153847,-39.83333333333326,1587.6666666666667,429.66304627386364,1109.190083258995,-40.77952992834759
3,1,1996,230.0,0,-1.0,-1.0,0.0,361.5824175824176,2015.483870967742,-361.5824175824176,1571.3333333333333,1452.8927466724217,0.0,-363.5824175824176
2,3,2021,58318.95,0,0.0,0.0,0.0,1148.8333333333333,382.8538461538462,-1148.8333333333333,727.6666666666666,1260.3556376409533,0.0,-1148.8333333333333
0,4,2007,1551.95,772190,-0.6910669975186104,-0.9976915531727644,497.5611327684526,425.4088397790055,1501.899613899614,72.59116022099448,1040.6666666666667,557.5529870185729,497.5611327684526,70.9024016703031
7,6,2019,151583.2,402857455,0.10107705053852523,54.01422545814865,2657.665592229218,1491.7666666666667,929.4653846153847,1166.2333333333333,1690.6666666666667,1469.2342676827745,2657.665592229218,1220.3486358420205
4,0,2001,58318.95,0,-1.0,-1.0,0.0,462.8839779005525,726.1538461538462,-462.8839779005525,346.6666666666667,600.4442799572108,0.0,-464.8839779005525
5,6,1998,40.0,28000,0.0,0.0,700.0,536.2277777777778,929.4653846153847,163.77222222222224,711.6666666666666,717.57113468515,700.0,-361.5824175824176
5,6,2016,58318.95,0,0.0,0.0,0.0,536.2277777777778,929.4653846153847,-536.2277777777778,836.0,1447.994475127583,0.0,-536.2277777777778
1,5,2014,1146730.12,1713797322,0.0,0.0,1494.5079858894783,1625.4222222222222,598.7192307692308,-130.42222222222222,941.6666666666666,819.6696489033454,1494.5079858894783,-361.5824175824176
7,1,1999,162670.0,288330000,-0.06981627296587922,4.216565349544073,1772.4841704063442,1491.7666666666667,2015.483870967742,280.23333333333335,1225.6666666666667,1063.539530686722,1772.4841704063442,284.38008240991155
5,5,2000,58318.95,0,0.0,0.0,0.0,536.2277777777778,598.7192307692308,-536.2277777777778,211.66666666666666,366.6174209354127,0.0,-536.2277777777778
6,1,2009,933712.5,2178331700,-0.00042844901456728923,1.3525004848998514,2332.979048690041,1817.2122905027934,2015.483870967742,515.7877094972066,2501.3333333333335,290.6962905393429,2332.979048690041,517.1397815330919
0,3,2012,58318.95,0,0.0,0.0,0.0,425.4088397790055,382.8538461538462,-425.4088397790055,0.0,0.0,0.0,-425.4088397790055
9,0,2021,85431.88,160688813,0.0,0.0,1880.8998818707958,1323.2252747252746,726.1538461538462,557.7747252747254,627.0,1085.9958563456855,1880.8998818707958,-361.5824175824176
8,0,1996,4230.0,1728000,-0.6701612903225806,-0.9963778596672158,408.51063829787233,549.7857142857143,726.1538461538462,-140.78571428571433,832.3333333333334,415.72146123736906,408.51063829787233,-142.45225343570414
2,1,2008,31045.76,62437950,1.2748868778280542,0.9156542037365136,2011.1586896246058,1148.8333333333333,2015.483870967742,862.1666666666667,1530.6666666666667,581.6204375134458,2011.1586896246058,864.3572077482313
4,6,2012,58318.95,0,-1.0,-1.0,0.0,462.8839779005525,929.4653846153847,-462.8839779005525,686.6666666666666,1189.3415545306298,0.0,-464.8839779005525
1,6,2006,431486.33,607488794,1.8676171079429733,41796.770331636166,1407.8981227516524,1625.4222222222222,929.4653846153847,-217.42222222222222,1070.3333333333333,504.008267127965,1407.8981227516524,41581.215726521885
3,5,2002,58318.95,0,0.0,0.0,0.0,361.5824175824176,598.7192307692308,-361.5824175824176,0.0,0.0,0.0,-361.5824175824176
0,3,2008,58318.95,0,0.0,0.0,0.0,425.4088397790055,382.8538461538462,-425.4088397790055,0.0,0.0,0.0,-425.4088397790055
2,1,1996,20550.0,40001000,1.0302398331595413,1.0293744609608848,1946.5206812652068,1148.8333333333333,2015.483870967742,798.1666666666667,1667.0,617.5953367699598,1946.5206812652068,800.2262809607872
0,0,2011,58318.95,0,-1.0,-1.0,0.0,425.4088397790055,726.1538461538462,-425.4088397790055,600.6666666666666,1040.3851850797057,0.0,-427.4088397790055
1,5,2011,1014267.85,1279107703,0.0,0.0,1261.1143131471633,1625.4222222222222,598.7192307692308,-364.4222222222222,841.6666666666666,728.9062582618794,1261.1143131471633,-361.5824175824176
1,5,2009,1003948.0,1238347400,0.0,0.0,1233.4776303155143,1625.4222222222222,598.7192307692308,-392.4222222222222,834.0,722.489446289702,1233.4776303155143,-361.5824175824176
7,4,2005,92009.0,97593400,0.034113060428849984,0.9076375165414694,1060.6940625373604,1491.7666666666667,1501.899613899614,-430.76666666666665,905.3333333333334,239.9506893787417,1060.6940625373604,-429.82491608969633
0,5,2020,58318.95,0,-1.0,-1.0,0.0,425.4088397790055,598.7192307692308,-425.4088397790055,558.0,966.4843506234341,0.0,-427.4088397790055
5,1,2019,1154.09,2500033,-0.18876404494382026,-0.7682136685747684,2166.237468481661,536.2277777777778,2015.483870967742,1629.7722222222224,2921.6666666666665,908.0442353395183,2166.237468481661,1628.8152445087037
6,2,1999,58318.95,57529000,-1.0,-0.736127292241925,986.4546601061919,1817.2122905027934,702.5423076923076,-1817.2122905027934,265.3333333333333,459.5708142749418,986.4546601061919,-1818.9484177950353
1,2,2018,246522.71,560466508,0.0,0.0,2273.488345150838,1625.4222222222222,702.5423076923076,647.5777777777778,1513.0,1310.3011104322545,2273.488345150838,-361.5824175824176
3,6,2020,58318.95,0,-1.0,-1.0,0.0,361.5824175824176,929.4653846153847,-361.5824175824176,508.6666666666667,881.0365107833705,0.0,-363.5824175824176
2,6,2004,58318.95,0,-1.0,-1.0,0.0,1148.8333333333333,929.4653846153847,-1148.8333333333333,937.3333333333334,845.0859916797425,0.0,-1150.8333333333333
8,5,2005,58318.95,0,-1.0,-1.0,0.0,549.7857142857143,598.7192307692308,-549.7857142857143,661.3333333333334,573.9253726168007,0.0,-551.7857142857143
9,1,2008,63265.83,94239653,0.332737030411449,250.32115569754944,1489.5821804598154,1323.2252747252746,2015.483870967742,166.77472527472537,1409.0,260.13650262890553,1489.5821804598154,417.4286180026862
8,4,2012,28368.93,75704284,0.21983546617915906,-0.9534625059385966,2668.5632485962637,549.7857142857143,1501.899613899614,2119.214285714286,2270.3333333333335,364.54126423949555,2668.5632485962637,2118.4806586745262
5,5,2017,58318.95,0,0.0,0.0,0.0,536.2277777777778,598.7192307692308,-536.2277777777778,462.3333333333333,800.7848233660117,0.0,-536.2277777777778
9,2,2022,58318.95,0,0.0,0.0,0.0,1323.2252747252746,702.5423076923076,-1323.2252747252746,0.0,0.0,0.0,-1323.2252747252746
0,0,2020,58318.95,0,-1.0,-1.0,0.0,425.4088397790055,726.1538461538462,-425.4088397790055,619.6666666666666,1073.2941504235139,0.0,-427.4088397790055
8,2,2018,58318.95,0,-1.0,-1.0,0.0,549.7857142857143,702.5423076923076,-549.7857142857143,1537.6666666666667,1332.0797023201476,0.0,-551.7857142857143
2,3,1999,58318.95,0,0.0,0.0,0.0,1148.8333333333333,382.8538461538462,-1148.8333333333333,0.0,0.0,0.0,-1148.8333333333333
7,3,2021,300.75,488326,0.0,0.0,1623.6940980881132,1491.7666666666667,382.8538461538462,132.23333333333335,541.3333333333334,937.6168371639527,1623.6940980881132,-361.5824175824176
0,1,2006,12776.38,34727756,0.5629672225416906,-0.881670403807661,2718.121721489186,425.4088397790055,2015.483870967742,2292.5911602209944,1849.6666666666667,818.6295458467968,2718.121721489186,2292.2724570397286
1,4,2010,486467.74,792246070,0.20221402214022133,1010.1757265568162,1628.568566540507,1625.4222222222222,1501.899613899614,3.577777777777783,1597.0,227.69277546729003,1628.568566540507,1013.9557183567342
6,4,2018,735263.79,2081066734,0.06832767081917712,0.16834883573606252,2830.367498445694,1817.2122905027934,1501.899613899614,1012.7877094972066,1826.3333333333333,1584.238092375426,2830.367498445694,1013.0243860037618
6,0,2022,434183.48,1239939241,0.26708074534161486,0.9179983936935374,2855.7955291159396,1817.2122905027934,726.1538461538462,1038.7877094972066,1703.3333333333333,1505.5262645777163,2855.7955291159396,1039.9727886362418
9,0,2001,65360.0,57253000,0.0,0.0,875.9638922888616,1323.2252747252746,726.1538461538462,-447.22527472527463,292.0,505.75883581011226,875.9638922888616,-361.5824175824176
4,5,2007,58318.95,0,-1.0,-1.0,0.0,462.8839779005525,598.7192307692308,-462.8839779005525,564.3333333333334,493.23050730194444,0.0,-464.8839779005525
9,5,2016,162782.72,189825933,0.0,0.0,1166.130735498215,1323.2252747252746,598.7192307692308,-157.22527472527463,388.6666666666667,673.1904138751049,1166.130735498215,-361.5824175824176
9,4,2022,58318.95,0,-1.0,-1.0,0.0,1323.2252747252746,1501.899613899614,-1323.2252747252746,1020.3333333333334,1014.0593342272086,0.0,-1325.2252747252746
0,6,2021,58318.95,0,-1.0,-1.0,0.0,425.4088397790055,929.4653846153847,-425.4088397790055,730.0,1264.3970895252817,0.0,-427.4088397790055
6,5,2015,1427548.05,2325488216,0.029058749210360002,0.2852495405678006,1629.0087160288579,1817.2122905027934,598.7192307692308,-188.2122905027934,1070.6666666666667,927.5097483764434,1629.0087160288579,-187.89798221301524
6,0,1997,343640.0,389282000,0.18267223382045938,0.6655129186971347,1132.8192294261437,1817.2122905027934,726.1538461538462,-684.2122905027934,697.0,609.9286843558023,1132.8192294261437,-683.3641053502758
6,4,2002,437397.55,635585291,0.13871473354231978,0.21613206631966553,1453.1066554899542,1817.2122905027934,1501.899613899614,-364.2122905027934,1169.3333333333333,349.43144296604584,1453.1066554899542,-363.8574437029314
5,3,2005,58318.95,0,0.0,0.0,0.0,536.2277777777778,382.8538461538462,-536.2277777777778,320.6666666666667,555.4109589604201,0.0,-536.2277777777778
2,1,2019,62287.85,253986366,0.6879139072847682,3.418451986706147,4077.6229393051776,1148.8333333333333,2015.483870967742,2929.166666666667,3533.6666666666665,968.0363285194051,4077.6229393051776,2933.273032560658
8,3,2010,58318.95,0,-1.0,-1.0,0.0,549.7857142857143,382.8538461538462,-549.7857142857143,927.3333333333334,803.4235080786057,0.0,-551.7857142857143
0,5,2010,58318.95,0,-1.0,-1.0,0.0,425.4088397790055,598.7192307692308,-425.4088397790055,362.0,627.0023923399336,0.0,-427.4088397790055
7,5,2000,165050.0,104833000,0.040983606557376984,6.218909241151357,635.159042714329,1491.7666666666667,598.7192307692308,-856.7666666666667,415.0,359.6178527270307,635.159042714329,-850.5067738189579
5,0,2010,58318.95,0,0.0,0.0,0.0,536.2277777777778,726.1538461538462,-536.2277777777778,485.3333333333333,840.6219919400953,0.0,-536.2277777777778
1,5,1996,882280.0,693081000,0.13748191027496381,207.069948964275,785.5567393571201,1625.4222222222222,598.7192307692308,-839.4222222222222,723.0,54.56189146281496,785.5567393571201,-632.2147913476722
3,4,1997,5460.0,6419000,0.22245322245322252,0.8632801161103048,1175.6410256410256,361.5824175824176,1501.899613899614,814.4175824175825,1387.3333333333333,561.655885158638,1175.6410256410256,815.503315756146
1,0,1998,220710.0,211264000,0.0,0.0,957.2017579629378,1625.4222222222222,726.1538461538462,-668.4222222222222,583.0,511.58870198627335,957.2017579629378,-361.5824175824176
9,1,2010,64649.07,82229813,0.0,0.0,1271.9411586276492,1323.2252747252746,2015.483870967742,-51.22527472527463,424.0,734.3895424092033,1271.9411586276492,-361.5824175824176
0,6,2000,58318.95,0,-1.0,-1.0,0.0,425.4088397790055,929.4653846153847,-425.4088397790055,340.3333333333333,589.4746248426079,0.0,-427.4088397790055
0,5,2008,58318.95,0,-1.0,-1.0,0.0,425.4088397790055,598.7192307692308,-425.4088397790055,425.6666666666667,737.2762937551522,0.0,-427.4088397790055
1,5,1999,884680.0,738079000,-0.6988082340195017,144.29114173228348,834.2892345254782,1625.4222222222222,598.7192307692308,-791.4222222222222,1468.3333333333333,1126.5240047745692,834.2892345254782,-647.8298887239582
1,3,2012,2534.32,3242602,0.0,0.0,1279.4761513936676,1625.4222222222222,382.8538461538462,-346.4222222222222,426.3333333333333,738.4309942935317,1279.4761513936676,-361.5824175824176
0,6,2004,58318.95,0,-1.0,-1.0,0.0,425.4088397790055,929.4653846153847,-425.4088397790055,388.0,672.0357133367243,0.0,-427.4088397790055
1,5,2002,778202.03,697300240,0.8137651821862348,2030.0800285452135,896.0401195561003,1625.4222222222222,598.7192307692308,-729.4222222222222,738.3333333333334,214.5561309618851,896.0401195561003,1301.4715715051775
9,0,2016,99423.28,157174532,0.0,0.0,1580.8624700371986,1323.2252747252746,726.1538461538462,257.77472527472537,527.0,912.7907755887978,1580.8624700371986,-361.5824175824176
8,3,2011,58318.95,0,-1.0,-1.0,0.0,549.7857142857143,382.8538461538462,-549.7857142857143,961.0,849.3356227075373,0.0,-551.7857142857143
8,1,2002,20846.55,26344726,-0.4446397188049209,-0.9841333862090249,1263.7451280907392,549.7857142857143,2015.483870967742,714.2142857142857,1897.0,551.7454123053491,1263.7451280907392,712.7855126092717
7,1,2018,314535.17,1196967078,-0.051582357338649354,4.885515809901382,3805.511091176227,1491.7666666666667,2015.483870967742,2314.2333333333336,3411.6666666666665,868.4620506005606,3805.511091176227,2319.067266785896
7,3,2001,90.0,44000,0.0,0.0,488.8888888888889,1491.7666666666667,382.8538461538462,-1002.7666666666667,163.0,282.3242816337273,488.8888888888889,-361.5824175824176
4,2,2009,58318.95,0,-1.0,-1.0,0.0,462.8839779005525,702.5423076923076,-462.8839779005525,986.6666666666666,872.0145258728967,0.0,-464.8839779005525
4,6,2011,58318.95,0,-1.0,-1.0,0.0,462.8839779005525,929.4653846153847,-462.8839779005525,991.3333333333334,938.0513489854029,0.0,-464.8839779005525
7,1,2019,320078.03,1257581630,-0.03653751839136832,3.951374555278294,3928.9845354271893,1491.7666666666667,2015.483870967742,2437.2333333333336,3474.3333333333335,919.5663833206005,3928.9845354271893,2441.1481703702207
3,0,2022,58318.95,0,-1.0,-1.0,0.0,361.5824175824176,726.1538461538462,-361.5824175824176,190.0,329.08965343808603,0.0,-363.5824175824176
7,2,2006,4575.07,4320997,-0.2429831595829992,-0.8221197991257312,944.4657677368872,1491.7666666666667,702.5423076923076,-547.7666666666667,730.3333333333334,650.3786076842724,944.4657677368872,-548.8317696253754
6,2,2022,90123.82,235107600,0.003461538461538405,-0.6285192325722149,2608.7176508940697,1817.2122905027934,702.5423076923076,791.7877094972066,1736.3333333333333,1503.715509440976,2608.7176508940697,791.162651803096
0,2,2001,58318.95,0,-1.0,-1.0,0.0,425.4088397790055,702.5423076923076,-425.4088397790055,316.6666666666667,548.4827557301444,0.0,-427.4088397790055
2,4,2006,52886.98,72315689,1.3130287648054146,3.017120497246064,1367.3627989346337,1148.8333333333333,1501.899613899614,218.16666666666674,1155.3333333333333,493.7857160077971,1367.3627989346337,222.49681592871823
1,4,2014,558827.95,1135011408,0.0,0.0,2031.0569791650544,1625.4222222222222,1501.899613899614,405.5777777777778,1523.6666666666667,1343.8527945178114,2031.0569791650544,-361.5824175824176
4,4,1996,4440.0,7813000,0.4728033472803348,-0.9534280707192332,1759.6846846846847,462.8839779005525,1501.899613899614,1297.1160220994475,1354.6666666666667,353.65284295949516,1759.6846846846847,1296.6353973760085
9,4,1999,108690.0,145627000,0.7724867724867726,42.47074626865672,1339.838071579722,1323.2252747252746,1501.899613899614,16.77472527472537,953.3333333333334,334.8870456337974,1339.838071579722,60.01795831586886
2,3,2008,58318.95,0,0.0,0.0,0.0,1148.8333333333333,382.8538461538462,-1148.8333333333333,0.0,0.0,0.0,-1148.8333333333333
3,5,2016,58318.95,0,0.0,0.0,0.0,361.5824175824176,598.7192307692308,-361.5824175824176,0.0,0.0,0.0,-361.5824175824176
7,4,2009,111055.1,172797680,-0.03293971410814167,0.8237190597369308,1555.9634811908682,1491.7666666666667,1501.899613899614,64.23333333333335,1593.6666666666667,32.80751946325162,1555.9634811908682,65.02411267896214
3,6,2022,58318.95,0,-1.0,-1.0,0.0,361.5824175824176,929.4653846153847,-361.5824175824176,509.3333333333333,882.1912113217517,0.0,-363.5824175824176
0,5,1997,58318.95,0,-1.0,-1.0,0.0,425.4088397790055,598.7192307692308,-425.4088397790055,260.3333333333333,450.91056023709785,0.0,-427.4088397790055
5,5,1998,58318.95,0,0.0,0.0,0.0,536.2277777777778,598.7192307692308,-536.2277777777778,237.33333333333334,411.0733916630135,0.0,-536.2277777777778
5,3,2019,58318.95,0,0.0,0.0,0.0,536.2277777777778,382.8538461538462,-536.2277777777778,486.6666666666667,842.9313930168541,0.0,-536.2277777777778
9,5,2019,176545.98,283833741,0.0,0.0,1607.704355545224,1323.2252747252746,598.7192307692308,284.77472527472537,536.0,928.3792328569187,1607.704355545224,-361.5824175824176
7,1,2011,237354.61,556546340,-0.12336448598130845,3.7449455021244242,2344.78841594861,1491.7666666666667,2015.483870967742,853.2333333333333,2258.0,466.62297414507935,2344.78841594861,856.8549143494764
7,2,2005,4767.0,5744200,0.05240174672489073,-0.7520342926705028,1204.992657856094,1491.7666666666667,702.5423076923076,-286.76666666666665,783.3333333333334,679.0495809094746,1204.992657856094,-287.4662992126123
4,6,2020,58318.95,0,-1.0,-1.0,0.0,462.8839779005525,929.4653846153847,-462.8839779005525,1757.3333333333333,1527.1022668221467,0.0,-464.8839779005525
5,1,2021,1315.09,3096809,-0.02241594022415938,-0.7339308644970743,2354.826665855569,536.2277777777778,2015.483870967742,1818.7722222222224,2260.3333333333335,212.45548553363352,2354.826665855569,1818.015875417501
2,1,2001,26670.0,47378000,1.4769874476987446,1.4871646805606593,1776.4529433820771,1148.8333333333333,2015.483870967742,627.1666666666667,1491.0,678.0199112120524,1776.4529433820771,630.1308187949262
5,1,2017,1407.76,3340244,0.05373001776198927,-0.6347439424958377,2372.7368301415013,536.2277777777778,2015.483870967742,1836.7722222222224,2663.0,610.0909768223087,2372.7368301415013,1836.1912082974884
3,2,2016,58318.95,0,0.0,0.0,0.0,361.5824175824176,702.5423076923076,-361.5824175824176,0.0,0.0,0.0,-361.5824175824176
9,6,2005,87785.0,85900500,0.0,0.0,978.5327789485675,1323.2252747252746,929.4653846153847,-344.22527472527463,326.3333333333333,565.225913536643,978.5327789485675,-361.5824175824176
1,0,2016,323130.12,575904799,0.0,0.0,1782.2690097722862,1625.4222222222222,726.1538461538462,-1443.4222222222222,587.6666666666666,865.0516362237184,1782.2690097722862,-361.5824175824176
2,0,2004,58318.95,0,-1.0,-1.0,0.0,1148.8333333333333,726.1538461538462,-1148.8333333333333,792.3333333333334,701.025201639237,0.0,-1150.8333333333333
0,0,2009,58318.95,0,-1.0,-1.0,0.0,425.4088397790055,726.1538461538462,-425.4088397790055,505.3333333333333,875.2630080914727,0.0,-427.4088397790055
2,5,2009,16276.07,16279627,0.0,0.0,1000.2185416995626,1148.8333333333333,598.7192307692308,-148.83333333333326,743.0,653.5648399355646,1000.2185416995626,-361.5824175824176
7,4,2017,97489.29,216894203,-0.08624229979466114,0.5255706435562819,2224.800313962693,1491.7666666666667,1501.899613899614,733.2333333333333,2219.0,219.06163516233332,2224.800313962693,733.672661677095
9,1,2004,43622.0,63784300,0.14040561622464898,192.29337216314582,1462.2048507633763,1323.2252747252746,2015.483870967742,138.77472527472537,1327.3333333333333,118.68164699452056,1462.2048507633763,331.20850305409584
0,3,2018,58318.95,0,0.0,0.0,0.0,425.4088397790055,382.8538461538462,-425.4088397790055,0.0,0.0,0.0,-425.4088397790055
2,0,2022,58318.95,0,0.0,0.0,0.0,1148.8333333333333,726.1538461538462,-1148.8333333333333,952.0,1648.9123688055708,0.0,-1148.8333333333333
6,0,2006,514377.35,692957511,0.08192771084337358,0.747826279548323,1347.1773416928254,1817.2122905027934,726.1538461538462,-470.2122905027934,879.0,724.063533123993,1347.1773416928254,-469.3825365124017
7,3,2014,420.28,329579,0.0,0.0,784.1891120205578,1491.7666666666667,382.8538461538462,-707.7666666666667,261.3333333333333,452.6426110446683,784.1891120205578,-361.5824175824176
4,3,2020,58318.95,0,0.0,0.0,0.0,462.8839779005525,382.8538461538462,-462.8839779005525,0.0,0.0,0.0,-462.8839779005525
7,2,2000,4160.0,2926000,-0.3849518810148731,-0.8957717379688669,703.3653846153846,1491.7666666666667,702.5423076923076,-788.7666666666667,615.3333333333334,576.5208871613701,703.3653846153846,-790.0473902856504
4,4,2016,2598.59,4087252,-0.22892156862745094,-0.9810553112334244,1572.8729811166825,462.8839779005525,1501.899613899614,1110.1160220994475,1956.6666666666667,349.5315913237723,1572.8729811166825,1108.9060452195865
7,2,2012,4097.68,5111567,0.03657522859517881,-0.8755017707305832,1247.4295210948633,1491.7666666666667,702.5423076923076,-244.76666666666665,816.6666666666666,707.5961654314787,1247.4295210948633,-245.60559320880205
4,5,2018,58318.95,0,-1.0,-1.0,0.0,462.8839779005525,598.7192307692308,-462.8839779005525,944.3333333333334,821.386835378638,0.0,-464.8839779005525
6,3,2022,24498.96,54715830,0.5780918727915194,12.180256148123453,2233.393988969328,1817.2122905027934,382.8538461538462,415.7877094972066,1216.0,1129.7225323060527,2233.393988969328,428.5460575181216
1,6,2022,689614.06,1922028970,0.0,0.0,2787.1081543784067,1625.4222222222222,929.4653846153847,1161.5777777777778,929.0,1609.0752002314885,2787.1081543784067,-361.5824175824176
0,2,2017,58318.95,0,-1.0,-1.0,0.0,425.4088397790055,702.5423076923076,-425.4088397790055,754.3333333333334,1306.5436591761222,0.0,-427.4088397790055
5,5,2015,58318.95,0,0.0,0.0,0.0,536.2277777777778,598.7192307692308,-536.2277777777778,456.6666666666667,790.9698687897883,0.0,-536.2277777777778
6,1,1997,751840.0,154161000,0.22814371257485022,-0.7091987738740864,205.04495637369652,1817.2122905027934,2015.483870967742,233.7877094972066,1548.6666666666667,572.7218638513231,205.04495637369652,233.30665443590738
3,2,1999,58318.95,0,0.0,0.0,0.0,361.5824175824176,702.5423076923076,-361.5824175824176,0.0,0.0,0.0,-361.5824175824176
2,4,2010,59963.23,132780984,0.2622576966932726,1.3151310828210474,2214.373441857618,1148.8333333333333,1501.899613899614,1065.1666666666667,1970.0,231.27472840757386,2214.373441857618,1066.7440554461812
1,4,2009,547152.6,913119820,0.0,0.0,1668.8576824819986,1625.4222222222222,1501.899613899614,43.57777777777778,1122.0,971.7813540092233,1668.8576824819986,-361.5824175824176
2,4,2016,51803.23,116895603,-0.1265479876160991,0.3685480949772981,2256.5311661068235,1148.8333333333333,1501.899613899614,1108.1666666666667,2440.3333333333335,167.06984567338478,2256.5311661068235,1108.408666774028
4,3,2016,58318.95,0,0.0,0.0,0.0,462.8839779005525,382.8538461538462,-462.8839779005525,0.0,0.0,0.0,-462.8839779005525
1,2,2022,243448.48,632893061,0.0,0.0,2599.700195293887,1625.4222222222222,702.5423076923076,974.5777777777778,866.6666666666666,1501.1106998930275,2599.700195293887,-361.5824175824176
3,5,2018,58318.95,0,0.0,0.0,0.0,361.5824175824176,598.7192307692308,-361.5824175824176,0.0,0.0,0.0,-361.5824175824176
3,5,2011,58318.95,0,0.0,0.0,0.0,361.5824175824176,598.7192307692308,-361.5824175824176,0.0,0.0,0.0,-361.5824175824176
3,1,2022,725.0,1353733,-0.400706940874036,-0.7587062464095128,1867.2179310344827,361.5824175824176,2015.483870967742,1503.4175824175825,2989.0,1067.8262967355681,1867.2179310344827,1502.258169230299
5,5,2009,58318.95,0,0.0,0.0,0.0,536.2277777777778,598.7192307692308,-536.2277777777778,359.0,621.806239917227,0.0,-536.2277777777778
3,3,2007,58318.95,0,0.0,0.0,0.0,361.5824175824176,382.8538461538462,-361.5824175824176,0.0,0.0,0.0,-361.5824175824176
3,4,1996,7160.0,4329000,-0.65625,-0.44592346089850254,604.608938547486,361.5824175824176,1501.899613899614,243.41758241758242,1186.6666666666667,577.5450920346682,604.608938547486,242.3154089566839
7,6,1996,58260.0,110568000,0.0,0.0,1897.83728115345,1491.7666666666667,929.4653846153847,406.23333333333335,920.0,950.3283643036232,1897.83728115345,-361.5824175824176
0,6,2011,58318.95,0,-1.0,-1.0,0.0,425.4088397790055,929.4653846153847,-425.4088397790055,640.6666666666666,1109.6672173824606,0.0,-427.4088397790055
3,5,1999,58318.95,0,0.0,0.0,0.0,361.5824175824176,598.7192307692308,-361.5824175824176,0.0,0.0,0.0,-361.5824175824176
4,1,2009,58318.95,0,-1.0,-1.0,0.0,462.8839779005525,2015.483870967742,-462.8839779005525,1433.6666666666667,1269.6615034462268,0.0,-464.8839779005525
9,4,2019,242716.17,709250941,0.5139896373056996,32.96797646627,2922.1412854364007,1323.2252747252746,1501.899613899614,1598.7747252747254,2247.6666666666665,584.315268783325,2922.1412854364007,1632.2566913783012
8,3,2021,58318.95,0,-1.0,-1.0,0.0,549.7857142857143,382.8538461538462,-549.7857142857143,1227.3333333333333,1116.5681051030133,0.0,-551.7857142857143
2,2,2012,34133.26,41057347,0.0,0.0,1202.854547148441,1148.8333333333333,702.5423076923076,54.16666666666674,854.3333333333334,744.0271052410204,1202.854547148441,-361.5824175824176
8,5,2009,58318.95,0,-1.0,-1.0,0.0,549.7857142857143,598.7192307692308,-549.7857142857143,820.6666666666666,710.7209954217855,0.0,-551.7857142857143
8,4,2013,31593.75,98061938,0.4077097505668934,-0.9341784760951575,3103.839778437191,549.7857142857143,1501.899613899614,2554.214285714286,2417.0,609.3184717370679,3103.839778437191,2553.6878169887577
9,3,2017,58318.95,0,0.0,0.0,0.0,1323.2252747252746,382.8538461538462,-1323.2252747252746,0.0,0.0,0.0,-1323.2252747252746
1,6,2020,575015.31,1558379990,0.0,0.0,2710.1539087715764,1625.4222222222222,929.4653846153847,1084.5777777777778,1615.0,1427.8742941869934,2710.1539087715764,-361.5824175824176
5,6,2001,270.0,212000,0.0,0.0,785.1851851851852,536.2277777777778,929.4653846153847,248.77222222222224,829.0,851.8526867950823,785.1851851851852,-361.5824175824176
6,4,2016,759954.42,1884630071,0.16870876531573997,0.3787004528752427,2479.925139457706,1817.2122905027934,1501.899613899614,662.7877094972066,1534.0,1340.4879708524043,2479.925139457706,663.3351187153976
2,4,2011,66575.66,117608868,0.26394849785407715,1.4309313684069886,1766.544529937818,1148.8333333333333,1501.899613899614,618.1666666666667,1767.6666666666667,370.0004504501728,1766.544529937818,619.8615465329278
5,6,2014,58318.95,0,0.0,0.0,0.0,536.2277777777778,929.4653846153847,-536.2277777777778,793.3333333333334,1374.0936406713104,0.0,-536.2277777777778
2,5,2006,16654.32,13350915,0.0,0.0,801.6487614024469,1148.8333333333333,598.7192307692308,-346.83333333333326,613.0,543.7214360313562,801.6487614024469,-361.5824175824176
6,3,2002,19366.68,24358790,0.19923736892278354,1.5820441286477291,1257.7679808826292,1817.2122905027934,382.8538461538462,-559.2122905027934,769.0,674.1223924481369,1257.7679808826292,-557.4310090052229
1,1,1998,236830.0,377289000,0.4122340425531914,62.580889787664304,1593.0794240594519,1625.4222222222222,2015.483870967742,-32.42222222222222,1423.3333333333333,256.71060230020373,1593.0794240594519,30.570901607995282
2,2,2015,30791.23,47634489,0.0,0.0,1547.0148155822292,1148.8333333333333,702.5423076923076,398.16666666666674,1174.6666666666667,1039.762633168423,1547.0148155822292,-361.5824175824176
8,1,2000,24230.0,10443000,-0.7767995857068877,-0.9927669987304327,430.99463475030956,549.7857142857143,2015.483870967742,-118.78571428571433,1352.6666666666667,806.7889025843951,430.99463475030956,-120.55528087015165
7,4,2000,93240.0,87370000,-0.23944805194805197,0.17497545690501481,937.0441870441871,1491.7666666666667,1501.899613899614,-554.7666666666667,881.0,382.09030346241434,937.0441870441871,-554.8311392617097
7,5,2013,202375.61,251540923,0.22222222222222232,11.756009778185499,1242.9409008328623,1491.7666666666667,598.7192307692308,-248.76666666666665,753.3333333333334,662.119576310302,1242.9409008328623,-236.78843466625892
3,5,2006,58318.95,0,0.0,0.0,0.0,361.5824175824176,598.7192307692308,-361.5824175824176,0.0,0.0,0.0,-361.5824175824176
1,3,2019,3055.08,4518212,0.0,0.0,1478.91773701507,1625.4222222222222,382.8538461538462,-146.42222222222222,1161.3333333333333,1039.5625682628888,1478.91773701507,-361.5824175824176
4,0,2018,58318.95,0,-1.0,-1.0,0.0,462.8839779005525,726.1538461538462,-462.8839779005525,1121.0,995.9854416606697,0.0,-464.8839779005525
4,2,2018,58318.95,0,-1.0,-1.0,0.0,462.8839779005525,702.5423076923076,-462.8839779005525,1195.6666666666667,1052.3166506966106,0.0,-464.8839779005525
9,2,2008,77848.4,104191123,0.0,0.0,1338.3848993685162,1323.2252747252746,702.5423076923076,14.77472527472537,446.0,772.4946601757189,1338.3848993685162,-361.5824175824176
5,5,1999,58318.95,0,0.0,0.0,0.0,536.2277777777778,598.7192307692308,-536.2277777777778,194.66666666666666,337.17255720674217,0.0,-536.2277777777778
7,5,2018,248124.17,370414919,0.11417910447761193,10.269198629484555,1492.861090477401,1491.7666666666667,598.7192307692308,1.2333333333333485,944.3333333333334,821.386835378638,1492.861090477401,11.616711067295515
4,3,2007,58318.95,0,-1.0,-1.0,0.0,462.8839779005525,382.8538461538462,-462.8839779005525,240.33333333333334,416.2695440857203,0.0,-464.8839779005525
2,5,2016,27116.65,31527669,0.0,0.0,1162.6682868274656,1148.8333333333333,598.7192307692308,14.166666666666742,926.6666666666666,834.0037969537871,1162.6682868274656,-361.5824175824176
0,2,2014,58318.95,0,-1.0,-1.0,0.0,425.4088397790055,702.5423076923076,-425.4088397790055,634.3333333333334,1098.6975622678572,0.0,-427.4088397790055
6,4,2008,28288.56,47676122,0.0637626262626263,-0.939709596198302,1685.3499082314547,1817.2122905027934,1501.899613899614,-132.2122905027934,1089.6666666666667,945.029276442446,1685.3499082314547,-133.08823747272908
1,3,2009,7382.67,8220211,0.0,0.0,1113.4468965834853,1625.4222222222222,382.8538461538462,-512.4222222222222,371.0,642.5908496080535,1113.4468965834853,-361.5824175824176
6,4,2021,676075.0,1836612661,0.022197140707298724,0.15641717357049045,2716.581238767888,1817.2122905027934,1501.899613899614,899.7877094972066,2218.3333333333335,813.1557866321368,2716.581238767888,899.9663238114844
2,4,2014,64664.97,129540380,-0.3028193525931082,0.47214238386633056,2003.2543121878816,1148.8333333333333,1501.899613899614,854.1666666666667,2458.6666666666665,436.47031208700616,2003.2543121878816,854.3359896979399
9,5,1997,99500.0,77735000,0.0,0.0,781.2562814070352,1323.2252747252746,598.7192307692308,-542.2252747252746,260.3333333333333,450.91056023709785,781.2562814070352,-361.5824175824176
5,0,1997,58318.95,0,0.0,0.0,0.0,536.2277777777778,726.1538461538462,-536.2277777777778,394.6666666666667,683.582718720517,0.0,-536.2277777777778
8,3,1997,130.0,0,-1.0,-1.0,0.0,549.7857142857143,382.8538461538462,-549.7857142857143,661.0,606.8714855716983,0.0,-551.7857142857143
5,2,2006,58318.95,0,0.0,0.0,0.0,536.2277777777778,702.5423076923076,-536.2277777777778,314.6666666666667,545.0186541150061,0.0,-536.2277777777778
6,3,2017,20656.17,44128318,0.4306764902880107,8.848237627191724,2136.326240537331,1817.2122905027934,382.8538461538462,318.7877094972066,1209.6666666666667,1095.8249556080266,2136.326240537331,328.06662361468636
3,0,1997,58318.95,0,0.0,0.0,0.0,361.5824175824176,726.1538461538462,-361.5824175824176,0.0,0.0,0.0,-361.5824175824176
7,1,2014,284723.54,887752394,-0.019496855345911945,5.056525449045379,3117.9451969443767,1491.7666666666667,2015.483870967742,1626.2333333333333,3026.6666666666665,214.14325423260783,3117.9451969443767,1631.2703619270328
4,6,2017,58318.95,0,-1.0,-1.0,0.0,462.8839779005525,929.4653846153847,-462.8839779005525,861.3333333333334,1491.8730955859942,0.0,-464.8839779005525
2,2,2007,22546.58,36771927,0.0,0.0,1630.93147608196,1148.8333333333333,702.5423076923076,482.16666666666674,996.3333333333334,873.5801813991277,1630.93147608196,-361.5824175824176
7,3,2006,315.3,257541,-0.18867924528301883,5.898666023786564,816.8125594671741,1491.7666666666667,382.8538461538462,-674.7666666666667,711.6666666666666,359.7573256145501,816.8125594671741,-669.0566798881631
3,3,2005,58318.95,0,0.0,0.0,0.0,361.5824175824176,382.8538461538462,-361.5824175824176,0.0,0.0,0.0,-361.5824175824176
6,6,1996,469990.0,638548000,0.5235426008968609,1.7594748532856244,1358.64167322709,1817.2122905027934,929.4653846153847,-458.2122905027934,750.3333333333334,690.4870261875551,1358.64167322709,-455.9292730486109
0,1,2009,13166.81,37351425,0.6342165898617511,-0.6653313133914246,2836.786207137492,425.4088397790055,2015.483870967742,2411.5911602209944,2181.3333333333335,579.8537171850617,2836.786207137492,2411.5600454974647
5,2,2011,58318.95,0,0.0,0.0,0.0,536.2277777777778,702.5423076923076,-536.2277777777778,374.3333333333333,648.3643522999489,0.0,-536.2277777777778
0,1,2002,6100.41,6051564,-0.4212368728121354,-0.9323826451287566,991.992997191992,425.4088397790055,2015.483870967742,566.5911602209944,1271.3333333333333,387.7232690119746,991.992997191992,565.2375407030536
0,2,2018,58318.95,0,-1.0,-1.0,0.0,425.4088397790055,702.5423076923076,-425.4088397790055,755.3333333333334,1308.275709983691,0.0,-427.4088397790055
0,6,2008,58318.95,0,-1.0,-1.0,0.0,425.4088397790055,929.4653846153847,-425.4088397790055,473.6666666666667,820.4147325184579,0.0,-427.4088397790055
8,2,2009,58318.95,0,-1.0,-1.0,0.0,549.7857142857143,702.5423076923076,-549.7857142857143,917.0,794.8515584686234,0.0,-551.7857142857143
7,0,2018,81161.32,154504718,0.3050034270047979,144.19468932574398,1903.67428720972,1491.7666666666667,726.1538461538462,412.23333333333335,1121.0,995.9854416606697,1903.67428720972,556.7330260860822
8,3,2002,432.63,395460,-0.27344992050874406,-0.9837652034440134,914.0836280424381,549.7857142857143,382.8538461538462,364.21428571428567,1073.6666666666667,173.32147395326734,914.0836280424381,362.95707059033293
2,1,2015,45278.92,156509077,0.16475741239892194,0.0,3456.5549929194426,1148.8333333333333,2015.483870967742,2308.166666666667,3305.3333333333335,292.6334453430279,3456.5549929194426,-361.5824175824176
6,3,1998,31600.0,33998000,0.254079254079254,3.9394159523463603,1075.886075949367,1817.2122905027934,382.8538461538462,-741.2122905027934,644.6666666666666,568.8385828451982,1075.886075949367,-737.0187952963678
1,6,2010,548315.25,896092731,0.0,0.0,1634.2655634691905,1625.4222222222222,929.4653846153847,8.577777777777783,1064.6666666666667,922.7704662229575,1634.2655634691905,-361.5824175824176
3,5,2004,58318.95,0,0.0,0.0,0.0,361.5824175824176,598.7192307692308,-361.5824175824176,0.0,0.0,0.0,-361.5824175824176
9,2,2006,60736.95,567289,0.0,0.0,9.340096926170972,1323.2252747252746,702.5423076923076,-178.22527472527463,381.6666666666667,661.0660582221212,9.340096926170972,-361.5824175824176
0,2,2021,58318.95,0,-1.0,-1.0,0.0,425.4088397790055,702.5423076923076,-425.4088397790055,797.3333333333334,1381.0218439015848,0.0,-427.4088397790055
7,5,2011,265377.07,296759360,0.14431934493346987,11.842672593800485,1118.2554694721741,1491.7666666666667,598.7192307692308,-373.76666666666665,698.3333333333334,608.8697178652703,1118.2554694721741,-361.7796747279327
7,1,1996,194650.0,359653000,-0.05084745762711862,7.991100222494438,1847.6907269458002,1491.7666666666667,2015.483870967742,356.23333333333335,1584.6666666666667,544.0995619675992,1847.6907269458002,364.17358609820064
4,0,2005,58318.95,0,-1.0,-1.0,0.0,462.8839779005525,726.1538461538462,-462.8839779005525,664.0,599.3604925251578,0.0,-464.8839779005525
6,3,2021,10582.3,23103277,0.456304202801868,2.3786846935119446,2183.1999659809308,1817.2122905027934,382.8538461538462,365.7877094972066,1227.3333333333333,1116.5681051030135,2183.1999659809308,368.6226983935204
7,3,2015,301.49,415278,0.0,0.0,1377.4188198613551,1491.7666666666667,382.8538461538462,-114.76666666666665,459.0,795.0113206741157,1377.4188198613551,-361.5824175824176
4,3,2011,58318.95,0,-1.0,-1.0,0.0,462.8839779005525,382.8538461538462,-462.8839779005525,318.6666666666667,551.946857345283,0.0,-464.8839779005525
2,0,2016,592.53,795097,0.0,0.0,1341.867922299293,1148.8333333333333,726.1538461538462,193.16666666666674,1190.0,1121.7504178737797,1341.867922299293,-361.5824175824176
0,3,2005,58318.95,0,0.0,0.0,0.0,425.4088397790055,382.8538461538462,-425.4088397790055,0.0,0.0,0.0,-425.4088397790055
1,6,1997,212020.0,207188000,0.0,0.0,977.2096971983775,1625.4222222222222,929.4653846153847,-648.4222222222222,662.3333333333334,573.8347613497575,977.2096971983775,-361.5824175824176
1,1,1996,289690.0,566729000,1.4207920792079207,154.86606160616063,1956.3291794677068,1625.4222222222222,2015.483870967742,330.5777777777778,1424.3333333333333,578.6642665080792,1956.3291794677068,486.86463146314634
3,4,1998,4430.0,3350000,-0.010471204188481686,0.4667250437828372,756.2076749435666,361.5824175824176,1501.899613899614,394.4175824175824,951.0,330.8458855721192,756.2076749435666,394.8738362571768
7,6,2009,113660.3,217003280,0.11899179366940205,57.64912300616266,1909.2267044869668,1491.7666666666667,929.4653846153847,417.23333333333335,1565.6666666666667,430.98994574506685,1909.2267044869668,475.0014481331654
8,5,2008,58318.95,0,-1.0,-1.0,0.0,549.7857142857143,598.7192307692308,-549.7857142857143,786.0,681.4954145113525,0.0,-551.7857142857143
0,1,1999,3390.0,5754000,0.6627783669141039,-0.9563422813699752,1697.345132743363,425.4088397790055,2015.483870967742,2710.5911602209944,1674.0,1578.7121333542727,1697.345132743363,2710.2975963065387
0,4,2015,58318.95,0,-1.0,-1.0,0.0,425.4088397790055,1501.899613899614,-425.4088397790055,1512.0,1385.901872428202,0.0,-427.4088397790055
8,2,2011,58318.95,0,-1.0,-1.0,0.0,549.7857142857143,702.5423076923076,-549.7857142857143,1037.3333333333333,898.3842904533298,0.0,-551.7857142857143
2,4,1997,38340.0,44884000,0.7399702823179792,1.6723029292688736,1170.6833594157538,1148.8333333333333,1501.899613899614,22.166666666666742,1189.3333333333333,525.7397962236959,1170.6833594157538,24.578939878253596
3,1,2010,443.76,623245,0.10290652003142187,-0.6564665015634827,1404.4641247521183,361.5824175824176,2015.483870967742,1042.4175824175825,1567.6666666666667,402.2963252794298,1404.4641247521183,1041.8640224360504
1,2,1997,176490.0,190105000,0.0,0.0,1077.143180916766,1625.4222222222222,702.5423076923076,-548.4222222222222,685.6666666666666,595.7821190110803,1077.143180916766,-361.5824175824176
1,3,2005,8496.0,10313600,0.0,0.0,1213.9359698681733,1625.4222222222222,382.8538461538462,-411.4222222222222,404.6666666666667,700.9032267962057,1213.9359698681733,-361.5824175824176
3,0,1998,58318.95,0,0.0,0.0,0.0,361.5824175824176,726.1538461538462,-361.5824175824176,0.0,0.0,0.0,-361.5824175824176
7,4,2015,116887.44,247740287,-0.012121212121212088,0.7971366120749754,2119.4773963738107,1491.7666666666667,1501.899613899614,627.2333333333333,2424.3333333333335,506.5030437552464,2119.4773963738107,628.0183487332871
1,5,2020,1201283.74,2258240600,0.0,0.0,1879.856127911962,1625.4222222222222,598.7192307692308,254.57777777777778,1184.6666666666667,1031.10878831156,1879.856127911962,-361.5824175824176
6,2,2000,71800.0,64618000,0.098901098901099,-0.6102489248641378,899.9721448467967,1817.2122905027934,702.5423076923076,-917.2122905027934,573.0,497.88251626262183,899.9721448467967,-917.7236383287565
0,2,2013,58318.95,0,-1.0,-1.0,0.0,425.4088397790055,702.5423076923076,-425.4088397790055,589.6666666666666,1021.3326261964474,0.0,-427.4088397790055
0,6,2012,58318.95,0,-1.0,-1.0,0.0,425.4088397790055,929.4653846153847,-425.4088397790055,633.6666666666666,1097.5428617294783,0.0,-427.4088397790055
0,1,2015,58318.95,0,-1.0,-1.0,0.0,425.4088397790055,2015.483870967742,-425.4088397790055,1450.6666666666667,1292.3367724139612,0.0,-427.4088397790055
8,6,2018,58318.95,0,-1.0,-1.0,0.0,549.7857142857143,929.4653846153847,-549.7857142857143,1834.6666666666667,1603.8897509908027,0.0,-551.7857142857143
7,4,2004,99624.0,92417200,-0.1751111111111111,0.7110240535576753,927.6600016060387,1491.7666666666667,1501.899613899614,-563.7666666666667,975.0,132.88717018583867,927.6600016060387,-563.2307537242201
2,2,1997,7130.0,6022000,0.0,0.0,844.6002805049088,1148.8333333333333,702.5423076923076,-303.83333333333326,579.3333333333334,502.2910842662183,844.6002805049088,-361.5824175824176
2,2,2009,29164.66,48237243,0.0,0.0,1653.9621240227043,1148.8333333333333,702.5423076923076,505.16666666666674,1021.0,892.657269056831,1653.9621240227043,-361.5824175824176
6,2,2005,84329.0,109302700,0.2831683168316832,-0.2686042932469688,1296.1460470300844,1817.2122905027934,702.5423076923076,-521.2122905027934,768.6666666666666,680.8710107893661,1296.1460470300844,-521.1977264792087
3,0,2017,58318.95,0,0.0,0.0,0.0,361.5824175824176,726.1538461538462,-361.5824175824176,0.0,0.0,0.0,-361.5824175824176
8,1,1996,20550.0,19711000,-0.5422434367541766,-0.9865548270565091,959.1727493917275,549.7857142857143,2015.483870967742,409.21428571428567,1670.0,619.6539356770035,959.1727493917275,407.68548745047497
7,2,2008,5966.91,6690953,-0.2038352272727273,-0.8272991812979006,1121.3430402000365,1491.7666666666667,702.5423076923076,-370.76666666666665,843.0,744.0288972882703,1121.3430402000365,-371.79780107523726
0,2,1996,58318.95,0,-1.0,-1.0,0.0,425.4088397790055,702.5423076923076,-425.4088397790055,343.5,485.78235867515815,0.0,-427.4088397790055
4,2,2015,58318.95,0,-1.0,-1.0,0.0,462.8839779005525,702.5423076923076,-462.8839779005525,1018.6666666666666,882.3957917699588,0.0,-464.8839779005525
1,2,2019,248292.4,571094996,0.0,0.0,2300.090522303542,1625.4222222222222,702.5423076923076,674.5777777777778,1567.0,1358.0011045650883,2300.090522303542,-361.5824175824176
6,2,2012,87061.51,118362722,-0.11285061969993482,-0.6651970978901854,1359.5298542375385,1817.2122905027934,702.5423076923076,-457.2122905027934,964.3333333333334,839.6048673830642,1359.5298542375385,-457.99033822038353
3,5,2022,58318.95,0,-1.0,-1.0,0.0,361.5824175824176,598.7192307692308,-361.5824175824176,55.666666666666664,96.41749495468669,0.0,-363.5824175824176
1,2,2000,202470.0,165793000,0.0,0.0,818.8521756309576,1625.4222222222222,702.5423076923076,-806.4222222222222,611.3333333333334,538.4239345843879,818.8521756309576,-361.5824175824176
4,1,1996,5160.0,14789000,0.550865800865801,-0.9588798091493745,2866.0852713178297,462.8839779005525,2015.483870967742,2403.1160220994475,2220.3333333333335,561.3504550041206,2866.0852713178297,2402.7080080911637
6,4,2007,56344.65,945448494,0.02378048780487796,0.19806281127213854,16779.738519983708,1817.2122905027934,1501.899613899614,-138.2122905027934,1272.3333333333333,670.8757957575549,16779.738519983708,-137.99044720371637
1,4,2004,457450.0,603949400,0.4042553191489362,209.913008555963,1320.2522680074326,1625.4222222222222,1501.899613899614,-305.4222222222222,1255.3333333333333,288.4880124603668,1320.2522680074326,-95.10495834711028
9,4,2020,239044.72,720625344,0.9216061185468452,41.072236645731124,3014.6047317004113,1323.2252747252746,1501.899613899614,1691.7747252747254,2114.3333333333335,785.7641715765166,3014.6047317004113,1733.7685680390034
0,4,1997,19860.0,0,-1.0,-1.0,0.0,425.4088397790055,1501.899613899614,-425.4088397790055,754.3333333333334,839.0270158542771,0.0,-427.4088397790055
1,0,2013,388113.19,590502822,0.0,0.0,1521.4706359245354,1625.4222222222222,726.1538461538462,-104.42222222222222,1046.3333333333333,907.4482538047737,1521.4706359245354,-361.5824175824176
7,3,2016,258.42,0,0.0,0.0,0.0,1491.7666666666667,382.8538461538462,-1491.7666666666667,0.0,0.0,0.0,-1491.7666666666667
5,4,2012,7701.89,14851094,0.16636418632788863,1.701495626991865,1928.2402111689469,536.2277777777778,1501.899613899614,1391.7722222222224,1728.0,174.99999999999244,1928.2402111689469,1393.640082035542
4,0,2007,58318.95,0,-1.0,-1.0,0.0,462.8839779005525,726.1538461538462,-462.8839779005525,782.0,677.2680414725027,0.0,-464.8839779005525
0,6,2002,50.16,19431,-0.6714770797962648,-0.9997391118082929,387.38038277511964,425.4088397790055,929.4653846153847,-38.40883977900552,521.6666666666666,600.4351200032634,387.38038277511964,-40.080055970610076
4,4,2020,58318.95,0,-1.0,-1.0,0.0,462.8839779005525,1501.899613899614,-462.8839779005525,1882.3333333333333,1631.2339909814684,0.0,-464.8839779005525
9,1,2012,64803.39,153610800,0.5028535193405199,303.0184614897441,2370.4130293183734,1323.2252747252746,2015.483870967742,1046.7747252747254,1983.6666666666667,396.8908330175106,2370.4130293183734,1350.29604028381
0,6,2001,58318.95,0,-1.0,-1.0,0.0,425.4088397790055,929.4653846153847,-425.4088397790055,310.0,536.9357503463516,0.0,-427.4088397790055
5,2,2010,58318.95,0,0.0,0.0,0.0,536.2277777777778,702.5423076923076,-536.2277777777778,498.3333333333333,863.13865243849,0.0,-536.2277777777778
8,3,2006,258.29,80211,-0.6597374179431073,-0.997477509594291,310.54628518332106,549.7857142857143,382.8538461538462,-238.78571428571433,705.6666666666666,341.96832211965693,310.54628518332106,-240.44292921325174
1,3,2022,2933.05,4151348,0.0,0.0,1415.368984504185,1625.4222222222222,382.8538461538462,-210.42222222222222,471.6666666666667,816.950630903321,1415.368984504185,-361.5824175824176
5,5,2002,58318.95,0,0.0,0.0,0.0,536.2277777777778,598.7192307692308,-536.2277777777778,246.33333333333334,426.6618489311339,0.0,-536.2277777777778
7,3,2009,485.59,418615,0.0,0.0,862.0750015445129,1491.7666666666667,382.8538461538462,-629.7666666666667,287.3333333333333,497.67593204145794,862.0750015445129,-361.5824175824176
2,2,2011,29472.09,42625701,0.0,0.0,1446.3073708040386,1148.8333333333333,702.5423076923076,297.16666666666674,1003.0,870.5911784528944,1446.3073708040386,-361.5824175824176
1,5,2001,949350.0,768536000,0.0,0.0,809.5391583715174,1625.4222222222222,598.7192307692308,-815.4222222222222,517.6666666666666,449.5623798021067,809.5391583715174,-361.5824175824176
2,5,2021,22021.32,33444520,0.0,0.0,1518.7336635587694,1148.8333333333333,598.7192307692308,370.16666666666674,1150.0,1017.0108160683444,1518.7336635587694,-361.5824175824176
7,0,2012,82305.24,113651742,0.32406519654841803,132.09600331651654,1380.8566987958482,1491.7666666666667,726.1538461538462,-110.76666666666665,808.0,719.8673488914467,1380.8566987958482,21.65340184639831
9,1,2006,46192.02,293483263,0.5924908424908424,954.6602507326604,6353.549011279438,1323.2252747252746,2015.483870967742,415.77472527472537,1238.0,446.28578287908556,6353.549011279438,1371.0274668498766
4,4,2000,5310.0,10133000,1.0362860192102454,-0.8840219755064668,1908.2862523540489,462.8839779005525,1501.899613899614,1445.1160220994475,1359.0,497.80216954127434,1908.2862523540489,1445.2682861431513
4,0,2012,58318.95,0,-1.0,-1.0,0.0,462.8839779005525,726.1538461538462,-462.8839779005525,808.0,719.8673488914467,0.0,-464.8839779005525
4,4,2004,2945.0,0,-1.0,-1.0,0.0,462.8839779005525,1501.899613899614,-462.8839779005525,684.3333333333334,600.7797710753366,0.0,-464.8839779005525
6,3,2007,23921.43,27683287,0.16868686868686877,2.650515099311759,1157.2588678854065,1817.2122905027934,382.8538461538462,-660.2122905027934,715.6666666666666,625.3849481186236,1157.2588678854065,-657.3930885347947
1,0,2020,242470.69,492206224,0.0,0.0,2029.961740942792,1625.4222222222222,726.1538461538462,404.5777777777778,1296.3333333333333,1125.9086700675737,2029.961740942792,-361.5824175824176
9,0,2012,99453.31,164003891,0.0,58342.61117040199,1649.0541239904435,1323.2252747252746,726.1538461538462,325.77472527472537,867.0,827.7795600279096,1649.0541239904435,-361.5824175824176
8,4,2009,21970.22,35494467,-0.12506767731456414,-0.9718262395430282,1615.5717603191956,549.7857142857143,1501.899613899614,1066.2142857142858,1710.6666666666667,121.0055095164325,1615.5717603191956,1065.1173917974281
6,3,2004,19998.0,29206100,0.5271966527196652,2.4826381436168945,1460.4510451045105,1817.2122905027934,382.8538461538462,-357.2122905027934,805.3333333333334,741.5695067445353,1460.4510451045105,-354.2024557064568
9,3,2022,58318.95,0,0.0,0.0,0.0,1323.2252747252746,382.8538461538462,-1323.2252747252746,0.0,0.0,0.0,-1323.2252747252746
3,6,1997,58318.95,0,-1.0,-1.0,0.0,361.5824175824176,929.4653846153847,-361.5824175824176,233.33333333333334,404.1451884327382,0.0,-363.5824175824176
5,0,2016,58318.95,0,0.0,0.0,0.0,536.2277777777778,726.1538461538462,-536.2277777777778,587.0,1016.7138240429305,0.0,-536.2277777777778
7,0,2021,75440.14,183737285,0.0,0.0,2435.537434050361,1491.7666666666667,726.1538461538462,944.2333333333333,812.0,1406.4252557459279,2435.537434050361,-361.5824175824176
9,5,2004,136740.0,104756500,0.0,0.0,766.0998976159134,1323.2252747252746,598.7192307692308,-557.2252747252746,255.33333333333334,442.2503061992537,766.0998976159134,-361.5824175824176
7,5,2005,210055.0,162905800,-0.15098468271334797,12.932384585122215,775.538787460427,1491.7666666666667,598.7192307692308,-715.7666666666667,563.3333333333334,492.7162807674752,775.538787460427,-702.9852667642577
9,4,2021,232636.49,700856077,0.5140703517587939,30.650354294837033,3012.666142787832,1323.2252747252746,1501.899613899614,1689.7747252747254,2353.6666666666665,572.0107807841816,3012.666142787832,1720.9391499213211
6,5,2017,1441029.78,2473796379,0.01059446733372571,0.2798649418189221,1716.6865066452685,1817.2122905027934,598.7192307692308,-100.2122905027934,1138.6666666666667,986.1553292120533,1716.6865066452685,-99.92183109364075
2,1,2009,32009.85,77336861,0.46869300911854106,0.18272632265949085,2416.0332210241536,1148.8333333333333,2015.483870967742,1267.1666666666667,2131.3333333333335,423.2166505861192,2416.0332210241536,1267.8180859984448
6,2,2008,58318.95,0,-1.0,-1.0,0.0,1817.2122905027934,702.5423076923076,-1817.2122905027934,451.3333333333333,781.7322644827528,0.0,-1819.2122905027934
2,5,2013,19389.08,19719405,0.0,0.0,1017.036651558506,1148.8333333333333,598.7192307692308,-131.83333333333326,804.3333333333334,721.8894190479133,1017.036651558506,-361.5824175824176
0,0,1998,58318.95,0,-1.0,-1.0,0.0,425.4088397790055,726.1538461538462,-425.4088397790055,264.0,457.26141319818385,0.0,-427.4088397790055
0,4,2011,2700.93,4643750,-0.20046511627906982,-0.9900432905825661,1719.3151988389186,425.4088397790055,1501.899613899614,1293.5911602209944,1612.3333333333333,598.17583813903,1719.3151988389186,1292.4006518141327
4,6,1996,58318.95,0,-1.0,-1.0,0.0,462.8839779005525,929.4653846153847,-462.8839779005525,632.6666666666666,1095.8108109219097,0.0,-464.8839779005525
5,6,2020,101.07,154222,0.0,0.0,1525.8929454833285,536.2277777777778,929.4653846153847,989.7722222222222,1429.3333333333333,1383.5350856893144,1525.8929454833285,-361.5824175824176
9,2,2017,86613.23,196044168,0.0,0.0,2263.443679447124,1323.2252747252746,702.5423076923076,939.7747252747254,754.3333333333334,1306.5436591761222,2263.443679447124,-361.5824175824176
6,6,2001,642700.0,990501000,0.4732313575525813,2.071292360071069,1541.1560603703128,1817.2122905027934,929.4653846153847,-276.2122905027934,862.3333333333334,786.7466767221414,1541.1560603703128,-273.66776678516976
8,2,2004,58318.95,0,-1.0,-1.0,0.0,549.7857142857143,702.5423076923076,-549.7857142857143,642.6666666666666,557.2695338284099,0.0,-551.7857142857143
1,6,2002,286246.58,353772633,2.193798449612403,18205.609695846844,1235.9016935678324,1625.4222222222222,929.4653846153847,-389.4222222222222,933.6666666666666,474.31459321144,1235.9016935678324,17818.38127207423
7,2,2020,10901.17,17550375,-0.22184630256162396,-0.5166399277404525,1609.9533352841943,1491.7666666666667,702.5423076923076,118.23333333333335,1226.3333333333333,1086.5497380853456,1609.9533352841943,117.49484710303128
2,5,2019,29726.64,43213513,0.0,0.0,1453.696515987007,1148.8333333333333,598.7192307692308,305.16666666666674,1081.3333333333333,951.4122835728648,1453.696515987007,-361.5824175824176
4,5,2004,58318.95,0,-1.0,-1.0,0.0,462.8839779005525,598.7192307692308,-462.8839779005525,462.0,402.0000000000003,0.0,-464.8839779005525
9,2,1999,108691.0,75158000,0.0,0.0,691.4831954807665,1323.2252747252746,702.5423076923076,-1323.2252747252746,0.0,0.0,691.4831954807665,-361.5824175824176
6,1,2013,1115957.4,3590845746,0.10736407432897455,1.8431693865444778,3217.726542249731,1817.2122905027934,2015.483870967742,1400.7877094972066,2819.6666666666665,447.786035214735,3217.726542249731,1402.73824295808
6,5,2000,891830.0,742328000,0.030978934324659146,0.014891255010691218,832.3649125954498,1817.2122905027934,598.7192307692308,-985.2122905027934,843.3333333333334,43.13158162337366,832.3649125954498,-985.166420313458
8,0,2010,3015.79,1846049,-0.6571428571428571,-0.9980940335402827,612.127833834584,549.7857142857143,726.1538461538462,62.214285714285666,1234.6666666666667,589.8358528720786,612.127833834584,60.559048823602524
1,4,2020,688114.09,1883182338,0.0,0.0,2736.7298030476313,1625.4222222222222,1501.899613899614,1111.5777777777778,1917.3333333333333,1666.2671854577613,2736.7298030476313,-361.5824175824176
9,5,2017,167584.33,241011677,0.0,0.0,1438.1516278998163,1323.2252747252746,598.7192307692308,114.77472527472537,479.3333333333333,830.2296870946827,1438.1516278998163,-361.5824175824176
8,5,2020,58318.95,0,-1.0,-1.0,0.0,549.7857142857143,598.7192307692308,-549.7857142857143,1254.0,1085.9963167525016,0.0,-551.7857142857143
0,6,1998,58318.95,0,-1.0,-1.0,0.0,425.4088397790055,929.4653846153847,-425.4088397790055,280.0,484.9742261192858,0.0,-427.4088397790055
9,1,2022,58318.95,0,-1.0,-1.0,0.0,1323.2252747252746,2015.483870967742,-1323.2252747252746,1290.6666666666667,1193.7027826613014,0.0,-1325.2252747252746
5,2,2000,58318.95,0,0.0,0.0,0.0,536.2277777777778,702.5423076923076,-536.2277777777778,234.33333333333334,405.8772392403067,0.0,-536.2277777777778
9,5,2001,141010.0,104801000,0.0,0.0,743.2167931352386,1323.2252747252746,598.7192307692308,-580.2252747252746,247.66666666666666,428.97125000789225,743.2167931352386,-361.5824175824176
4,5,2021,58318.95,0,-1.0,-1.0,0.0,462.8839779005525,598.7192307692308,-462.8839779005525,1039.0,900.6669750801346,0.0,-464.8839779005525
8,6,2005,16030.0,15302300,-0.43889541715628677,-0.9882545580816144,954.6038677479726,549.7857142857143,929.4653846153847,405.21428571428567,1369.0,380.03026195291505,954.6038677479726,403.78713573904776
6,6,2007,809195.61,1427286259,0.1066499372647427,1.0939843584039037,1763.8334184734395,1817.2122905027934,929.4653846153847,-53.212290502793394,1119.3333333333333,973.0906090048009,1763.8334184734395,-52.011656207124744
6,2,2006,83577.5,114146524,0.21746880570409988,-0.38192108242857237,1365.7566211001765,1817.2122905027934,702.5423076923076,-451.2122905027934,829.3333333333334,728.5117249113654,1365.7566211001765,-451.3767427795179
8,6,2010,4364.13,7224497,-0.1543178334184977,-0.9956951982871534,1655.4266256963015,549.7857142857143,929.4653846153847,1105.2142857142858,1748.6666666666667,180.72723461984427,1655.4266256963015,1104.0642726825802
8,5,1998,58318.95,0,-1.0,-1.0,0.0,549.7857142857143,598.7192307692308,-549.7857142857143,509.6666666666667,446.51577053149356,0.0,-551.7857142857143
2,0,1997,58318.95,0,-1.0,-1.0,0.0,1148.8333333333333,726.1538461538462,-1148.8333333333333,581.0,567.0564345812505,0.0,-1150.8333333333333
8,1,2020,58318.95,0,-1.0,-1.0,0.0,549.7857142857143,2015.483870967742,-549.7857142857143,1370.6666666666667,2374.064306907741,0.0,-551.7857142857143
3,3,1997,58318.95,0,0.0,0.0,0.0,361.5824175824176,382.8538461538462,-361.5824175824176,0.0,0.0,0.0,-361.5824175824176
6,2,2007,92253.98,125298710,0.10227272727272729,-0.425074810444227,1358.1930015377116,1817.2122905027934,702.5423076923076,-459.2122905027934,863.3333333333334,750.3181547405959,1358.1930015377116,-459.5350925859649
6,4,2022,612806.85,1664914738,0.023737754333082117,0.08875023397639659,2716.867048728323,1817.2122905027934,1501.899613899614,899.7877094972066,1950.3333333333333,1273.7355821885988,2716.867048728323,899.9001974855161
2,6,2020,3377.63,8477865,0.0,0.0,2510.0040560985067,1148.8333333333333,929.4653846153847,1361.1666666666667,1877.3333333333333,1654.3643290803084,2510.0040560985067,-361.5824175824176
9,1,2000,75550.0,134492000,1.4450549450549453,1025.6564885496184,1780.1720714758437,1323.2252747252746,2015.483870967742,456.77472527472537,1206.0,532.5298113720952,1780.1720714758437,1483.8762687693986
1,6,1996,259460.0,231402000,0.0,0.0,891.860016958298,1625.4222222222222,929.4653846153847,-733.4222222222222,631.0,549.173014632001,891.860016958298,-361.5824175824176
5,5,2022,58318.95,20,0.0,0.0,0.0003429417024826407,536.2277777777778,598.7192307692308,-369.22777777777776,573.6666666666666,853.0898741242539,0.0003429417024826407,-361.5824175824176
8,4,1996,29150.0,16322000,-0.6541074737492278,-0.9777010586600688,559.9313893653516,549.7857142857143,1501.899613899614,10.214285714285666,1127.3333333333333,533.5394393419602,559.9313893653516,8.582477181876369
8,3,2007,58318.95,0,-1.0,-1.0,0.0,549.7857142857143,382.8538461538462,-549.7857142857143,715.6666666666666,625.3849481186235,0.0,-551.7857142857143
1,5,2017,1137844.18,1932857365,0.0,0.0,1698.7012799942434,1625.4222222222222,598.7192307692308,73.57777777777778,1045.6666666666667,914.928594663722,1698.7012799942434,-361.5824175824176
6,4,2000,368030.0,513295000,0.3452266152362584,12.893866392377653,1394.7096704073037,1817.2122905027934,1501.899613899614,-422.2122905027934,1219.6666666666667,179.11262750943385,1394.7096704073037,-408.9731974951795
9,4,2001,134360.0,171080000,0.24803921568627452,29.008770391159445,1273.295623697529,1323.2252747252746,1501.899613899614,-50.22527472527463,1035.6666666666667,229.90070320321627,1273.295623697529,-20.96846511842891
6,0,2019,386569.22,932507644,0.19228868017795353,0.9355890560711662,2412.2656325301846,1817.2122905027934,726.1538461538462,594.7877094972066,1478.3333333333333,1294.9642208699559,2412.2656325301846,595.9155872334558
4,2,2002,48.38,53555,-0.027240773286467457,-0.9896047030881534,1106.9656883009507,462.8839779005525,702.5423076923076,644.1160220994475,1131.6666666666667,22.18858565418894,1106.9656883009507,643.0991766230728
6,0,2002,367426.19,477339538,0.14047410008779626,0.5263717085479713,1299.1440212794848,1817.2122905027934,726.1538461538462,-518.2122905027934,1061.6666666666667,284.00938951614444,1299.1440212794848,-517.5454446941576
8,6,2007,7965.66,3552099,-0.7471655328798186,-0.9975112918115748,445.92651456376495,549.7857142857143,929.4653846153847,-103.78571428571433,1268.0,716.9295641832614,445.92651456376495,-105.53039111040573
4,0,1999,58318.95,0,-1.0,-1.0,0.0,462.8839779005525,726.1538461538462,-462.8839779005525,307.6666666666667,532.8942984620247,0.0,-464.8839779005525
1,2,2008,196114.7,265635882,0.0,0.0,1354.4924577300935,1625.4222222222222,702.5423076923076,-271.4222222222222,897.3333333333334,777.1546392664287,1354.4924577300935,-361.5824175824176
3,5,2007,58318.95,0,0.0,0.0,0.0,361.5824175824176,598.7192307692308,-361.5824175824176,0.0,0.0,0.0,-361.5824175824176
9,2,2014,82129.65,156317271,0.0,0.0,1903.2988817071546,1323.2252747252746,702.5423076923076,579.7747252747254,634.3333333333334,1098.6975622678572,1903.2988817071546,-361.5824175824176
2,0,1998,58318.95,0,-1.0,-1.0,0.0,1148.8333333333333,726.1538461538462,-1148.8333333333333,580.3333333333334,701.5699062341067,0.0,-1150.8333333333333
0,0,2016,58318.95,0,-1.0,-1.0,0.0,425.4088397790055,726.1538461538462,-425.4088397790055,527.0,912.7907755887978,0.0,-427.4088397790055
1,0,2014,373016.41,588766645,0.0,0.0,1578.393414380885,1625.4222222222222,726.1538461538462,-47.42222222222222,1079.0,935.3186622750558,1578.393414380885,-361.5824175824176
0,3,2000,58318.95,0,0.0,0.0,0.0,425.4088397790055,382.8538461538462,-425.4088397790055,0.0,0.0,0.0,-425.4088397790055
7,5,2017,246099.24,341254766,0.11764705882352944,10.255686507798293,1386.655098975519,1491.7666666666667,598.7192307692308,-104.76666666666665,876.0,762.1423751504705,1386.655098975519,-94.39333310004483
8,6,2020,58318.95,0,-1.0,-1.0,0.0,549.7857142857143,929.4653846153847,-549.7857142857143,1944.0,1696.109666265718,0.0,-551.7857142857143
6,4,2015,719399.7,1814671697,0.1840375586854459,0.2992895496083472,2522.4804750405096,1817.2122905027934,1501.899613899614,704.7877094972066,1550.6666666666667,1357.1445513773872,2522.4804750405096,705.2710366055004
8,2,1997,58318.95,0,-1.0,-1.0,0.0,549.7857142857143,702.5423076923076,-549.7857142857143,656.6666666666666,576.0836166159677,0.0,-551.7857142857143
1,5,2007,939487.63,972006442,0.7307692307692308,651.3555058909594,1034.6133477031517,1625.4222222222222,598.7192307692308,-590.4222222222222,870.6666666666666,237.79052406127025,1034.6133477031517,61.66405289950649
8,5,2006,8.78,0,-1.0,-1.0,0.0,549.7857142857143,598.7192307692308,-549.7857142857143,664.0,576.5006504766498,0.0,-551.7857142857143
1,0,2012,303760.05,431557873,0.0,0.0,1420.7196535554956,1625.4222222222222,726.1538461538462,-204.42222222222222,1023.3333333333334,893.5347409772788,1420.7196535554956,-361.5824175824176
5,5,2007,58318.95,0,0.0,0.0,0.0,536.2277777777778,598.7192307692308,-536.2277777777778,260.0,450.33320996790815,0.0,-536.2277777777778
6,6,2011,815975.59,1583211946,0.17291414752116085,0.9193697474508535,1940.2687597554236,1817.2122905027934,929.4653846153847,122.7877094972066,1198.0,1047.3070227970409,1940.2687597554236,123.87999339217862
5,0,2014,58318.95,0,0.0,0.0,0.0,536.2277777777778,726.1538461538462,-536.2277777777778,574.6666666666666,995.3518640829147,0.0,-536.2277777777778
5,2,2017,58318.95,0,0.0,0.0,0.0,536.2277777777778,702.5423076923076,-536.2277777777778,519.0,898.9343691282459,0.0,-536.2277777777778
0,1,2019,4308.23,13800912,0.24873294346978558,-0.9205003781080505,3203.3832919783767,425.4088397790055,2015.483870967742,2777.5911602209944,2612.6666666666665,568.002053986895,3203.3832919783767,2776.919392786356
9,3,1999,460.0,0,0.0,0.0,0.0,1323.2252747252746,382.8538461538462,-1323.2252747252746,0.0,0.0,0.0,-1323.2252747252746
8,4,2014,30627.74,87994464,0.1492,-0.49405459789877204,2873.0315720324124,549.7857142857143,1501.899613899614,2323.214285714286,2468.0,421.91112808267485,2873.0315720324124,2322.869431116387
4,2,1996,58318.95,0,0.0,0.0,0.0,462.8839779005525,702.5423076923076,-462.8839779005525,367.0,635.6626463777778,0.0,-462.8839779005525
0,3,2014,58318.95,0,0.0,0.0,0.0,425.4088397790055,382.8538461538462,-425.4088397790055,0.0,0.0,0.0,-425.4088397790055
9,5,1999,140830.0,113008000,0.0,0.0,802.4426613647661,1323.2252747252746,598.7192307692308,-521.2252747252746,267.3333333333333,463.03491589007984,802.4426613647661,-361.5824175824176
0,2,2012,58318.95,0,-1.0,-1.0,0.0,425.4088397790055,702.5423076923076,-425.4088397790055,581.6666666666666,1007.4762197358965,0.0,-427.4088397790055
7,5,2012,257794.7,293766954,0.15853658536585358,11.64837752963177,1139.5383768556917,1491.7666666666667,598.7192307692308,-351.76666666666665,708.0,618.0873724644442,1139.5383768556917,-339.95975255166906
1,0,2009,347719.9,486149800,0.0,0.0,1398.1074997433277,1625.4222222222222,726.1538461538462,-227.42222222222222,971.3333333333334,843.2658734547088,1398.1074997433277,-361.5824175824176
1,6,2011,498748.68,824860321,0.0,0.0,1653.8596573328275,1625.4222222222222,929.4653846153847,28.577777777777783,1192.0,1040.9630156734684,1653.8596573328275,-361.5824175824176
6,6,2006,816572.28,1317706079,0.14630681818181812,1.1691035160065848,1613.7041524358383,1817.2122905027934,929.4653846153847,-203.2122905027934,1171.0,597.8369342889422,1613.7041524358383,-201.89688016860498
9,1,2018,62161.78,159056125,0.2302884615384615,317.6673685560246,2558.744698108709,1323.2252747252746,2015.483870967742,1235.7747252747254,2337.3333333333335,241.4836088295283,2558.744698108709,1553.6723822922884
9,5,2020,166718.86,279081158,0.0,0.0,1673.962729831526,1323.2252747252746,598.7192307692308,350.77472527472537,558.0,966.4843506234341,1673.962729831526,-361.5824175824176
5,0,1996,58318.95,0,0.0,0.0,0.0,536.2277777777778,726.1538461538462,-536.2277777777778,383.3333333333333,663.9528095680697,0.0,-536.2277777777778
9,2,2000,57210.0,58095000,0.0,0.0,1015.4693235448348,1323.2252747252746,702.5423076923076,-308.22527472527463,338.3333333333333,586.01052322747,1015.4693235448348,-361.5824175824176
3,0,2008,58318.95,0,-1.0,-1.0,0.0,361.5824175824176,726.1538461538462,-361.5824175824176,262.3333333333333,454.3746618522356,0.0,-363.5824175824176
5,4,2009,58318.95,0,0.0,0.0,0.0,536.2277777777778,1501.899613899614,-536.2277777777778,518.6666666666666,898.3570188590577,0.0,-536.2277777777778
4,2,2017,58318.95,0,-1.0,-1.0,0.0,462.8839779005525,702.5423076923076,-462.8839779005525,1130.3333333333333,988.6467181624242,0.0,-464.8839779005525
4,5,1997,58318.95,0,-1.0,-1.0,0.0,462.8839779005525,598.7192307692308,-462.8839779005525,544.3333333333334,525.1821906094431,0.0,-464.8839779005525
7,5,2014,259507.5,327506015,0.230019493177388,11.264835094175538,1262.0290935714768,1491.7666666666667,598.7192307692308,-229.76666666666665,762.6666666666666,670.9465949934719,1262.0290935714768,-218.27181207931372
4,5,2013,58318.95,0,-1.0,-1.0,0.0,462.8839779005525,598.7192307692308,-462.8839779005525,753.3333333333334,662.119576310302,0.0,-464.8839779005525
3,1,2015,371.07,747454,-0.04685281590156176,-0.727920034508051,2014.3207481068262,361.5824175824176,2015.483870967742,1652.4175824175825,2097.6666666666665,77.15136637372899,2014.3207481068262,1651.642809567173
6,3,2009,21899.1,33696832,0.38274932614555257,3.09926606506816,1538.7313633893632,1817.2122905027934,382.8538461538462,-278.2122905027934,884.0,794.6452038488623,1538.7313633893632,-274.73027511157966
5,1,2000,1420.0,1627000,-0.4326732673267327,-0.8873346721141195,1145.774647887324,536.2277777777778,2015.483870967742,609.7722222222222,1596.3333333333333,437.6097957465452,1145.774647887324,608.4522142827814
8,5,2015,58318.95,0,-1.0,-1.0,0.0,549.7857142857143,598.7192307692308,-549.7857142857143,1070.6666666666667,927.5097483764434,0.0,-551.7857142857143
8,0,2017,58318.95,0,-1.0,-1.0,0.0,549.7857142857143,726.1538461538462,-549.7857142857143,1428.3333333333333,1264.7269797601905,0.0,-551.7857142857143
0,3,1999,58318.95,0,0.0,0.0,0.0,425.4088397790055,382.8538461538462,-425.4088397790055,0.0,0.0,0.0,-425.4088397790055
8,0,2014,58318.95,0,-1.0,-1.0,0.0,549.7857142857143,726.1538461538462,-549.7857142857143,1250.3333333333333,1122.9453830589148,0.0,-551.7857142857143
1,2,2009,195002.7,261777330,0.0,0.0,1342.429258671803,1625.4222222222222,702.5423076923076,-283.4222222222222,882.6666666666666,764.6236547042818,1342.429258671803,-361.5824175824176
4,3,2019,58318.95,0,-1.0,-1.0,0.0,462.8839779005525,382.8538461538462,-462.8839779005525,486.6666666666667,842.9313930168541,0.0,-464.8839779005525
4,3,2005,58318.95,0,-1.0,-1.0,0.0,462.8839779005525,382.8538461538462,-462.8839779005525,320.6666666666667,555.4109589604201,0.0,-464.8839779005525
2,1,2014,46098.0,146577836,0.14306254493170378,0.7508766935544522,3179.7005510000436,1148.8333333333333,2015.483870967742,2031.1666666666667,3093.6666666666665,278.71550608699755,3179.7005510000436,2032.060605905153
0,1,1996,4500.0,3636000,-0.46454605699138507,-0.946500301634713,808.0,425.4088397790055,2015.483870967742,382.5911602209945,1158.5,495.68185361176984,808.0,381.1801138623684
5,2,2009,58318.95,0,0.0,0.0,0.0,536.2277777777778,702.5423076923076,-536.2277777777778,435.3333333333333,754.0194515616504,0.0,-536.2277777777778
3,6,2012,58318.95,0,-1.0,-1.0,0.0,361.5824175824176,929.4653846153847,-361.5824175824176,386.0,668.5716117215871,0.0,-363.5824175824176
8,5,2019,58318.95,0,-1.0,-1.0,0.0,549.7857142857143,598.7192307692308,-549.7857142857143,1196.6666666666667,1036.3557947603385,0.0,-551.7857142857143
3,3,2019,58318.95,0,0.0,0.0,0.0,361.5824175824176,382.8538461538462,-361.5824175824176,0.0,0.0,0.0,-361.5824175824176
0,4,2000,4310.0,5290000,-0.03915426781519182,-0.949215187442999,1227.3781902552205,425.4088397790055,1501.899613899614,801.5911602209944,1194.6666666666667,102.4027994409002,1227.3781902552205,800.6027907657362
4,3,2010,58318.95,0,-1.0,-1.0,0.0,462.8839779005525,382.8538461538462,-462.8839779005525,482.3333333333333,835.4258395173888,0.0,-464.8839779005525
8,6,1999,58318.95,1195000,-1.0,-0.9983199255424743,20.490766723337785,549.7857142857143,929.4653846153847,-549.7857142857143,731.3333333333334,639.715822325299,20.490766723337785,-551.7840342112568
4,4,1999,58318.95,8294000,-1.0,-0.8953372452520664,142.2179240195511,462.8839779005525,1501.899613899614,-462.8839779005525,744.6666666666666,664.6934130359148,142.2179240195511,-464.77931514580456
7,2,2007,6381.05,7342450,-0.2942979767014102,-0.8003245791279854,1150.6648592316312,1491.7666666666667,702.5423076923076,-340.76666666666665,927.3333333333334,838.1887217884364,1150.6648592316312,-341.86128922249605
0,0,1996,58318.95,0,-1.0,-1.0,0.0,425.4088397790055,726.1538461538462,-425.4088397790055,467.5,661.1448404094219,0.0,-427.4088397790055
4,4,2018,1704.1,3792999,-0.1246559182068423,-0.9867035521142126,2225.807757760695,462.8839779005525,1501.899613899614,1763.1160220994475,2483.0,232.8712090405249,2225.807757760695,1762.0046626291264
2,3,2011,58318.95,0,0.0,0.0,0.0,1148.8333333333333,382.8538461538462,-1148.8333333333333,537.0,930.1112836644875,0.0,-1148.8333333333333
7,3,2010,769.24,1112835,0.0,0.0,1446.66813998232,1491.7666666666667,382.8538461538462,-44.76666666666665,482.3333333333333,835.4258395173888,1446.66813998232,-361.5824175824176
5,0,1998,58318.95,0,0.0,0.0,0.0,536.2277777777778,726.1538461538462,-536.2277777777778,337.3333333333333,584.2784724199014,0.0,-536.2277777777778
5,4,2008,5712.8,6905515,-0.27387387387387385,0.3470114862934004,1208.779407645988,536.2277777777778,1501.899613899614,672.7722222222222,1410.6666666666667,232.51738286272743,1208.779407645988,672.8453598346417
7,1,1997,163240.0,311344000,-0.06611165523996088,6.0157285141286225,1907.277628032345,1491.7666666666667,2015.483870967742,415.23333333333335,1607.3333333333333,639.5235205473944,1907.277628032345,421.182950192222
6,4,1996,452110.0,731963000,0.3458021612635078,0.28892594640473623,1618.9931653801066,1817.2122905027934,1501.899613899614,-198.2122905027934,1233.6666666666667,370.951928601717,1618.9931653801066,-197.57756239512514
3,1,2008,284.0,559681,0.1880650994575046,-0.7348947145296554,1970.7077464788733,361.5824175824176,2015.483870967742,1609.4175824175825,1881.6666666666667,194.08589163906993,1970.7077464788733,1608.8707528025104
1,1,2020,534007.8,2195880725,0.0,0.0,4112.076125105288,1625.4222222222222,2015.483870967742,2486.5777777777776,2270.6666666666665,2089.3495000438134,4112.076125105288,-361.5824175824176
6,5,1996,941160.0,837751000,0.1323155216284988,0.2087346212058907,890.1260147052574,1817.2122905027934,598.7192307692308,-927.2122905027934,789.0,99.53391381835641,890.1260147052574,-926.871240359959
9,4,2000,81570.0,104165000,0.18240740740740735,18.521176911544227,1277.0013485350007,1323.2252747252746,1501.899613899614,-46.22527472527463,1046.0,249.7418667344342,1277.0013485350007,-27.521690406322996
4,4,1997,2100.0,4251000,0.7210884353741496,-0.9676538174734823,2024.2857142857142,462.8839779005525,1501.899613899614,1561.1160220994475,1457.0,491.04276799480493,2024.2857142857142,1560.8694567173482
8,1,1999,58318.95,14237000,-1.0,-0.9896665002119395,244.12305091226781,549.7857142857143,2015.483870967742,-549.7857142857143,1230.0,1071.400952024964,244.12305091226781,-551.7753807859262
3,6,2011,58318.95,0,-1.0,-1.0,0.0,361.5824175824176,929.4653846153847,-361.5824175824176,400.6666666666667,693.9750235659291,0.0,-363.5824175824176
2,2,2008,27518.99,38743030,0.0,0.0,1407.8652595898322,1148.8333333333333,702.5423076923076,259.16666666666674,469.3333333333333,812.9091790189926,1407.8652595898322,-361.5824175824176
8,3,2000,58318.95,0,-1.0,-1.0,0.0,549.7857142857143,382.8538461538462,-549.7857142857143,651.6666666666666,580.1657809051939,0.0,-551.7857142857143
2,3,1997,58318.95,0,0.0,0.0,0.0,1148.8333333333333,382.8538461538462,-1148.8333333333333,397.6666666666667,688.7788711432236,0.0,-1148.8333333333333
7,6,1997,64340.0,125494000,0.0,0.0,1950.4818153559218,1491.7666666666667,929.4653846153847,458.23333333333335,650.0,1125.8330249197702,1950.4818153559218,-361.5824175824176
0,0,2010,58318.95,0,-1.0,-1.0,0.0,425.4088397790055,726.1538461538462,-425.4088397790055,449.6666666666667,778.8455131368053,0.0,-427.4088397790055
4,2,2001,58318.95,0,-1.0,-1.0,0.0,462.8839779005525,702.5423076923076,-462.8839779005525,502.0,510.71224774818165,0.0,-464.8839779005525
0,4,2020,58318.95,0,-1.0,-1.0,0.0,425.4088397790055,1501.899613899614,-425.4088397790055,1528.0,1507.9181012243323,0.0,-427.4088397790055
0,6,1996,58318.95,0,-1.0,-1.0,0.0,425.4088397790055,929.4653846153847,-425.4088397790055,500.5,707.8138879677341,0.0,-427.4088397790055
7,2,2010,6020.19,8998050,-0.041051956382296306,-0.7967390556686346,1494.6455178324939,1491.7666666666667,702.5423076923076,3.2333333333333485,1018.0,882.1944230156975,1494.6455178324939,2.3955423212824174
6,5,2021,1393455.62,2690467012,0.0005181347150258198,0.2833363301110561,1930.7877289985022,1817.2122905027934,598.7192307692308,113.7877094972066,1287.0,1114.5748068209687,1930.7877289985022,114.07156396203268
0,1,2022,4651.0,3604169,0.0,0.0,774.9234573210063,425.4088397790055,2015.483870967742,349.5911602209945,764.0,758.5598196582799,774.9234573210063,-361.5824175824176
9,5,1996,87880.0,60827000,0.0,0.0,692.1597633136095,1323.2252747252746,598.7192307692308,-631.2252747252746,692.0,0.0,692.1597633136095,-631.2252747252746
6,3,2015,22369.93,42990350,0.4237037037037037,6.082235134552311,1921.7918875919593,1817.2122905027934,382.8538461538462,104.7877094972066,1090.6666666666667,986.8947934472719,1921.7918875919593,111.29364833546262
2,2,2005,20230.0,23165300,0.0,0.0,1145.0963914977756,1148.8333333333333,702.5423076923076,-3.8333333333332575,813.6666666666666,708.689165525573,1145.0963914977756,-361.5824175824176
7,3,2013,504.7,401405,0.0,0.0,795.3338617000198,1491.7666666666667,382.8538461538462,-696.7666666666667,265.0,458.99346400575314,795.3338617000198,-361.5824175824176
2,6,2008,3425.7,4971410,0.0,0.0,1451.2099716846192,1148.8333333333333,929.4653846153847,302.16666666666674,483.6666666666667,837.7352405941467,1451.2099716846192,-361.5824175824176
6,3,2008,58318.95,0,-1.0,-1.0,0.0,1817.2122905027934,382.8538461538462,-1817.2122905027934,341.0,590.6293253809872,0.0,-1819.2122905027934
0,1,2008,12535.16,36059537,0.9308724832214765,-0.6173634361747915,2876.671458521471,425.4088397790055,2015.483870967742,2451.5911602209944,1828.3333333333333,927.0233725928019,2876.671458521471,2451.9046692680413
9,0,2000,77900.0,81273000,0.0,0.0,1043.2991014120666,1323.2252747252746,726.1538461538462,-280.22527472527463,347.6666666666667,602.1763307647798,1043.2991014120666,-361.5824175824176
2,6,2001,58318.95,0,-1.0,-1.0,0.0,1148.8333333333333,929.4653846153847,-1148.8333333333333,703.6666666666666,779.14718335712,0.0,-1150.8333333333333
2,5,2005,12797.0,11692600,0.0,0.0,913.6985230913496,1148.8333333333333,598.7192307692308,-234.83333333333326,647.6666666666666,563.8353778660342,913.6985230913496,-361.5824175824176
6,1,2005,791686.0,1452647800,0.05278255880665528,1.9217650049800716,1834.8787271721365,1817.2122905027934,2015.483870967742,17.787709497206606,1830.3333333333333,85.09602419227795,1834.8787271721365,19.762257060993335
7,6,2002,92351.77,135370649,0.34618916437098246,138.46003562462076,1465.8154250860596,1491.7666666666667,929.4653846153847,-25.76666666666665,1290.3333333333333,189.80604135099128,1465.8154250860596,113.03955812232508
8,0,2008,1748.27,1470734,-0.24370503597122306,0.922138651645745,841.2510653388779,549.7857142857143,726.1538461538462,291.21428571428567,1085.0,231.68297304722103,841.2510653388779,291.8927193299602
1,1,2004,258195.0,464411500,-0.33835969106289077,20.8215926924848,1798.6851023451268,1625.4222222222222,2015.483870967742,173.57777777777778,1993.3333333333333,650.6430152805248,1798.6851023451268,194.0610107791997
5,3,2007,58318.95,0,0.0,0.0,0.0,536.2277777777778,382.8538461538462,-536.2277777777778,240.33333333333334,416.2695440857203,0.0,-536.2277777777778
5,3,2021,58318.95,0,0.0,0.0,0.0,536.2277777777778,382.8538461538462,-536.2277777777778,541.3333333333334,937.6168371639527,0.0,-536.2277777777778
5,3,1998,58318.95,0,0.0,0.0,0.0,536.2277777777778,382.8538461538462,-536.2277777777778,0.0,0.0,0.0,-536.2277777777778
9,3,2020,58318.95,0,0.0,0.0,0.0,1323.2252747252746,382.8538461538462,-1323.2252747252746,0.0,0.0,0.0,-1323.2252747252746
9,3,2014,58318.95,0,0.0,0.0,0.0,1323.2252747252746,382.8538461538462,-1323.2252747252746,0.0,0.0,0.0,-1323.2252747252746
1,6,2008,426814.6,621176897,0.0,0.0,1455.3787452444224,1625.4222222222222,929.4653846153847,-170.42222222222222,958.6666666666666,830.4037170758172,1455.3787452444224,-361.5824175824176
0,5,2018,58318.95,0,-1.0,-1.0,0.0,425.4088397790055,598.7192307692308,-425.4088397790055,512.3333333333334,887.3873637444555,0.0,-427.4088397790055
1,2,2017,246666.06,557331121,0.0,0.0,2259.45604758109,1625.4222222222222,702.5423076923076,633.5777777777778,1507.3333333333333,1305.3904907472447,2259.45604758109,-361.5824175824176
1,1,2019,559981.55,2284448311,0.2738058070558851,164.52879338698776,4079.506389094426,1625.4222222222222,2015.483870967742,2454.5777777777776,3282.6666666666665,760.6354799332794,4079.506389094426,2619.380376971821
6,5,2014,1397797.42,2104084217,0.006688963210702337,0.2277322353057103,1505.28552055848,1817.2122905027934,598.7192307692308,-312.2122905027934,1000.0,866.0398374208892,1505.28552055848,-311.97786930427696
8,0,2022,58318.95,0,-1.0,-1.0,0.0,549.7857142857143,726.1538461538462,-549.7857142857143,1703.3333333333333,1505.5262645777163,0.0,-551.7857142857143
1,2,2007,176884.86,217939155,0.0,0.0,1232.0961500040196,1625.4222222222222,702.5423076923076,-393.4222222222222,836.3333333333334,724.6353105758322,1232.0961500040196,-361.5824175824176
9,5,2022,58318.95,0,0.0,0.0,0.0,1323.2252747252746,598.7192307692308,-1323.2252747252746,0.0,0.0,0.0,-1323.2252747252746
9,2,2001,65090.0,61811000,0.0,0.0,949.6235980949455,1323.2252747252746,702.5423076923076,-373.22527472527463,316.6666666666667,548.4827557301444,949.6235980949455,-361.5824175824176
0,1,2014,4723.91,17223347,0.5998244844229925,-0.8840953442650875,3645.9938906541406,425.4088397790055,2015.483870967742,3220.5911602209944,2472.0,1090.3866286781029,3645.9938906541406,3220.306889361152
9,6,2022,58318.95,0,0.0,0.0,0.0,1323.2252747252746,929.4653846153847,-1323.2252747252746,0.0,0.0,0.0,-1323.2252747252746
8,3,1999,58318.95,0,0.0,-1.0,0.0,549.7857142857143,382.8538461538462,-549.7857142857143,0.0,0.0,0.0,-550.7857142857143
3,0,2007,58318.95,0,0.0,0.0,0.0,361.5824175824176,726.1538461538462,-361.5824175824176,0.0,0.0,0.0,-361.5824175824176
1,6,2007,427719.81,681612665,0.0,0.0,1593.5962026168486,1625.4222222222222,929.4653846153847,-31.422222222222217,1024.3333333333333,888.9602540796377,1593.5962026168486,-361.5824175824176
4,1,2017,4061.5,9144938,-0.33055885850178357,-0.9915771181768726,2251.61590545365,462.8839779005525,2015.483870967742,1789.1160220994475,3151.3333333333335,814.106463144306,2251.61590545365,1787.7938861227688
3,6,2017,58318.95,0,0.0,0.0,0.0,361.5824175824176,929.4653846153847,-361.5824175824176,0.0,0.0,0.0,-361.5824175824176
9,6,2000,70570.0,72074000,0.0,0.0,1021.3121723111803,1323.2252747252746,929.4653846153847,-302.22527472527463,565.3333333333334,519.2594085169121,1021.3121723111803,-361.5824175824176
0,3,1998,58318.95,0,0.0,0.0,0.0,425.4088397790055,382.8538461538462,-425.4088397790055,0.0,0.0,0.0,-425.4088397790055
0,1,2016,2330.86,5639678,0.09900090826521346,-0.9591057874183541,2419.569600919832,425.4088397790055,2015.483870967742,1994.5911602209944,2212.0,203.18464508914013,2419.569600919832,1993.7310553418413
2,6,2013,1770.9,2946056,-0.2558139534883721,-0.6824748641490326,1663.5925235755828,1148.8333333333333,929.4653846153847,515.1666666666667,2073.6666666666665,357.31825216932003,1663.5925235755828,514.2283778490294
6,4,2012,743379.32,1626737441,0.11975435005117707,0.1359363893558938,2188.300639033112,1817.2122905027934,1501.899613899614,370.7877094972066,1380.6666666666667,1201.40306863822,2188.300639033112,371.04340023661365
2,3,2002,27.6,21381,-0.15207877461706787,-0.945933849188287,774.6739130434783,1148.8333333333333,382.8538461538462,-373.83333333333326,982.3333333333334,248.64499458732953,774.6739130434783,-374.9313459571386
6,0,2001,397640.0,513246000,0.494212962962963,1.0624547924067316,1290.7303088220501,1817.2122905027934,726.1538461538462,-526.2122905027934,718.3333333333334,657.7114362190559,1290.7303088220501,-524.6556227474236
0,4,2010,578.4,783490,-0.25013835085777536,-0.9972103766057452,1354.5816044260027,425.4088397790055,1501.899613899614,929.5911602209944,1054.0,940.3525934456707,1354.5816044260027,928.3438114935309
1,4,2000,356850.0,36944000,-0.15484922575387128,5.9837429111531195,103.52809303628976,1625.4222222222222,1501.899613899614,-588.4222222222222,1180.3333333333333,126.62279942148339,103.52809303628976,-582.5933285368229
5,3,2018,58318.95,0,0.0,0.0,0.0,536.2277777777778,382.8538461538462,-536.2277777777778,495.6666666666667,858.519850284974,0.0,-536.2277777777778
6,3,1996,36800.0,57662000,0.6922246220302375,6.795322428011356,1566.9021739130435,1817.2122905027934,382.8538461538462,-250.2122905027934,831.0,787.8077176570436,1566.9021739130435,-242.7247434527518
9,5,1998,119340.0,69977000,0.0,0.0,586.366683425507,1323.2252747252746,598.7192307692308,-737.2252747252746,195.33333333333334,338.32725774512073,586.366683425507,-361.5824175824176
5,5,1997,58318.95,0,0.0,0.0,0.0,536.2277777777778,598.7192307692308,-536.2277777777778,349.3333333333333,605.0630821107278,0.0,-536.2277777777778
8,5,2004,58318.95,0,-1.0,-1.0,0.0,549.7857142857143,598.7192307692308,-549.7857142857143,581.0,503.31600411669825,0.0,-551.7857142857143
8,3,2015,58318.95,0,-1.0,-1.0,0.0,549.7857142857143,382.8538461538462,-549.7857142857143,1090.6666666666667,986.8947934472719,0.0,-551.7857142857143
1,3,2004,8776.0,8386200,0.0,0.0,955.5834092980857,1625.4222222222222,382.8538461538462,-669.4222222222222,318.6666666666667,551.9468573452821,955.5834092980857,-361.5824175824176
2,6,2015,2033.12,0,0.0,0.0,0.0,1148.8333333333333,929.4653846153847,-1148.8333333333333,940.3333333333334,1628.7051093839352,0.0,-1148.8333333333333
3,3,2014,58318.95,0,0.0,0.0,0.0,361.5824175824176,382.8538461538462,-361.5824175824176,0.0,0.0,0.0,-361.5824175824176
4,3,2013,58318.95,0,-1.0,-1.0,0.0,462.8839779005525,382.8538461538462,-462.8839779005525,265.0,458.9934640057532,0.0,-464.8839779005525
6,6,2020,897236.5,2800964857,0.1520295202952029,0.7973567903679255,3121.768738788491,1817.2122905027934,929.4653846153847,1304.7877094972066,1944.0,1696.109666265718,3121.768738788491,1305.7370958078698
2,5,2004,11944.0,8741100,0.0,0.0,731.8402545210985,1148.8333333333333,598.7192307692308,-416.83333333333326,530.3333333333334,463.6510900810366,731.8402545210985,-361.5824175824176
5,6,2017,58318.95,0,0.0,0.0,0.0,536.2277777777778,929.4653846153847,-536.2277777777778,861.3333333333334,1491.8730955859942,0.0,-536.2277777777778
3,6,1998,58318.95,0,-1.0,-1.0,0.0,361.5824175824176,929.4653846153847,-361.5824175824176,233.33333333333334,404.1451884327384,0.0,-363.5824175824176
0,5,2011,58318.95,0,-1.0,-1.0,0.0,425.4088397790055,598.7192307692308,-425.4088397790055,421.3333333333333,729.7707402556872,0.0,-427.4088397790055
2,3,2018,58318.95,0,0.0,0.0,0.0,1148.8333333333333,382.8538461538462,-1148.8333333333333,720.0,1247.076581449592,0.0,-1148.8333333333333
9,3,2011,58318.95,0,0.0,0.0,0.0,1323.2252747252746,382.8538461538462,-1323.2252747252746,0.0,0.0,0.0,-1323.2252747252746
4,4,2008,3079.24,5126545,0.22606774668630347,-0.9631618383996289,1664.8734752731195,462.8839779005525,1501.899613899614,1202.1160220994475,1539.0,160.7202538574358,1664.8734752731195,1201.3789280077342
7,3,1998,58318.95,0,0.0,-1.0,0.0,1491.7666666666667,382.8538461538462,-1491.7666666666667,0.0,0.0,0.0,-1492.7666666666667
3,5,2015,58318.95,0,0.0,0.0,0.0,361.5824175824176,598.7192307692308,-361.5824175824176,0.0,0.0,0.0,-361.5824175824176
1,3,2006,8300.75,7401725,0.0,0.0,891.6935216697286,1625.4222222222222,382.8538461538462,-733.4222222222222,576.3333333333334,499.87631803610526,891.6935216697286,-361.5824175824176
1,5,2018,1138030.51,2039448271,0.0,0.0,1792.0857596339838,1625.4222222222222,598.7192307692308,166.57777777777778,1109.6666666666667,969.4206173448827,1792.0857596339838,-361.5824175824176
4,1,2020,58318.95,0,-1.0,-1.0,0.0,462.8839779005525,2015.483870967742,-462.8839779005525,1382.0,2393.6942160601884,0.0,-464.8839779005525
0,1,2000,6390.0,12190000,0.07191011235955047,-0.909362638669958,1907.6682316118936,425.4088397790055,2015.483870967742,1482.5911602209944,1472.0,647.4936293122887,1907.6682316118936,1481.753707694684
0,5,2014,58318.95,0,-1.0,-1.0,0.0,425.4088397790055,598.7192307692308,-425.4088397790055,443.3333333333333,767.8758580222029,0.0,-427.4088397790055
0,0,2014,58318.95,0,-1.0,-1.0,0.0,425.4088397790055,726.1538461538462,-425.4088397790055,553.0,957.8240965855894,0.0,-427.4088397790055
8,0,2015,58318.95,0,-1.0,-1.0,0.0,549.7857142857143,726.1538461538462,-549.7857142857143,1325.6666666666667,1177.911852955616,0.0,-551.7857142857143
5,4,2021,8305.19,16844948,0.6541598694942903,3.2219576058506565,2028.2435440971246,536.2277777777778,1501.899613899614,1491.7722222222224,1941.6666666666667,676.643431456575,2028.2435440971246,1495.6483396975673
4,6,2007,58318.95,0,-1.0,-1.0,0.0,462.8839779005525,929.4653846153847,-462.8839779005525,526.3333333333334,911.6360750504189,0.0,-464.8839779005525
8,5,2001,58318.95,0,-1.0,-1.0,0.0,549.7857142857143,598.7192307692308,-549.7857142857143,543.6666666666666,470.86126760791626,0.0,-551.7857142857143
9,2,2011,76065.32,124103018,0.0,0.0,1631.5321883875595,1323.2252747252746,702.5423076923076,308.77472527472537,544.0,942.2356393174688,1631.5321883875595,-361.5824175824176
0,4,2006,2265.28,1451898,-0.5981191222570532,-0.9791283090656765,640.9353369119932,425.4088397790055,1501.899613899614,215.59116022099448,959.3333333333334,550.5037087371286,640.9353369119932,214.01391278967176
1,2,2011,216959.97,336000975,0.0,0.0,1548.6772744299328,1625.4222222222222,702.5423076923076,-76.42222222222222,1060.3333333333333,919.212887928217,1548.6772744299328,-361.5824175824176
3,0,2013,58318.95,0,0.0,0.0,0.0,361.5824175824176,726.1538461538462,-361.5824175824176,0.0,0.0,0.0,-361.5824175824176
6,4,2009,677092.3,1259841300,0.10665068903535047,0.37971082480719787,1860.6640483136493,1817.2122905027934,1501.899613899614,29.787709497206606,1172.0,1018.8763418590105,1860.6640483136493,30.274071011049156
1,5,2012,1003380.97,1310280795,0.0,0.0,1305.8657022367088,1625.4222222222222,598.7192307692308,-319.4222222222222,858.3333333333334,743.5686473576826,1305.8657022367088,-361.5824175824176
7,2,2001,7520.0,3647000,-0.5249755142017629,-0.8425574166810568,484.97340425531917,1491.7666666666667,702.5423076923076,-1006.7666666666667,502.0,510.71224774818165,484.97340425531917,-1008.1341995975495
3,6,2014,58318.95,0,0.0,0.0,0.0,361.5824175824176,929.4653846153847,-361.5824175824176,0.0,0.0,0.0,-361.5824175824176
7,3,2011,301.95,288563,0.0,0.0,955.664845173042,1491.7666666666667,382.8538461538462,-535.7666666666667,318.6666666666667,551.946857345283,955.664845173042,-361.5824175824176
1,4,2022,576148.05,1529198053,4.529166666666667,1273.5855657918535,2654.175524849906,1625.4222222222222,1501.899613899614,1028.5777777777778,1044.6666666666667,1414.2366610059753,2654.175524849906,2306.692510236298
8,1,2021,53753.17,108443591,1.2043715846994534,39.395866005195714,2017.436199576695,549.7857142857143,2015.483870967742,1467.2142857142858,2002.3333333333333,1080.0746887754256,2017.436199576695,1507.814523304181
7,6,2018,127246.59,339195951,0.0831255195344971,56.40952197032102,2665.6584746200274,1491.7666666666667,929.4653846153847,1114.2333333333333,1670.6666666666667,1450.2914649591435,2665.6584746200274,1170.7259808231888
0,2,2019,58318.95,0,-1.0,-1.0,0.0,425.4088397790055,702.5423076923076,-425.4088397790055,800.3333333333334,1386.2179963242909,0.0,-427.4088397790055
0,2,2015,58318.95,0,-1.0,-1.0,0.0,425.4088397790055,702.5423076923076,-425.4088397790055,752.0,1302.502207291795,0.0,-427.4088397790055
7,4,2010,108743.79,216710190,-0.09981933152664857,0.6320875434994517,1992.8511779845085,1491.7666666666667,1501.899613899614,501.23333333333335,1987.0,230.05868816455728,1992.8511779845085,501.76560154530614
2,2,2017,29680.79,54448897,0.0,0.0,1834.4827411938832,1148.8333333333333,702.5423076923076,685.1666666666667,1369.0,1205.7367042600963,1834.4827411938832,-361.5824175824176
0,2,2009,58318.95,0,-1.0,-1.0,0.0,425.4088397790055,702.5423076923076,-425.4088397790055,435.3333333333333,754.0194515616507,0.0,-427.4088397790055
4,2,2011,58318.95,0,-1.0,-1.0,0.0,462.8839779005525,702.5423076923076,-462.8839779005525,856.3333333333334,758.9877030185223,0.0,-464.8839779005525
3,5,2017,58318.95,0,0.0,0.0,0.0,361.5824175824176,598.7192307692308,-361.5824175824176,0.0,0.0,0.0,-361.5824175824176
4,5,2019,58318.95,0,-1.0,-1.0,0.0,462.8839779005525,598.7192307692308,-462.8839779005525,979.0,847.9628529599632,0.0,-464.8839779005525
4,1,1997,2910.0,4734000,-0.14682747771368643,-0.9847949534919574,1626.8041237113403,462.8839779005525,2015.483870967742,1164.1160220994475,1858.6666666666667,211.67978961944667,1626.8041237113403,1162.9843996682418
0,1,1998,5260.0,5934000,-0.2717882504841833,-0.9377759135951345,1128.1368821292776,425.4088397790055,2015.483870967742,702.5911602209944,892.3333333333334,800.9396564868879,1128.1368821292776,701.3815960569151
2,6,2007,58318.95,0,-1.0,-1.0,0.0,1148.8333333333333,929.4653846153847,-1148.8333333333333,736.6666666666666,917.2182582860709,0.0,-1150.8333333333333
4,5,2016,58318.95,0,-1.0,-1.0,0.0,462.8839779005525,598.7192307692308,-462.8839779005525,823.6666666666666,716.9911668447066,0.0,-464.8839779005525
9,2,2019,85575.12,205423561,0.0,0.0,2400.505672676825,1323.2252747252746,702.5423076923076,1077.7747252747254,800.3333333333334,1386.2179963242909,2400.505672676825,-361.5824175824176
1,0,1997,244010.0,233731000,0.0,0.0,957.8746772673251,1625.4222222222222,726.1538461538462,-667.4222222222222,667.3333333333334,579.5250929281088,957.8746772673251,-361.5824175824176
9,1,2021,80151.64,246465394,1.1855010660980811,619.4336193854201,3074.9887837603824,1323.2252747252746,2015.483870967742,1751.7747252747254,2265.6666666666665,835.0936075275226,3074.9887837603824,2372.3938457262434
7,6,2007,123194.84,194479536,0.0,0.0,1578.6337804408042,1491.7666666666667,929.4653846153847,87.23333333333335,675.0,814.027640808345,1578.6337804408042,-361.5824175824176
3,2,2008,58318.95,0,0.0,0.0,0.0,361.5824175824176,702.5423076923076,-361.5824175824176,0.0,0.0,0.0,-361.5824175824176
4,6,2008,58318.95,0,-1.0,-1.0,0.0,462.8839779005525,929.4653846153847,-462.8839779005525,1037.6666666666667,904.817292790834,0.0,-464.8839779005525
1,3,1999,58318.95,8235000,0.0,0.0,141.2062459972273,1625.4222222222222,382.8538461538462,-1625.4222222222222,0.0,0.0,141.2062459972273,-361.5824175824176
7,2,1998,3160.0,2173000,0.0,0.0,687.6582278481013,1491.7666666666667,702.5423076923076,-803.7666666666667,229.33333333333334,397.2169852024622,687.6582278481013,-361.5824175824176
4,2,2000,58318.95,0,-1.0,-1.0,0.0,462.8839779005525,702.5423076923076,-462.8839779005525,615.3333333333334,576.5208871613701,0.0,-464.8839779005525
4,3,2022,58318.95,0,-1.0,-1.0,0.0,462.8839779005525,382.8538461538462,-462.8839779005525,486.6666666666667,842.9313930168545,0.0,-464.8839779005525
0,4,2014,58318.95,0,-1.0,-1.0,0.0,425.4088397790055,1501.899613899614,-425.4088397790055,1391.6666666666667,1287.364879641095,0.0,-427.4088397790055
3,4,2010,9115.09,8821948,-0.12556458897922318,0.30193922496526704,967.8399225899032,361.5824175824176,1501.899613899614,606.4175824175825,1350.6666666666667,546.8549472514,967.8399225899032,606.5939570535685
6,0,2017,454662.78,1093944813,0.28046833422033,0.7990468346646642,2406.0575466502887,1817.2122905027934,726.1538461538462,588.7877094972066,1428.3333333333333,1264.7269797601905,2406.0575466502887,589.8672246660916
7,3,1996,58318.95,0,0.0,0.0,0.0,1491.7666666666667,382.8538461538462,-1491.7666666666667,0.0,0.0,0.0,-1491.7666666666667
8,4,2019,41271.04,95083254,-0.19327731092436973,-0.9536893924467897,2303.873466721459,549.7857142857143,1501.899613899614,1754.2142857142858,2603.3333333333335,278.94324392845436,2303.873466721459,1753.0673190109146
6,5,1997,952670.0,952875000,0.1947431302270013,11.692138632852043,1000.2151846914461,1817.2122905027934,598.7192307692308,-817.2122905027934,612.3333333333334,536.5224443891732,1000.2151846914461,-805.3254087397144
3,0,2000,58318.95,0,0.0,0.0,0.0,361.5824175824176,726.1538461538462,-361.5824175824176,0.0,0.0,0.0,-361.5824175824176
9,4,2014,215111.82,546322532,0.5535168195718654,34.44639312626564,2539.7141449502865,1323.2252747252746,1501.899613899614,1216.7747252747254,1808.3333333333333,662.2373693271398,2539.7141449502865,1251.774635220563
9,6,2001,73320.0,68180000,0.0,0.0,929.8963447899619,1323.2252747252746,929.4653846153847,-393.22527472527463,548.3333333333334,486.886365934941,929.8963447899619,-361.5824175824176
8,0,2016,58318.95,0,-1.0,-1.0,0.0,549.7857142857143,726.1538461538462,-549.7857142857143,803.3333333333334,1237.1488727446397,0.0,-551.7857142857143
8,4,2002,20824.36,27905426,-0.07777013076393668,-0.9560949153557425,1340.037629007566,549.7857142857143,1501.899613899614,790.2142857142857,1356.3333333333333,89.62328566467863,1340.037629007566,789.180420668166
9,3,2002,404.09,315376,0.0,0.0,780.4597985597269,1323.2252747252746,382.8538461538462,-543.2252747252746,260.0,450.3332099679082,780.4597985597269,-361.5824175824176
4,5,2006,58318.95,0,-1.0,-1.0,0.0,462.8839779005525,598.7192307692308,-462.8839779005525,518.3333333333334,449.55793100926775,0.0,-464.8839779005525
8,0,2012,58318.95,0,-1.0,-1.0,0.0,549.7857142857143,726.1538461538462,-549.7857142857143,1105.0,985.7489538416966,0.0,-551.7857142857143
8,2,2021,58318.95,0,-1.0,-1.0,0.0,549.7857142857143,702.5423076923076,-549.7857142857143,1709.0,1480.2084312690563,0.0,-551.7857142857143
3,3,2013,58318.95,0,0.0,0.0,0.0,361.5824175824176,382.8538461538462,-361.5824175824176,0.0,0.0,0.0,-361.5824175824176
9,4,2002,114058.73,192349234,0.8527472527472528,28.942284246575344,1686.4051879238004,1323.2252747252746,1501.899613899614,362.77472527472537,1118.0,497.7388873696726,1686.4051879238004,392.56975677404796
7,2,2018,4485.63,7205019,-0.18929833417465924,-0.8752837719446972,1606.2446077808468,1491.7666666666667,702.5423076923076,114.23333333333335,1195.6666666666667,1052.3166506966106,1606.2446077808468,113.16875122721399
2,2,2020,17548.8,36309112,0.0,0.0,2069.0367432531,1148.8333333333333,702.5423076923076,920.1666666666667,1521.3333333333333,1334.6199209263036,2069.0367432531,-361.5824175824176
8,3,2014,58318.95,0,-1.0,-1.0,0.0,549.7857142857143,382.8538461538462,-549.7857142857143,1567.0,1711.2635682442371,0.0,-551.7857142857143
6,2,2002,49335.52,54650128,0.02687673772011112,-0.6744531221397438,1107.7237657574096,1817.2122905027934,702.5423076923076,-709.2122905027934,729.0,631.4990102921778,1107.7237657574096,-709.859866887213
4,0,2014,58318.95,0,-1.0,-1.0,0.0,462.8839779005525,726.1538461538462,-462.8839779005525,995.3333333333334,892.399760944238,0.0,-464.8839779005525
8,3,2017,58318.95,0,-1.0,-1.0,0.0,549.7857142857143,382.8538461538462,-549.7857142857143,1209.6666666666667,1095.8249556080266,0.0,-551.7857142857143
4,6,2022,58318.95,0,-1.0,-1.0,0.0,462.8839779005525,929.4653846153847,-462.8839779005525,955.6666666666666,1655.263221766659,0.0,-464.8839779005525
1,4,1996,471890.0,567886000,0.3686006825938566,48.108094085091665,1203.4287651783254,1625.4222222222222,1501.899613899614,-422.4222222222222,1293.6666666666667,466.6533331428517,1203.4287651783254,-373.9455274545367
7,5,1996,160440.0,141367000,0.4658901830282862,13.569411522209625,881.120668162553,1491.7666666666667,598.7192307692308,-610.7666666666667,494.0,450.1410889932178,881.120668162553,-596.7313649614288
7,1,2010,278927.61,539079421,-0.13240574506283664,5.728242957179034,1932.6857638797394,1491.7666666666667,2015.483870967742,441.23333333333335,1931.3333333333333,297.5035013799543,1932.6857638797394,446.82917054544953
8,1,2010,26998.54,44083170,-0.2976344086021505,-0.981043842658749,1632.7982920557927,549.7857142857143,2015.483870967742,1083.2142857142858,2070.3333333333335,380.44885771064213,1632.7982920557927,1081.9356074630248
6,0,2010,542476.08,968563214,0.3657230298393268,0.9112542682517686,1785.4487040239637,1817.2122905027934,726.1538461538462,-32.212290502793394,1030.6666666666667,924.0272362508222,1785.4487040239637,-30.935313204702297
0,5,2012,58318.95,0,-1.0,-1.0,0.0,425.4088397790055,598.7192307692308,-425.4088397790055,423.0,732.6574916016356,0.0,-427.4088397790055
9,0,2020,94845.64,176359549,0.0,0.0,1859.4375977641143,1323.2252747252746,726.1538461538462,535.7747252747254,619.6666666666666,1073.2941504235139,1859.4375977641143,-361.5824175824176
8,6,2016,58318.95,0,-1.0,-1.0,0.0,549.7857142857143,929.4653846153847,-549.7857142857143,1687.3333333333333,1489.577568753416,0.0,-551.7857142857143
4,5,1998,58318.95,0,-1.0,-1.0,0.0,462.8839779005525,598.7192307692308,-462.8839779005525,489.3333333333333,424.34577096199916,0.0,-464.8839779005525
5,0,2005,36.0,18400,0.0,0.0,511.1111111111111,536.2277777777778,726.1538461538462,-26.22777777777776,558.3333333333334,584.001997713478,511.1111111111111,-361.5824175824176
7,3,1997,58318.95,0,0.0,0.0,0.0,1491.7666666666667,382.8538461538462,-1491.7666666666667,0.0,0.0,0.0,-1491.7666666666667
5,1,2001,1080.0,960000,-0.6799856011519079,-0.9606879606879607,888.8888888888889,536.2277777777778,2015.483870967742,352.77222222222224,1782.3333333333333,948.6486880470203,888.8888888888889,351.13154866038235
9,3,1998,58318.95,0,0.0,0.0,0.0,1323.2252747252746,382.8538461538462,-1323.2252747252746,0.0,0.0,0.0,-1323.2252747252746
6,2,2010,105610.88,147175413,-0.08168642951251648,-0.41014045607471283,1393.5629832835405,1817.2122905027934,702.5423076923076,-423.2122905027934,970.6666666666666,842.9052932170569,1393.5629832835405,-423.7041173883806
7,6,2005,131485.0,196284400,0.0,0.0,1492.8273187055559,1491.7666666666667,929.4653846153847,1.2333333333333485,816.0,756.1435048983759,1492.8273187055559,-361.5824175824176
0,1,2011,58318.95,0,-1.0,-1.0,0.0,425.4088397790055,2015.483870967742,-425.4088397790055,1262.6666666666667,1198.2676384403167,0.0,-427.4088397790055
3,5,2008,58318.95,0,0.0,0.0,0.0,361.5824175824176,598.7192307692308,-361.5824175824176,0.0,0.0,0.0,-361.5824175824176
2,2,2016,32452.56,51824491,0.0,0.0,1596.930750609505,1148.8333333333333,702.5423076923076,448.16666666666674,1219.3333333333333,1081.1587919141814,1596.930750609505,-361.5824175824176
7,0,2020,89967.31,175567149,0.0,0.0,1951.4549117896267,1491.7666666666667,726.1538461538462,459.23333333333335,650.3333333333334,1126.4103751889595,1951.4549117896267,-361.5824175824176
3,1,2006,106.41,129510,-0.06456571867794003,-0.8933298850110821,1217.0848604454468,361.5824175824176,2015.483870967742,855.4175824175825,1556.0,516.1307973760128,1217.0848604454468,854.4596868138934
0,6,2007,58318.95,0,-1.0,-1.0,0.0,425.4088397790055,929.4653846153847,-425.4088397790055,493.0,853.9010481314564,0.0,-427.4088397790055
4,0,2021,58318.95,0,-1.0,-1.0,0.0,462.8839779005525,726.1538461538462,-462.8839779005525,812.0,1406.425255745928,0.0,-464.8839779005525
6,5,2020,1512041.32,2845606691,0.0010638297872340718,0.26009898635247275,1881.963576894843,1817.2122905027934,598.7192307692308,64.7877094972066,1254.0,1085.9963167525016,1881.963576894843,65.04887231334631
2,0,2019,1687.07,2637226,0.0,0.0,1563.1989188356144,1148.8333333333333,726.1538461538462,414.16666666666674,1325.0,1223.486411857524,1563.1989188356144,-361.5824175824176
3,3,2016,58318.95,0,0.0,0.0,0.0,361.5824175824176,382.8538461538462,-361.5824175824176,0.0,0.0,0.0,-361.5824175824176
8,0,2018,58318.95,0,-1.0,-1.0,0.0,549.7857142857143,726.1538461538462,-549.7857142857143,1462.0,1284.9295700543278,0.0,-551.7857142857143
1,3,2014,4662.35,6096457,0.0,0.0,1307.5931665361886,1625.4222222222222,382.8538461538462,-317.4222222222222,436.0,755.1741521000308,1307.5931665361886,-361.5824175824176
9,0,2017,95462.96,169572540,0.0,0.0,1776.3176419419635,1323.2252747252746,726.1538461538462,452.77472527472537,592.0,1025.374078080775,1776.3176419419635,-361.5824175824176
5,5,2021,58318.95,0,0.0,0.0,0.0,536.2277777777778,598.7192307692308,-536.2277777777778,532.6666666666666,922.6057301650224,0.0,-536.2277777777778
2,2,2022,23553.74,52537630,0.0,0.0,2230.543005059918,1148.8333333333333,702.5423076923076,1082.1666666666667,1613.3333333333333,1409.9128814693954,2230.543005059918,-361.5824175824176
3,1,2011,320.34,505268,-0.2130738522954092,-0.6881885526539901,1577.2866329524882,361.5824175824176,2015.483870967742,1215.4175824175825,1758.0,220.7962862006527,1577.2866329524882,1214.516320012633
1,1,1997,316250.0,530125000,0.8054054054054054,388.7977941176471,1676.2845849802372,1625.4222222222222,2015.483870967742,44.57777777777778,1526.0,543.5006899719633,1676.2845849802372,434.18097730083025
3,4,2004,6647.0,7302600,0.3789209535759097,0.8121944561629899,1098.630961335941,361.5824175824176,1501.899613899614,737.4175824175825,632.0,567.7754837961927,1098.630961335941,738.6086978273214
9,6,2012,105308.56,200169578,0.0,0.0,1900.791141764734,1323.2252747252746,929.4653846153847,577.7747252747254,1034.3333333333333,961.5270840352517,1900.791141764734,-361.5824175824176
3,4,2016,9498.11,11238573,-0.2733415233415234,-0.07929859532607697,1183.2430873089488,361.5824175824176,1501.899613899614,821.4175824175825,1461.3333333333333,242.60736454882934,1183.2430873089488,821.0649422989148
3,2,2001,58318.95,0,0.0,0.0,0.0,361.5824175824176,702.5423076923076,-361.5824175824176,0.0,0.0,0.0,-361.5824175824176
1,3,1996,7990.0,7397000,0.0,0.0,925.7822277847309,1625.4222222222222,382.8538461538462,-699.4222222222222,308.6666666666667,534.6263492695934,925.7822277847309,-361.5824175824176
9,0,2018,94725.02,169417980,0.0,0.0,1788.524087933684,1323.2252747252746,726.1538461538462,465.77472527472537,596.3333333333334,1032.8796315802401,1788.524087933684,-361.5824175824176
2,0,2009,733.69,987155,0.0,0.0,1345.466068775641,1148.8333333333333,726.1538461538462,196.16666666666674,982.6666666666666,860.7359254343534,1345.466068775641,-361.5824175824176
1,6,2017,554284.49,1319069113,0.0,0.0,2379.7691200055046,1625.4222222222222,929.4653846153847,754.5777777777778,1452.0,1273.5902009673302,2379.7691200055046,-361.5824175824176
5,4,2004,5053.0,4029700,0.0,0.0,797.48664159905,536.2277777777778,1501.899613899614,260.77222222222224,575.0,502.25391984533155,797.48664159905,-361.5824175824176
5,6,2010,246.78,444621,0.0,0.0,1801.6897641624118,536.2277777777778,929.4653846153847,1265.7722222222224,1262.3333333333333,1097.0352470788416,1801.6897641624118,-361.5824175824176
3,0,2019,58318.95,0,0.0,0.0,0.0,361.5824175824176,726.1538461538462,-361.5824175824176,0.0,0.0,0.0,-361.5824175824176
4,4,2009,58318.95,0,-1.0,-1.0,0.0,462.8839779005525,1501.899613899614,-462.8839779005525,1055.0,914.0410275255697,0.0,-464.8839779005525
1,4,2007,481218.82,789147685,2.2931726907630523,1020.9605084240925,1639.893645472968,1625.4222222222222,1501.899613899614,14.577777777777783,1250.0,651.401565856269,1639.893645472968,1037.8314588926332
3,3,2012,58318.95,0,0.0,0.0,0.0,361.5824175824176,382.8538461538462,-361.5824175824176,0.0,0.0,0.0,-361.5824175824176
1,6,2019,570742.91,1482043379,0.0,0.0,2596.691703099737,1625.4222222222222,929.4653846153847,971.5777777777778,1566.3333333333333,1378.878650691691,2596.691703099737,-361.5824175824176
7,4,2007,111469.9,122610890,-0.2686170212765957,0.3820396832438988,1099.9461738101497,1491.7666666666667,1501.899613899614,-391.76666666666665,1072.0,446.6587063967292,1099.9461738101497,-391.65324400469933
3,2,1998,58318.95,0,0.0,0.0,0.0,361.5824175824176,702.5423076923076,-361.5824175824176,0.0,0.0,0.0,-361.5824175824176
3,3,2018,58318.95,0,0.0,0.0,0.0,361.5824175824176,382.8538461538462,-361.5824175824176,0.0,0.0,0.0,-361.5824175824176
0,4,2021,2333.36,2987401,-0.5751742449385995,-0.9957374971866014,1280.300082284774,425.4088397790055,1501.899613899614,854.5911602209944,2094.3333333333335,871.1982170168448,1280.300082284774,853.0202484788692
6,4,2017,739781.8,1916601228,0.05841503267973858,0.16844595634537396,2590.765585203637,1817.2122905027934,1501.899613899614,773.7877094972066,2395.0,227.18494668440334,2590.765585203637,774.0145704862317
7,2,1997,4880.0,0,-1.0,-1.0,0.0,1491.7666666666667,702.5423076923076,-1491.7666666666667,281.6666666666667,487.8609774652337,0.0,-1493.7666666666667
8,5,1996,58318.95,0,-1.0,-1.0,0.0,549.7857142857143,598.7192307692308,-549.7857142857143,558.6666666666666,486.60593228333477,0.0,-551.7857142857143
3,2,2022,58318.95,0,0.0,0.0,0.0,361.5824175824176,702.5423076923076,-361.5824175824176,0.0,0.0,0.0,-361.5824175824176
0,2,2007,58318.95,0,-1.0,-1.0,0.0,425.4088397790055,702.5423076923076,-425.4088397790055,425.6666666666667,737.2762937551518,0.0,-427.4088397790055
8,1,2018,23792.38,57483111,-0.407552721922511,-0.9877087327874315,2416.030300457541,549.7857142857143,2015.483870967742,1866.2142857142858,3492.3333333333335,933.3414880596118,2416.030300457541,1864.8190242595758
8,2,2005,58318.95,0,-1.0,-1.0,0.0,549.7857142857143,702.5423076923076,-549.7857142857143,768.6666666666666,680.8710107893661,0.0,-551.7857142857143
0,2,2000,58318.95,0,-1.0,-1.0,0.0,425.4088397790055,702.5423076923076,-425.4088397790055,338.3333333333333,586.01052322747,0.0,-427.4088397790055
4,1,2011,6051.1,10245940,-0.2780383795309168,-0.9815901403645921,1693.2359405727884,462.8839779005525,2015.483870967742,1230.1160220994475,2237.6666666666665,499.7212556349118,1693.2359405727884,1228.8563935795519
0,2,1999,58318.95,0,0.0,-1.0,0.0,425.4088397790055,702.5423076923076,-425.4088397790055,0.0,0.0,0.0,-426.4088397790055
3,1,2016,294.22,416183,-0.14707655213984328,-0.8018441341896632,1414.5299435796342,361.5824175824176,2015.483870967742,1053.4175824175825,1675.6666666666667,269.3869583579238,1414.5299435796342,1052.468661731253
2,3,2009,58318.95,0,0.0,0.0,0.0,1148.8333333333333,382.8538461538462,-1148.8333333333333,513.0,888.5420642828342,0.0,-1148.8333333333333
6,3,2013,21889.32,37806207,0.3983805668016194,7.804026598698941,1727.1531048017937,1817.2122905027934,382.8538461538462,-90.2122905027934,987.3333333333334,889.7394749775539,1727.1531048017937,-82.00988333729283
4,6,2014,58318.95,0,-1.0,-1.0,0.0,462.8839779005525,929.4653846153847,-462.8839779005525,1466.0,1282.4305049397428,0.0,-464.8839779005525
0,2,2016,58318.95,0,-1.0,-1.0,0.0,425.4088397790055,702.5423076923076,-425.4088397790055,595.6666666666666,1031.7249310418606,0.0,-427.4088397790055
2,1,2011,43855.14,117292462,0.525085518814139,1.380893129798884,2674.543098026822,1148.8333333333333,2015.483870967742,1526.1666666666667,2342.0,510.7142057941988,2674.543098026822,1528.0726453152797
0,0,2005,59.0,20300,-0.5791411042944785,-0.9997390057791578,344.06779661016947,425.4088397790055,726.1538461538462,-82.40883977900552,386.0,409.1979960850242,344.06779661016947,-83.98771988907916
5,0,2013,58318.95,0,0.0,0.0,0.0,536.2277777777778,726.1538461538462,-536.2277777777778,534.0,924.9151312417807,0.0,-536.2277777777778
8,6,2011,4279.81,7336086,-0.11649484536082477,-0.9953663272826265,1714.1148789315412,549.7857142857143,929.4653846153847,1164.2142857142858,1769.3333333333333,150.8155606472255,1714.1148789315412,1163.1024245416422
6,3,2001,27410.0,36350000,0.3299899699097293,1.8237396100365104,1326.1583363735863,1817.2122905027934,382.8538461538462,-491.2122905027934,774.3333333333334,690.4739917863186,1326.1583363735863,-489.05856092284716
9,4,2010,155420.96,280858700,0.0,0.0,1807.0838064569928,1323.2252747252746,1501.899613899614,483.77472527472537,602.3333333333334,1043.2719364256536,1807.0838064569928,-361.5824175824176
0,2,2005,58318.95,0,-1.0,-1.0,0.0,425.4088397790055,702.5423076923076,-425.4088397790055,270.6666666666667,468.80841858197596,0.0,-427.4088397790055
3,1,1997,130.0,0,-1.0,-1.0,0.0,361.5824175824176,2015.483870967742,-361.5824175824176,904.3333333333334,828.5736740527869,0.0,-363.5824175824176
7,5,2019,236532.28,350828648,0.019944979367262805,7.118494046063786,1483.2167854637007,1491.7666666666667,598.7192307692308,-8.766666666666652,979.0,847.9628529599634,1483.2167854637007,-1.6282276412356032
9,1,2017,66451.95,169801363,0.8056537102473498,406.9968739713059,2555.2502672984015,1323.2252747252746,2015.483870967742,1231.7747252747254,1876.3333333333333,600.2710498877431,2555.2502672984015,1639.5772529562787
9,5,2010,187858.61,203999398,0.0,0.0,1085.9198734622812,1323.2252747252746,598.7192307692308,-237.22527472527463,362.0,627.0023923399336,1085.9198734622812,-361.5824175824176
9,6,2016,102847.97,176096635,0.0,0.0,1712.2033132982594,1323.2252747252746,929.4653846153847,388.77472527472537,570.6666666666666,988.4236608526406,1712.2033132982594,-361.5824175824176
5,4,2005,4649.0,2605500,0.0,0.0,560.4431060443106,536.2277777777778,1501.899613899614,24.77222222222224,540.6666666666666,530.7921752751579,560.4431060443106,-361.5824175824176
5,3,2000,58318.95,0,0.0,0.0,0.0,536.2277777777778,382.8538461538462,-536.2277777777778,0.0,0.0,0.0,-536.2277777777778
9,4,2018,254655.92,726271779,0.43460764587525147,33.76809664058583,2851.9728856097277,1323.2252747252746,1501.899613899614,1528.7747252747254,2221.6666666666665,551.9350807235652,2851.9728856097277,1562.9774295611865
3,2,2004,58318.95,0,0.0,0.0,0.0,361.5824175824176,702.5423076923076,-361.5824175824176,0.0,0.0,0.0,-361.5824175824176
8,0,2007,3316.32,950019,-0.7930535455861071,-0.9985600228095101,286.4678318135765,549.7857142857143,726.1538461538462,-263.78571428571433,1002.3333333333334,620.7353166473879,286.4678318135765,-265.57732785410997
3,5,2021,58318.95,0,0.0,0.0,0.0,361.5824175824176,598.7192307692308,-361.5824175824176,0.0,0.0,0.0,-361.5824175824176
5,4,2014,6656.98,9725698,-0.3835443037974684,0.34554581590186806,1460.9775003079476,536.2277777777778,1501.899613899614,924.7722222222222,1895.6666666666667,455.7963726636374,1460.9775003079476,924.7342237343266
8,4,2022,58318.95,14397378,-1.0,-0.9913524833005593,246.87306613030586,549.7857142857143,1501.899613899614,-549.7857142857143,1790.3333333333333,1550.794097658786,246.87306613030586,-551.7770667690149
2,0,2017,773.15,1119386,0.0,0.0,1447.8251309577702,1148.8333333333333,726.1538461538462,299.16666666666674,1284.6666666666667,1211.2874693206948,1447.8251309577702,-361.5824175824176
3,1,2012,219.02,374131,-0.33798449612403103,-0.929909348692424,1708.204730161629,361.5824175824176,2015.483870967742,1346.4175824175825,2217.6666666666665,454.28662024467883,1708.204730161629,1345.149688572766
6,3,2020,8310.97,18329366,0.435546875,3.832191151538064,2205.4424453463316,1817.2122905027934,382.8538461538462,387.7877094972066,1247.0,1130.5516352648385,2205.4424453463316,392.05544752374465
3,6,2016,58318.95,0,0.0,0.0,0.0,361.5824175824176,929.4653846153847,-361.5824175824176,0.0,0.0,0.0,-361.5824175824176
7,2,2009,6047.57,7896745,-0.21039903264812576,-0.836293608239592,1305.7715743678866,1491.7666666666667,702.5423076923076,-185.76666666666665,986.6666666666666,872.0145258728968,1305.7715743678866,-186.81335930755438
6,5,2005,918461.0,945087300,0.07748691099476446,0.16153834430813974,1028.9901258736081,1817.2122905027934,598.7192307692308,-788.2122905027934,819.3333333333334,301.3475291641422,1028.9901258736081,-787.9732652474905
9,3,2013,58318.95,0,0.0,0.0,0.0,1323.2252747252746,382.8538461538462,-1323.2252747252746,0.0,0.0,0.0,-1323.2252747252746
9,6,2014,112818.67,205033333,0.0,0.0,1817.3705912328164,1323.2252747252746,929.4653846153847,493.77472527472537,605.6666666666666,1049.045439117551,1817.3705912328164,-361.5824175824176
4,2,2012,58318.95,0,-1.0,-1.0,0.0,462.8839779005525,702.5423076923076,-462.8839779005525,816.6666666666666,707.5961654314788,0.0,-464.8839779005525
6,6,2015,875641.45,2470321041,0.26786516853932585,1.0657911168706358,2821.1558977707145,1817.2122905027934,929.4653846153847,1003.7877094972066,1682.0,1486.8244684561807,2821.1558977707145,1005.1213657826165
2,5,1998,22980.0,17380000,0.0,0.0,756.3098346388164,1148.8333333333333,598.7192307692308,-392.83333333333326,529.3333333333334,459.98840565098317,756.3098346388164,-361.5824175824176
